id,x,y,z
TEST_00001,3.9892357180698514,-1.0525852219614982,0.04600273695703596
TEST_00002,1.9280153072197437,0.6168246874171496,0.7978821399486661
TEST_00003,0.8045857046720981,-0.19161585396456718,0.1490042148425281
TEST_00004,3.5212340082309246,-1.6424821224042176,-0.9460408567370177
TEST_00005,2.3038053896747233,0.017597879392862323,-0.03949373860967159
TEST_00006,4.992458461246371,-0.7857218450615406,0.4939889947849512
TEST_00007,2.897240242703319,1.0004019722187518,0.8341306737481355
TEST_00008,1.4541228466643095,-0.4060875842824727,0.41965682839486
TEST_00009,1.446299777507782,0.4793514871541262,0.15115163201484083
TEST_00010,2.2576575570964814,-0.4069079870467186,0.1729213908573389
TEST_00011,2.328254206664562,-0.46390131194639206,0.018088076340079307
TEST_00012,4.017388857266665,1.5039702690149546,0.8954830000645518
TEST_00013,2.550454655053258,0.5824522794314623,-0.3114188340144157
TEST_00014,2.156884712167263,1.4911013149515093,-0.21145865842485428
TEST_00015,3.0023676250893474,-0.6886882154839039,0.8684827026757002
TEST_00016,3.2890201737852096,0.5130831994786262,-0.5400845085954666
TEST_00017,4.007204057859138,0.8539172024996281,1.1578408935404867
TEST_00018,3.0706158199682236,0.2601835594807863,-0.48498037185990805
TEST_00019,1.4123414426560401,0.08538670307987928,0.2900841841708124
TEST_00020,1.8768944240744114,0.06849559780466558,0.02972461425989866
TEST_00021,3.5089974607571737,-0.36984182539248467,-0.14541377551162243
TEST_00022,1.399796721442342,0.2977358161938041,-0.2842843689391613
TEST_00023,2.1417116301221846,0.4003341769852638,0.678166198903799
TEST_00024,3.7622693730865717,-0.5859147024125457,0.8170927819169164
TEST_00025,4.926371609212637,1.617594583459258,1.2161913334633112
TEST_00026,1.790849816617012,-0.5967204289816022,-0.5089264531892836
TEST_00027,3.4473426807006597,0.18810321844255926,-0.3393305313102007
TEST_00028,3.4214133544158933,0.4866822010245323,-0.058537665551841256
TEST_00029,2.178805528964162,-1.1414794610180854,1.3430677923736571
TEST_00030,3.5413701305984855,-0.19215750258249045,1.231368772606373
TEST_00031,1.3511169723489285,-0.9042032279120386,-0.10136357449442149
TEST_00032,2.50052471915406,-0.8093226845970154,-0.021294873052835464
TEST_00033,2.161060001520157,-0.5765938279252052,0.4648049214177132
TEST_00034,1.9922542117798328,-0.15077368822789192,0.3955380136000514
TEST_00035,2.063651731706977,-0.15882671253407002,-0.2138164314556122
TEST_00036,3.5271238588602545,-1.402982854394704,-0.544630949243784
TEST_00037,2.8372513271279334,-1.577819472148657,0.18143677360606195
TEST_00038,0.9640237974036932,0.39863879074949027,-0.32324443630677463
TEST_00039,5.160083569777846,0.7756772436916828,-1.1270919577583074
TEST_00040,2.3724050216341017,0.3213998908157349,-0.26039563497671486
TEST_00041,3.222112370126724,-0.41153696371609716,0.69519891700387
TEST_00042,3.3497884075402617,-1.5123631205096244,-0.5095368751810789
TEST_00043,4.09051596350944,1.6610702129757404,0.8952145567836761
TEST_00044,2.410721080226421,-0.7544602791580558,-0.2242365233079195
TEST_00045,1.5630625006210803,0.41155871286833284,-0.120054938193053
TEST_00046,4.442644395165682,-0.1878423455991745,0.6057106608572006
TEST_00047,1.4805450233254434,-0.256817837385416,-0.22589339031720163
TEST_00048,4.1495097115957735,-0.9428764539222121,0.49101671351808124
TEST_00049,2.224862214882374,0.29662527636265756,0.2945088710718155
TEST_00050,1.083619515382886,0.5473685690210461,-0.24228986154744028
TEST_00051,3.2241883064593337,-0.3613957468008548,-1.0482586947620511
TEST_00052,4.3942545893416405,0.5761034717171788,1.5050339330787659
TEST_00053,2.7882685449146627,0.0644204693992138,0.15833212531650068
TEST_00054,2.542040392285824,0.22183164872026445,0.9905852116489411
TEST_00055,1.5460806445077657,0.08779714906859398,0.36046650561632215
TEST_00056,3.3772656799022553,-0.767484224942863,-1.1115166252769828
TEST_00057,1.3384513035135268,0.20902881795084477,-0.18191001180541516
TEST_00058,3.5350575274845735,-0.6220851720335484,-0.27470020164489745
TEST_00059,3.19010235738498,-0.4497378418750763,-0.1378129103975771
TEST_00060,2.022301388950169,-0.9359336594381332,-0.6474420791725516
TEST_00061,1.93225421869874,0.015074821045875549,0.337467772141397
TEST_00062,2.177382105838701,0.039274883935689925,0.7877974631870985
TEST_00063,2.7084280952438116,-0.011579038752198218,-0.7427553795039654
TEST_00064,1.8521707794276476,-0.23733101786720753,0.54117008740139
TEST_00065,2.8590012421829702,-1.3773589558196069,-0.7435700755069256
TEST_00066,2.303724397724135,0.524671800669074,-0.3298760845261216
TEST_00067,3.6544815384141205,0.13446509032741188,0.19210455839782953
TEST_00068,3.1124429831347467,-0.20583876420772076,0.043700963986515996
TEST_00069,3.0655064962284566,-0.4237167398967743,-0.2729782065886855
TEST_00070,1.3579404604854584,0.5192543623285294,0.5232364777447656
TEST_00071,2.6823415272113085,-0.7847860444920212,0.6667910649497509
TEST_00072,2.250545788332462,1.0269723745752573,0.7766057301472128
TEST_00073,3.1232220777835846,-1.186831431425333,0.9164324425759911
TEST_00074,1.3462892616558075,0.5292003600581885,0.2215205443413332
TEST_00075,0.9284994070379734,0.32776678053706887,-0.2646412753069699
TEST_00076,3.9665534339643718,0.19492066197663546,1.0365810408325196
TEST_00077,3.349940874283999,-1.3210574622298479,-1.0866958580803274
TEST_00078,1.27275305181551,-0.46942240120744705,0.19233652320986985
TEST_00079,4.743850218966484,-1.385224312473774,1.3101488953223228
TEST_00080,1.4360665708360671,0.49154815738046165,0.4125068729493022
TEST_00081,3.6240960299159215,-1.166216418873012,1.245207746366918
TEST_00082,2.213691684343338,0.2056779246724397,0.3995734864140749
TEST_00083,2.9926957131473424,0.6499740709489882,0.5674044133306742
TEST_00084,2.6052104439406394,0.30045910008752347,-0.18799833581256867
TEST_00085,1.9726148010418416,-0.43091058220809697,0.029427871969223023
TEST_00086,2.111027806043148,1.2893110641887486,0.20169747793129086
TEST_00087,3.9144491921525746,-0.8672699333333969,0.6026241024241448
TEST_00088,5.236053310158372,-2.191080775017977,1.315102365756929
TEST_00089,3.322388217287302,-0.0005588307633399986,0.15136118911635876
TEST_00090,3.026789566947341,0.6207627845079898,0.47071485947465896
TEST_00091,1.2384515301244259,-0.3168151933296919,0.2122537616508752
TEST_00092,2.004831972586632,-0.46626995104837415,-0.5257505386394561
TEST_00093,2.449455739666343,0.4972662299215793,-0.3671696671917439
TEST_00094,1.7712382458008529,0.5757927499316334,0.2706703941793144
TEST_00095,3.844309171577811,-0.21653823541612177,-0.8691549753398895
TEST_00096,2.09549967852363,0.8208564753492474,-0.4317157676911354
TEST_00097,2.819774368687153,-0.091105827034235,0.23669835448622703
TEST_00098,4.807731836412341,-1.0751493202468156,-0.11809600862872602
TEST_00099,3.6594476154675895,0.8158267170822621,0.7273435649563074
TEST_00100,1.0380842482315302,0.29424947815513613,0.3677449410775602
TEST_00101,1.5999230882396698,-0.34319810204809903,-0.10412809589645267
TEST_00102,1.8430887489000112,0.4989867527210117,0.41856028637608883
TEST_00103,3.7197571524443624,0.08538904394054414,0.7941326643390656
TEST_00104,2.0028800243649485,0.07796984636473656,-0.26650671936672926
TEST_00105,1.2664938252660036,0.521996459127605,0.3905833628755957
TEST_00106,3.1628434990432264,-0.08206027061074972,-1.1007681248385905
TEST_00107,4.178899585568428,-0.38216589594507216,1.0715774312458037
TEST_00108,2.9984870241802932,-1.0611032586112021,-0.501261876860857
TEST_00109,1.0243342599313259,-0.17688487332063912,-0.12193763753569685
TEST_00110,2.5443521095290182,-1.6534810874871015,0.4295221979249716
TEST_00111,2.999007346637607,-0.428922173468709,-0.6452847356626987
TEST_00112,3.5232911650351286,0.48248034213340285,-0.5768011051561832
TEST_00113,3.048943686112374,-0.14828690643286704,0.4732823171238899
TEST_00114,2.8380543129185436,-0.43639335738939045,1.1879302730212808
TEST_00115,1.2111653979489803,-0.18040421044898033,0.3887438728304207
TEST_00116,3.6942277375774233,-0.851650152985692,-0.7141543626053334
TEST_00117,3.1330324662012456,0.45690675806927683,0.7415830704439879
TEST_00118,1.676382825649023,0.6107232828544974,0.49582887551802396
TEST_00119,4.85293661444372,-0.026476245400443674,-0.35974325030469895
TEST_00120,2.722435170220375,-0.9945353069516569,0.5010653828336596
TEST_00121,4.852839340965688,-1.0340387128388286,1.3173485988651514
TEST_00122,4.269703212935448,0.513105443534255,0.5591568865235932
TEST_00123,1.7099983480843008,0.934981542705059,-0.10023784657782316
TEST_00124,1.720740443943739,0.18855726019835473,-0.18534769369268417
TEST_00125,2.125471172649801,-0.7777703868242204,0.7404467611706257
TEST_00126,1.531222736293316,-0.3481267697967291,-0.3063484732570648
TEST_00127,1.9069317848721743,0.3279409107013941,0.1305438943453431
TEST_00128,3.3278071435444354,1.9610311931211948,0.5199634285649136
TEST_00129,3.548412613405466,0.45059784279310705,0.4673313553887606
TEST_00130,2.71154361120075,-0.1292308027253151,-0.010864479971289635
TEST_00131,1.5871504914627672,0.11016530672967434,0.29789722047299144
TEST_00132,4.501083568569124,0.5973826196496487,0.5955307988939286
TEST_00133,2.337822337917149,0.6365619348804354,0.4957280166742019
TEST_00134,1.4284406861965657,0.7935741262196004,0.4100524206510186
TEST_00135,2.0465169744646547,0.9343803653121591,0.3418767743438184
TEST_00136,3.3658237361007335,-0.11674541093608737,-1.0054090010962486
TEST_00137,1.8319887398654222,0.8489616148360074,-0.7220891700233221
TEST_00138,3.164276620116234,0.5569448673507433,-0.8096494983115197
TEST_00139,1.78803974059546,-0.7768727523076981,-0.5034777149073966
TEST_00140,0.8918250424134732,0.5122893652824014,0.28552347676450385
TEST_00141,1.9483427203614712,-0.5586063154869676,0.13492076531887054
TEST_00142,1.1600761345444919,-0.05477958250904083,0.22389145925545692
TEST_00143,4.201621272130847,0.1699644713816643,0.9566846091053487
TEST_00144,2.1413001079614165,-0.18520732292485237,-0.08105028844895959
TEST_00145,5.175105440123438,0.01159995198273659,-0.5508446633955241
TEST_00146,3.069180745750308,-0.2160804981424883,-1.2798598023343086
TEST_00147,2.198475625930503,-0.08652437425482273,0.7344886115903556
TEST_00148,2.800903619561672,1.0105462740358113,-0.580298647706151
TEST_00149,3.3599310171651244,1.187749696585655,0.5403620787731409
TEST_00150,4.735381351380467,1.0751155535883903,0.8030547338548675
TEST_00151,2.312820567955494,0.10111169143806188,-0.12853658391952516
TEST_00152,2.4526201683397293,0.8123943389217854,0.4199150722988248
TEST_00153,3.743075606891006,-0.37782454581731556,-0.57634759985286
TEST_00154,2.948631511735916,0.22225960727202893,-0.20916228651285174
TEST_00155,1.979435083547905,0.1820055028039217,-0.5904432975304127
TEST_00156,1.951135404845953,-0.47664833019971853,0.3997740105415033
TEST_00157,2.3914824834646584,-0.5660021671419143,0.6132342404128015
TEST_00158,2.663548306777358,-1.4287560381774902,1.0764284436779021
TEST_00159,3.844288981129408,-1.2359549209865033,2.110596672007561
TEST_00160,1.525001680873871,-0.021013389836788177,-0.07660856938174367
TEST_00161,1.1292356660705805,0.5980779173198343,0.026834047736398876
TEST_00162,1.3233082465941906,0.932117668893993,-0.07983076335205137
TEST_00163,3.7119646842136382,0.20281826570391656,0.0583363320376277
TEST_00164,2.505500390236497,0.07777212351441383,1.0411447457499503
TEST_00165,1.901857794373393,0.4574919074948877,0.504866092394352
TEST_00166,2.9392681325481833,-0.5661477191741169,-0.17553922156275809
TEST_00167,3.7841390296592117,-0.057066172874450684,0.27189283561956884
TEST_00168,5.488426320803404,0.3094319778048992,0.09691992115473748
TEST_00169,2.622645838563919,-0.4659517496587038,-0.1793391681406498
TEST_00170,0.9020353476477861,0.39620184867754576,0.2788019765434414
TEST_00171,3.4709417171323897,-0.1337943522515297,-0.0193355133728981
TEST_00172,4.974893019203782,0.7861514476864337,-0.8773076423614025
TEST_00173,1.2969403885731696,0.1763061748533249,-0.07747756948214769
TEST_00174,3.1311218456878067,1.9341182817318738,-0.18264404965269565
TEST_00175,3.4015663518213035,0.5771942982006073,0.5150985851068497
TEST_00176,0.9812751034351904,-0.6067081021933556,-0.17582489449727534
TEST_00177,1.5466289491729737,0.7602233317871689,-0.21554982278978824
TEST_00178,5.2263769962534905,0.561376022678934,-0.12828807060855626
TEST_00179,3.8295574042083027,1.428262807431221,0.12841361617881059
TEST_00180,3.1476542291293144,0.3894688634233102,0.27048810068455337
TEST_00181,2.8984518076128216,0.16484176121526956,0.02132814409493655
TEST_00182,1.475426414349608,-0.42408329112124443,-0.3195815177986622
TEST_00183,2.0695436540572048,-0.1856049936209321,0.36547315347028897
TEST_00184,3.088652296624541,-0.09718641352534294,-0.25911460073792936
TEST_00185,3.025566109931469,0.8397639623072147,-0.438325605173707
TEST_00186,2.4537899169204236,-0.10334521057313681,-0.3819536946737766
TEST_00187,3.620360892192364,-0.6507845580997467,0.3385002363806963
TEST_00188,2.5068495898976324,-0.38831108174729345,-0.004173212225928903
TEST_00189,1.4296535566989779,0.7415972460274697,0.30167038171246646
TEST_00190,3.0101064105033277,-1.876595896890521,1.148076271852076
TEST_00191,2.785445197071418,0.41486043046623466,0.34915635775607823
TEST_00192,2.357833039525859,-0.6942309992878437,1.1000390825451611
TEST_00193,2.9070019137829246,-1.1216960475856215,1.1003413935527802
TEST_00194,1.374331371612549,0.16154005413770675,0.09315517901155353
TEST_00195,2.216128613387823,0.6473190312077403,0.5327003633821905
TEST_00196,3.311130915834427,-0.27390547320747377,0.5298417478278875
TEST_00197,1.990869232127905,-0.03548762196290493,0.08616640633696318
TEST_00198,3.7205709848497808,-0.19636931479477882,0.7353112605659962
TEST_00199,3.2929592532850505,-0.5793705733853579,-1.1030260575908422
TEST_00200,4.748918324760079,0.28304830450585483,-0.1945767195711732
TEST_00201,1.8177685735763907,1.0944239935307503,-0.19461548386892677
TEST_00202,1.7817553894248008,0.4066999052058458,-0.47397997243011
TEST_00203,3.107966780214608,-0.40621772180849314,0.07307670089948178
TEST_00204,3.21708465803726,0.9904789804387093,-0.010013572872936725
TEST_00205,1.287132843505919,0.48600147840635477,0.24432406373402477
TEST_00206,4.1535417290687855,0.41641109438622,0.545961187203765
TEST_00207,3.8179484386475084,0.7546273423285633,-0.15329347214114666
TEST_00208,4.599243568230152,-0.3401059613287523,0.8266035850279033
TEST_00209,2.2345453106985094,0.6563171933829784,0.1735248982707262
TEST_00210,2.4707517890048027,-0.16594247495138645,0.20709625099175424
TEST_00211,4.086485137346417,0.2687566697813273,0.18055986516177655
TEST_00212,4.082170769429803,1.045914473686576,0.03946403365200758
TEST_00213,2.2691759980317356,0.6864953183047176,-0.23917025820567273
TEST_00214,3.072552417779684,0.0696908751090765,0.41198645757484437
TEST_00215,2.8147886615847053,0.3034871971381903,0.2783935530925989
TEST_00216,2.7910671578583717,-0.516359214283228,1.562216263185501
TEST_00217,1.504730869746685,0.17558245058739186,0.7229716751445234
TEST_00218,5.291617890806079,0.21974897284412384,-1.2245162776021958
TEST_00219,1.3947991765197516,-0.28759442517516015,-0.22296420261323452
TEST_00220,3.223932093128264,-0.20616549786818028,-0.7834265809624195
TEST_00221,2.988943622098923,0.27134884345304966,-0.10127106767702101
TEST_00222,1.3849306032357216,0.4762681762235239,0.28374648772871497
TEST_00223,3.7461156409422753,-0.40930058947384357,0.2702146380013227
TEST_00224,1.302287163424492,0.5901188147354126,0.09038013669122756
TEST_00225,4.9401974748762845,-1.7269860464465618,-0.4150955048399568
TEST_00226,3.0267171175518035,-0.2684970555728897,-1.1168266800391673
TEST_00227,4.515091959636449,0.03995294595766068,0.6165822037491798
TEST_00228,2.2650720271553992,-0.4311287844429016,0.20730125114023684
TEST_00229,3.949337467279345,1.706687045727253,-0.5696840782034993
TEST_00230,2.306053697265625,0.19443120753216744,0.580728026825022
TEST_00231,2.710022488651514,0.8046674361433983,0.11830995600652694
TEST_00232,3.4319076446477177,1.7389112457948328,0.06225301540130377
TEST_00233,3.3182355996847153,1.034675674309194,-0.8415083116023541
TEST_00234,1.964908865937233,0.6774994672729969,-0.05134857983034849
TEST_00235,1.9943005427561404,0.0611551261527664,0.20246945237481595
TEST_00236,3.4563118843240144,-1.7277473989260197,1.3459169205171466
TEST_00237,2.1000814891142845,0.9328007300965786,0.18761845906829833
TEST_00238,1.745744813378334,-0.24200851496624948,-0.6523087245173455
TEST_00239,6.314621576727986,-0.5725852033290864,-0.8476657552359104
TEST_00240,2.558116294588804,1.6270656869397164,0.5944652195109129
TEST_00241,4.710399956803352,0.870456929592371,1.3262167907643319
TEST_00242,1.3144799575130939,0.40982442632317545,-0.3926726267564893
TEST_00243,2.025184076735437,0.8323637789177298,-0.8811701406514049
TEST_00244,3.3578566582174303,0.22946923265075686,0.05497036891281605
TEST_00245,2.255398317774117,0.9647055596840381,-0.27107441068467497
TEST_00246,4.0247658055145745,-0.2683012071085572,0.1589110056924522
TEST_00247,4.487248092515163,-1.0351966686142684,0.314219240994215
TEST_00248,1.2307042276085018,0.5729976019856929,-0.10802114529836178
TEST_00249,3.7894922928185464,0.26577238705271483,-0.4459426840400696
TEST_00250,2.0489449233694077,-0.0072871417005062125,-0.006318840283751487
TEST_00251,3.671548785026312,-0.0678501259598732,-0.09238158242743462
TEST_00252,3.0743689798960685,0.22294846654105185,-0.5793145072047711
TEST_00253,2.7763627794329824,-0.309911410626173,-0.2285221210570335
TEST_00254,1.6018302597492933,-0.6572655711779595,-0.019868610055208208
TEST_00255,1.886439827713251,0.014132571673631668,0.023365450278043747
TEST_00256,1.0791869819985629,0.357715218118608,0.6342111548605859
TEST_00257,1.7947876874089241,0.15519383075475693,0.0910214330201149
TEST_00258,2.5161000193083285,0.7771354450786113,0.45368705669641496
TEST_00259,3.2543801560372114,0.29816806955337527,0.9936155485622882
TEST_00260,2.408766162748575,0.8744633570933342,0.20390465539467334
TEST_00261,1.6555431020921767,0.11850035533303022,0.44951858566388486
TEST_00262,1.0547188039209843,-0.02280477018260956,0.21929279341536762
TEST_00263,2.128483778461218,0.33736261365878584,0.6616968965865075
TEST_00264,3.4707779103052614,-0.046454886430978774,-0.41294349621915816
TEST_00265,1.2037276025881767,0.4887106616504192,0.5766016779568242
TEST_00266,2.7995383581819535,0.41038019119769337,-0.014949462506115436
TEST_00267,1.2788324649455547,0.5433768090546132,-0.3050877786799967
TEST_00268,3.2589725859832765,0.30175116984155775,-1.0244121471912861
TEST_00269,2.775592790645242,-1.3038590204458236,0.4087894238257408
TEST_00270,2.788377028580427,-0.49429172574985025,-0.43412954980540275
TEST_00271,3.0362156838233694,0.9070731555361747,0.2797211116445363
TEST_00272,2.685833766196966,0.2698225056600422,-0.29979184416627885
TEST_00273,1.7900801096321344,0.12439308229494095,-0.35717375727653505
TEST_00274,1.5691784757778644,0.7034737319722771,0.13375277911031247
TEST_00275,2.113024514585197,-0.3021659626651108,0.348181073649168
TEST_00276,3.943035032851219,-0.5094884061610698,0.6800117042396366
TEST_00277,3.325945325543761,-1.2328536746463776,0.943287584584415
TEST_00278,3.9261931357861757,-1.1211731344932319,-0.5885567983888388
TEST_00279,5.392894113859057,-1.4731756434163452,-1.0015610099408627
TEST_00280,3.1163946928870083,1.5747833461951017,-0.9145301120123267
TEST_00281,2.0797653710756303,1.5690682380355,-0.5617434537907838
TEST_00282,1.4662696680193543,-0.7161789031412601,0.8920691784664393
TEST_00283,1.319804573567629,0.5836883715866804,0.47150093180814384
TEST_00284,2.719086790598631,0.012384586129426957,0.26691901805335283
TEST_00285,1.5488726400039197,0.33757147042900326,-0.3514094987732768
TEST_00286,2.026295152207017,0.24298546141241492,0.25428517690117564
TEST_00287,2.413959573079586,-1.06849579271698,-0.5121093008108139
TEST_00288,5.4386561703161,2.327138645763397,0.6089539751195013
TEST_00289,4.349906553805985,0.3769738644786477,0.8288028729908467
TEST_00290,1.981708368203163,-0.3205549003669024,-0.00492481596466899
TEST_00291,0.9109804475023746,0.2849074447955787,-0.07269032156832517
TEST_00292,4.117240731959343,0.9854699745960236,1.8959415904806853
TEST_00293,1.6544178958230018,0.2123417633820176,0.25279235191096366
TEST_00294,1.8197598566565514,-1.1531555431628226,0.24130595766425134
TEST_00295,3.4563892835609913,-0.13606419209037443,0.5278095465924442
TEST_00296,3.010640636239767,-0.7912869909252673,-0.5793167005397082
TEST_00297,1.5929241779341698,-0.6979304997713268,-0.34505115178251267
TEST_00298,3.511065312998533,0.9444764797850251,-1.328926173152566
TEST_00299,4.3644824428257945,0.7960179116904735,-0.5857645431597829
TEST_00300,2.109596828213334,0.871267268342495,-0.572379614224434
TEST_00301,1.6626692826418876,0.18396182417702675,-0.2783447956463397
TEST_00302,1.6589043906630279,-0.07528748022305966,0.2952156996910572
TEST_00303,3.1924401240289213,0.5117925275981426,-0.03358516213598847
TEST_00304,1.8654843952219486,-0.1619954506061077,-0.45685111021137237
TEST_00305,4.012634907590389,0.6017007642514706,0.8227817347285747
TEST_00306,1.034096456939578,-0.36565041784608365,0.053881507773846385
TEST_00307,4.166964650550604,0.016934068819642066,-0.8089559057261944
TEST_00308,2.863495577726841,-0.5259871202954054,0.07160009679389
TEST_00309,3.689077924271226,-0.8132193132767678,0.610030456178844
TEST_00310,5.131465584292173,-1.3374767882057428,1.6023583689730168
TEST_00311,2.943678387485981,-0.8511648721709252,-0.07705242040222883
TEST_00312,1.2118381343699693,0.30251143748414516,-0.17647388321733476
TEST_00313,1.7498821748924256,-0.059853254491329194,0.3376859863188267
TEST_00314,2.240214990360141,0.19192913969779016,0.052408301594257356
TEST_00315,1.6476923943359554,-0.38955672001457214,-0.45029215618157387
TEST_00316,3.575740993315935,-0.3258396118360758,1.2645445663397312
TEST_00317,3.4131541233419256,1.8592481452495158,0.18312849498228356
TEST_00318,1.470951031176567,0.2596385446523428,-0.07631113657641411
TEST_00319,5.312291296750069,-0.06745655171082168,-0.38061717289161684
TEST_00320,1.2984981441552639,-0.1952521606169343,-0.16936783564689756
TEST_00321,5.354366614782572,0.537395333404243,0.6405067077910155
TEST_00322,3.9537129032645226,0.33054612830845265,-0.4766043910666704
TEST_00323,3.848754667322159,0.916060170386076,0.8120647073023319
TEST_00324,2.7124477038779258,-0.639708771715641,-0.2667525463652611
TEST_00325,0.8960962919704915,0.2056899158244729,0.25173608245289325
TEST_00326,4.798952883884251,0.4351794622559547,-0.22433367308866978
TEST_00327,2.0497887256743907,0.18037474995720387,0.1788845265537277
TEST_00328,3.3690865180559157,-0.24340337635806203,-0.3021821619677544
TEST_00329,2.914094562848568,0.44719181033086775,0.06149226468011737
TEST_00330,1.5541762832860946,0.6090542987437249,0.03204614947345853
TEST_00331,0.8143177729696035,0.1669508185160756,-0.05451755762556195
TEST_00332,2.794681213293791,0.41040659897613524,1.0713553396332265
TEST_00333,2.67781822676754,-0.7817760587706566,-0.36190117952489853
TEST_00334,1.378719012273729,0.950018627788186,-0.16759190746572614
TEST_00335,3.7016026475422383,0.12713086994969844,-0.05279372723805904
TEST_00336,2.960015692098141,-0.337966331808269,0.22296467994308472
TEST_00337,1.8108758217557668,0.24409387423539164,0.18142677438253163
TEST_00338,5.479114404780626,0.00894700237542391,-0.8501713813743591
TEST_00339,3.694435436742127,0.08945568953204155,-0.02021822017288208
TEST_00340,2.2973791871998905,0.9590766204524487,0.52288942208549
TEST_00341,3.6138977290821077,0.1446357405875325,0.06412919831728936
TEST_00342,1.8609542069483995,-0.5563056798106432,-0.776577373168528
TEST_00343,1.5862144390928745,-0.6646914526315928,-0.31531709701752664
TEST_00344,1.5337784498376845,-0.14264618434965612,-0.04519805532206595
TEST_00345,1.664736549603939,-0.10603345327335596,-0.15670633040422202
TEST_00346,2.5758675552755594,0.43163928638553617,0.5533809650902748
TEST_00347,3.8782043589885236,0.34651563334918023,-0.6932281479393244
TEST_00348,1.9785133653373719,0.5341918967924119,0.0012130376976728433
TEST_00349,2.080918761700153,-0.991048248096466,0.10354753091171104
TEST_00350,3.3641831406314373,-1.554783651084423,-0.3158331873325109
TEST_00351,2.348522031667948,-0.768470586612463,-0.5668304023230671
TEST_00352,3.389124649618864,-1.0987820092887879,1.2152294133714439
TEST_00353,3.5327165406200884,1.2026587155320645,-0.6008907140772343
TEST_00354,2.767674910376072,0.2957940070207119,-0.05672771380531788
TEST_00355,1.8992742861023917,-0.06751328808665276,0.08394064767765999
TEST_00356,2.3044623793964387,0.4666550500833988,0.11750942037916183
TEST_00357,2.8649888867241144,-0.7465936312880516,0.19040795929175616
TEST_00358,1.3795586056993008,0.11970744206172229,0.10171885523484647
TEST_00359,2.9074799910731315,1.385681070727825,0.21048439172305167
TEST_00360,3.1225811389250158,1.9589536215499639,1.3668181151584387
TEST_00361,4.648185144289017,0.25160267517882584,0.442675288156569
TEST_00362,2.5641809129345416,-0.5252671677956581,0.1731829457204342
TEST_00363,3.0035893651455043,0.10294790228134394,-1.2549736565506457
TEST_00364,3.731732654465914,-1.5116301605929137,0.10303261420840025
TEST_00365,2.9175347288330795,0.6724909641436339,0.8740792509429455
TEST_00366,5.170271829142869,-0.4385002901136279,-0.18688153453201056
TEST_00367,1.8833580690460205,-0.4623946168999076,-0.4613411078426838
TEST_00368,1.0569115493599177,0.18687818771588802,-0.32713640772497654
TEST_00369,4.315101364162922,0.42535243926203253,-0.4985066992913485
TEST_00370,1.4460292625832558,0.761384844730854,0.16716430032786728
TEST_00371,1.878178564925313,0.372818776041016,0.22384594810658692
TEST_00372,1.6528555161652565,0.4735116523760557,0.6474742673092089
TEST_00373,2.978899668524623,0.3751374160153866,0.2048558211645484
TEST_00374,1.085777306773305,-0.30990283226448295,-0.2612588149566054
TEST_00375,3.4529428732965886,0.9589706750926972,-0.23297297875785827
TEST_00376,1.0999026502336264,-0.6946176453719828,-0.129100561024189
TEST_00377,2.2284956896550656,-0.15547793331599236,0.3910547180476189
TEST_00378,1.6303279491189717,-0.6679516469464302,-0.0959392860660553
TEST_00379,1.8063693699214458,-0.9149228334864117,-0.4664398915465772
TEST_00380,2.8062227539492546,-0.6717310507663489,0.3254022580296993
TEST_00381,3.488242804347545,0.01740249111199379,0.32066231510972976
TEST_00382,2.1690505067088606,0.3224835224428177,0.4810704523289203
TEST_00383,4.041103702789187,-0.41382126213896275,-0.4112861375230551
TEST_00384,2.1608033587821422,-0.4536211597275734,-0.525751377857089
TEST_00385,3.5630396473190187,-1.4721552372956277,-0.09072741158926487
TEST_00386,3.022308948696997,-0.028915426999330522,-0.17219608226056396
TEST_00387,2.1846261829645632,0.02590132008743286,-0.0374459628392458
TEST_00388,1.667132005838871,-0.10299102247834205,0.19281149663710595
TEST_00389,2.4156628082076086,0.46463824313890933,1.441743735232681
TEST_00390,4.433167614012659,0.2830112254523039,-0.6508801603901386
TEST_00391,1.6147134873862266,-0.546139674957037,-0.05985556572753191
TEST_00392,3.066695558093071,1.597759833853364,1.53538766186738
TEST_00393,1.930876911627531,-0.17960704331684113,0.554371934007138
TEST_00394,2.877654207139671,-0.6055410397558212,0.5709281034224033
TEST_00395,1.0250341979794504,0.11301264539235831,-0.22635456982541086
TEST_00396,3.829096674252033,0.7683110969433784,0.3246808802502155
TEST_00397,3.3583530023822785,0.8243288981764019,-0.8389227009925843
TEST_00398,1.1762792061531544,-0.12221668008351325,0.28093544911700485
TEST_00399,5.7717074258872865,1.0385319497408867,0.269474339307934
TEST_00400,3.9177321484491827,-0.1310563068560362,0.23991446001285316
TEST_00401,1.8420769064854383,-1.1801790882238448,-0.18230441975770145
TEST_00402,3.722329245299522,1.2733338824896812,0.33040096542704106
TEST_00403,3.0193258420668245,-2.356875598763585,0.4057350349506512
TEST_00404,3.130716286863983,-0.24725842410108448,-0.48693018324255943
TEST_00405,2.210776965272188,1.0702120703292488,0.7283097526927628
TEST_00406,2.964686120819092,-0.35957080274003744,0.8366863651281893
TEST_00407,1.3135128290319442,0.8406757065458744,-0.13693889705574513
TEST_00408,4.532245557924986,1.4816819197807312,1.0834120915195347
TEST_00409,3.192860952649832,0.34151515782129765,0.2503936430633068
TEST_00410,1.6040980849928856,0.4488784598898888,0.40118476895692945
TEST_00411,3.596518284422636,0.24102098991310597,-0.32889834988504646
TEST_00412,2.0937985607111456,-0.44758872100162506,0.5529490137181282
TEST_00413,2.326103466163337,-0.35007793560779094,-0.09154992755174637
TEST_00414,1.731985946819067,0.41258877546095846,-0.11881885642527044
TEST_00415,3.964065664488077,1.0062476797094344,-0.5899187157708407
TEST_00416,1.6179792782743574,0.27723159079647064,-0.22030824881911276
TEST_00417,3.6209802416181414,-1.4291642010891437,1.1951285937905312
TEST_00418,1.8539815125157832,0.25253108508872985,0.23707787637375294
TEST_00419,4.009893400328159,0.41541900153434275,0.48237596467542654
TEST_00420,1.3549113260064125,0.1396654716129303,0.0514915460767895
TEST_00421,2.945204798783779,-0.4483067013837695,-1.0069046768389345
TEST_00422,1.6412282352382392,-0.10456699786479771,-0.664528377371788
TEST_00423,2.61339869398886,-0.7251273326155543,-0.8561550303297639
TEST_00424,1.1215199191086291,-0.5262969569667578,0.341097293247059
TEST_00425,2.5734204229745865,0.8228001585612297,0.2956782536786199
TEST_00426,3.105335805509448,0.2491197708723545,-0.7493704744830132
TEST_00427,2.95663364892745,-0.28542147233431786,-0.5303518190418481
TEST_00428,1.7667745105855466,0.015666403853893278,0.22159159461514652
TEST_00429,4.1516786067367795,0.0350737812936306,0.07769718547493219
TEST_00430,1.1402216793506146,0.2382945152311921,-0.32366500559930506
TEST_00431,2.192139275928259,0.4200340460062027,-0.05659866871461272
TEST_00432,2.7708970178341867,0.4592929068312645,0.5225749914712161
TEST_00433,2.6170469120446445,1.1237836509366035,-0.06437656546580792
TEST_00434,1.2324861864652634,-0.3584563303846121,0.043382735335320236
TEST_00435,1.8730771957147718,0.7562183843650818,-0.3438438436489105
TEST_00436,2.1738306135196686,0.5205739134397507,-0.023585671216130255
TEST_00437,3.0664375748758315,-1.0110563551853895,0.43594986789634826
TEST_00438,2.8044811423610745,1.560979524974346,0.052535573734037576
TEST_00439,2.469984104072809,1.4297127967834473,1.5412726345922947
TEST_00440,2.956806311405182,0.43828924288833143,0.6318231503632069
TEST_00441,2.2678022857429982,1.077097372813046,-0.9010529005176127
TEST_00442,2.7742801289091705,0.3845727169127762,-0.23777074411821364
TEST_00443,3.543205587006092,1.0083274167604446,0.07106569159936905
TEST_00444,2.6687291479849815,0.6056095018730163,0.4539416419754028
TEST_00445,2.4751364315646587,0.4445624340317249,0.6298306986175776
TEST_00446,1.915459889128089,0.448117034198761,0.030306506640642883
TEST_00447,2.509742662504792,-0.38280361368361115,-0.6027542909470797
TEST_00448,5.056906172041177,-0.3632446697701216,-0.5617109998657703
TEST_00449,4.790404360622883,0.766265586692214,0.1737986787993908
TEST_00450,3.2544410293723343,0.4295697305610999,1.0926725425070525
TEST_00451,3.287210889672995,0.109369815040946,0.33691704994153976
TEST_00452,4.263928100876778,-0.36929207942068576,-1.0927812929487228
TEST_00453,2.8794173423616884,0.06321931996119022,-0.2806118150100708
TEST_00454,2.7737312998316286,-0.3459917505688667,0.6619370906222463
TEST_00455,3.2579702703973057,0.24834068486738203,-0.42356195807373526
TEST_00456,1.951693791200161,0.43154589132094384,0.7232735241504907
TEST_00457,3.7894103453695775,1.1030658685332537,-0.6949023636330366
TEST_00458,4.396055957340181,0.06162862448680401,-0.28478052443790436
TEST_00459,4.477224435942814,1.4965437745361327,-0.996175349059105
TEST_00460,1.8816887373113633,0.47069510436844825,0.3385202754744887
TEST_00461,3.5749297537813187,0.4152246346181631,1.2253113290097712
TEST_00462,2.3439497299850247,-0.07221916534805298,0.896945104955554
TEST_00463,1.2673305003436803,0.4222907613605112,-0.19298258044135572
TEST_00464,4.007547189708471,0.6166808007762135,-0.5253879314460754
TEST_00465,2.8537512121534347,0.08509178426837921,0.050720473536014554
TEST_00466,1.3085509040914178,-0.6581454388158321,0.21500026923632623
TEST_00467,4.176983443656206,-0.12407193471431732,0.5302431484349966
TEST_00468,2.0750459792156217,0.11153629054898023,-0.028967003651320933
TEST_00469,2.3866445677844883,-0.287836015860796,-1.5242179966663123
TEST_00470,2.6916284745826835,-0.1577935610998869,-0.4132286096110344
TEST_00471,1.3199760586106777,-0.5839041400432586,0.13808632111379504
TEST_00472,1.2886719341533184,-0.712088327738136,0.5422855509013161
TEST_00473,3.047647397251904,0.8589150889703036,0.687118811994657
TEST_00474,2.805890106789708,0.38785611099767686,-0.282689005810976
TEST_00475,1.5845327722830773,0.021320319982171057,0.7105643771710396
TEST_00476,4.446773705800772,1.3584799615972043,0.5724057267862558
TEST_00477,1.7840215097737313,0.30291457119560244,0.2169911108186245
TEST_00478,1.3464684931554793,0.6934548688081503,0.5697863433147445
TEST_00479,3.6209533758050205,-0.2938884072984159,1.6307580543653368
TEST_00480,3.829741437287882,-0.5528711730880738,0.055915501650691035
TEST_00481,4.034897877575502,0.005642573054611683,1.0261474478081465
TEST_00482,2.4628940994473996,-0.3227143310775757,0.2074387012106478
TEST_00483,0.977603217524767,-0.46573295980513096,-0.15853591728040575
TEST_00484,2.1477856205112933,0.04698118179214,0.5215640686876774
TEST_00485,1.631446033633411,0.5877938537628651,0.04702135665924847
TEST_00486,1.1862214753064513,-0.4232717311109602,0.28297652606010437
TEST_00487,1.0890586534156799,-0.027470232257187366,0.36538702327847483
TEST_00488,2.302543091377646,1.1057095192726851,-0.2453450171212554
TEST_00489,3.2015860365502835,0.2855024123680592,-0.2265715245900154
TEST_00490,2.006988546802044,0.8412276505932808,0.3767265990001261
TEST_00491,3.6003796553404332,0.1889224201221466,1.1424088364077807
TEST_00492,4.205863269539118,0.8835541618068218,1.54448711096251
TEST_00493,2.533051671228528,-0.11135317289555073,0.326916977864027
TEST_00494,1.9100177711523771,1.0529171000265478,0.003061412143886089
TEST_00495,1.7790531615382432,-0.3652121723182201,-0.06014272561514378
TEST_00496,2.1816983240830896,0.7112606411969662,0.3717503339438438
TEST_00497,1.9877171991944314,-0.6748667575447559,0.04240854918241501
TEST_00498,5.373608177768767,-0.8175679164392948,1.7950711771178245
TEST_00499,4.114973711311817,0.3008537565742694,0.24381611349725724
TEST_00500,1.9678849677557946,0.6729972411954402,0.46612214706909655
TEST_00501,2.957730996480629,0.23233024207524955,1.321274193758607
TEST_00502,1.895951786556959,0.43774442790395024,0.14904322314155102
TEST_00503,1.791233147992611,0.3524807038895488,0.056262482303321364
TEST_00504,1.98064562033391,0.0946171696498394,-0.4977494071207047
TEST_00505,3.5425220597691536,1.5464719563857316,-0.2487506012687683
TEST_00506,1.8951390165286064,0.3224917810974121,0.4812502355296612
TEST_00507,1.3860506126544476,-0.0040941804089546195,-0.2511819064645767
TEST_00508,2.2700406528635027,-0.984499560860157,0.37791632862363755
TEST_00509,1.3165378049043417,-0.4323230854302645,0.6729437228978872
TEST_00510,2.027175176861763,-1.5515038532266319,0.5992519165516198
TEST_00511,2.6642940584237578,-1.0043516068439484,-0.4481853543829918
TEST_00512,2.624228612675309,1.1508843655220866,-0.5144102621186972
TEST_00513,2.540572057180971,0.6399809415767193,-0.5997954452206492
TEST_00514,1.9052476945962906,0.4980135644865632,-0.2265020477757454
TEST_00515,1.3271266769633294,0.3210252933973074,-0.10455968250578641
TEST_00516,4.026929025449991,-0.37688996943211556,1.027425972729802
TEST_00517,1.6384639853863716,-0.37679643370270727,-0.17588512570261955
TEST_00518,3.8362253962960837,0.493402699559927,-0.04598678682538867
TEST_00519,3.5931177322171926,-0.8185013810806274,-0.9634082667969466
TEST_00520,5.054210979253769,-0.5786402820444108,0.4788551779141426
TEST_00521,2.190424241722107,-0.841530026109159,-0.08582904688608646
TEST_00522,3.6251370112798957,1.3113186717818976,-0.09134052158206701
TEST_00523,2.1700773505917192,-1.3541064983585478,-0.2715181428374946
TEST_00524,3.0877898692115546,0.2939762441893779,-0.378647381532073
TEST_00525,1.5825357452175914,0.7089884515443444,-0.20650600533995778
TEST_00526,2.8030141376544235,-0.7988190836012363,-0.7541453431402445
TEST_00527,1.7798692318432332,1.0382496507242918,0.2324377941185981
TEST_00528,5.807261002836108,-0.6293058472932326,-0.6363952853050232
TEST_00529,3.473542093312066,0.23709293145895005,-0.12853911878156662
TEST_00530,2.9319629095977544,-0.06557338219085336,-0.8046458075687886
TEST_00531,3.866344019271612,-0.2710570941954851,-1.0458445254496336
TEST_00532,2.4884449664473536,-0.9514986756101846,0.2582860034430623
TEST_00533,2.681720006614029,0.2309950537941456,-0.23545554184734824
TEST_00534,1.6686545548756122,0.979513362653017,0.7520589343960732
TEST_00535,1.8888856058362722,-0.6776496014924049,-0.0806656003485918
TEST_00536,3.019080250979662,0.26130981354641913,1.6365193565225602
TEST_00537,4.023209308273792,-0.6856057330608368,-0.6336233582997322
TEST_00538,3.5135404103227854,-0.06559957001301647,-0.5718458746406138
TEST_00539,2.4113870032520293,0.9349365768831224,-0.3214016273858845
TEST_00540,1.0783358500032425,-0.04530972738599777,-0.168286572363317
TEST_00541,3.82600853367424,-0.4015261259127855,0.33704663320329786
TEST_00542,1.7718597446498872,0.7817298717570305,-0.10781527453631162
TEST_00543,1.5231591818351746,0.46978677326095103,0.16411923598954828
TEST_00544,3.727364985867381,-0.3929362716681957,-0.5494489817581176
TEST_00545,2.831606261565268,0.07853174508559704,1.5193370519035458
TEST_00546,1.1786570064656734,-0.3190817827540636,-0.1854800403817296
TEST_00547,3.1194306713334323,0.372877305804491,-0.4728060542578697
TEST_00548,2.9213771949865817,1.19039923372221,-0.3934689732761383
TEST_00549,3.2674078224948646,0.10590990652921796,-1.0456035127291678
TEST_00550,3.8808381498385667,1.2140089917430879,0.00023720815551281013
TEST_00551,2.8249572839466333,-0.30912211424303054,-0.2576482309024334
TEST_00552,2.295330335626483,-1.2556103427062035,0.4490895617980584
TEST_00553,3.1987027379333974,-0.2127871576641202,0.5677441366852521
TEST_00554,1.7398589076735973,0.17032483225989342,0.10868916037797928
TEST_00555,2.07575557885471,-0.7815287411044538,0.1257054748621285
TEST_00556,3.0240866326903104,-1.2320340692436695,0.8303877934330106
TEST_00557,2.507521103121996,-0.34127281936010717,-0.13701860715031625
TEST_00558,2.9593960509397985,-0.39923477969026566,-0.4510272512203455
TEST_00559,3.8119917074893714,-0.7259593802752495,1.4375657226573229
TEST_00560,3.4413557323961257,-0.4323751817188263,0.9755806287398339
TEST_00561,5.016748482152701,-1.9272325458663702,1.2393258180819153
TEST_00562,1.9296009011572302,-1.581875910313964,0.9789471266649813
TEST_00563,1.076114671081543,-0.9258861193836332,-0.11278420308098197
TEST_00564,1.831374597819805,-0.11686203066897392,0.22065398473782838
TEST_00565,2.173221419898033,0.23262338154757023,0.6107663095909357
TEST_00566,3.099170588158369,-0.49674153831672674,0.4637144378028214
TEST_00567,3.2662694036297797,-0.596948572196871,0.33936555773860216
TEST_00568,3.304792311854929,0.8783216785364151,-0.8333133668186664
TEST_00569,3.561377768356584,-0.09458402615725994,0.7599134347364902
TEST_00570,2.216895820529938,0.20606527161741256,0.38064671657812593
TEST_00571,3.0909191191259624,-0.39112473671740294,0.012684639348745346
TEST_00572,1.5424591980265379,0.165680577224344,-0.29993800757285954
TEST_00573,0.9613304932131768,-0.3611210670147538,-0.10108669493770599
TEST_00574,1.617058593445778,0.3000434150853157,0.5911671644024848
TEST_00575,3.14181899097991,0.15164574440089987,0.15435151519963144
TEST_00576,2.0325757397330255,0.7482717800271511,0.6286810788113028
TEST_00577,2.357625847949505,0.9981554403007031,0.3314844431552887
TEST_00578,3.8950182349900007,0.23054196912896632,0.6211520815900564
TEST_00579,2.58779917236948,0.07435470736378431,-0.1516684480379969
TEST_00580,1.669407129401207,-0.5890902736623287,0.6306283034182787
TEST_00581,2.85511040686965,0.3997808479412198,0.6762016686676741
TEST_00582,1.3720929332346916,-0.1249694758013189,-0.34638959383618834
TEST_00583,3.7291648837926985,0.05167695313632488,-0.6815325896470547
TEST_00584,4.07784961626792,-0.3100236985585689,0.08534066774566472
TEST_00585,4.493407845266223,-0.3945493191824779,-0.4753022803334594
TEST_00586,1.3476550630443096,-0.14958163175296785,-0.3369213723355532
TEST_00587,2.016187443154335,-0.05139144340443611,-0.1207460864341855
TEST_00588,2.6129551926654577,-0.7828483103111983,0.47136190746057033
TEST_00589,1.018370617837906,-0.011690821259737014,0.4523855495032966
TEST_00590,4.022076124955148,-0.7073186595919132,0.7090777340265922
TEST_00591,3.044067664867878,0.06724867223310471,-0.053048109417557714
TEST_00592,1.7885804767541886,-0.6781158066999317,-0.13814379185146095
TEST_00593,3.338048798906326,0.7845131979938745,1.1795153029699623
TEST_00594,2.384167613313675,0.42824710307870434,0.4473859051583111
TEST_00595,1.117578023965776,0.10556074371302128,-0.1705271451175213
TEST_00596,4.559717020437956,1.1373567486321776,-0.781882528617382
TEST_00597,2.8366669373168945,-0.3586034232464433,0.5686244782926441
TEST_00598,2.3111528670880794,0.11109285746181011,0.7311062325500249
TEST_00599,4.4719227240134325,-1.884511383988142,2.231834109942913
TEST_00600,2.919343818292141,1.1596209679304659,1.0548407993469238
TEST_00601,2.7679543638381956,1.1192728791604043,-0.4758420801479817
TEST_00602,1.1685680738697053,0.6239006533351541,-0.10587404195675254
TEST_00603,1.3428986302868129,0.3707535627491474,0.014665313910588623
TEST_00604,3.5067614152576922,-0.002782212563991547,0.1961309365657568
TEST_00605,1.1369270395851134,0.5536698589259982,-0.018432108476012943
TEST_00606,4.730946169503093,0.7332270966721773,0.9885501886286736
TEST_00607,1.6768945216498374,1.1980933699079455,0.5340326406293073
TEST_00608,2.0045268388832804,1.5525948120650053,0.35056481089498104
TEST_00609,2.534038552595377,0.06289262483644485,-0.5865564155169726
TEST_00610,2.0779934884462357,0.5885394573138952,-0.12899053650277853
TEST_00611,3.7422487435617446,0.025261372235417367,0.8824841562619209
TEST_00612,3.494344507673204,-0.9822787358846665,0.028850778029680252
TEST_00613,2.717672209326029,-0.04799261078095436,-0.3818753145742416
TEST_00614,1.561163558613777,-0.24230589777350425,0.3302350679602623
TEST_00615,1.1961647228354215,0.026334828689277175,-0.1472315319799781
TEST_00616,2.1119933475331067,-0.4434688504826427,-0.58175846743083
TEST_00617,2.9368401565845015,-0.2611531719583869,0.9464844577958882
TEST_00618,2.3884663574311733,0.7865552341935038,0.6361314917396009
TEST_00619,3.314615284252599,1.0638197913835048,0.8799149398151637
TEST_00620,2.22537097911787,0.028453207114070653,0.484267453624487
TEST_00621,3.0312994916114806,-0.4625390322208405,0.4302862953131199
TEST_00622,1.8773212845345735,0.18228840858381987,0.18358976128393412
TEST_00623,4.005398038838148,0.513947368940115,-0.04752902064538002
TEST_00624,3.1011118333694934,-0.09661928399187326,-0.25137049095875025
TEST_00625,2.9656905550065042,1.0244939358953238,-0.09410651027035713
TEST_00626,3.201692419472657,-0.5610071224851906,-0.8391089877614974
TEST_00627,2.719161922086239,-0.19019305587136745,0.13821625608181953
TEST_00628,2.1554320975046157,0.048041315345346926,-0.167333730509758
TEST_00629,3.978830028442744,-1.0603820654995442,-0.24469412102410198
TEST_00630,3.3820698350975515,-0.8661856899083853,-0.7594494478120803
TEST_00631,3.0581461988360883,-0.7352173911557197,-0.10421683196145295
TEST_00632,2.9720610496959092,0.5879309163701534,0.5654764063438177
TEST_00633,2.699372236439705,-0.8225901469497681,0.7713941308974922
TEST_00634,1.6721279227695465,-0.24635035754001142,0.207660842895329
TEST_00635,2.637568070754111,0.9170271423162222,0.8422597024004459
TEST_00636,1.4056695138504505,-0.49320631564688683,-0.3335947510654628
TEST_00637,3.1011343649338485,0.1533041875923872,1.022455138572216
TEST_00638,2.754673676415205,0.14414484358334542,-0.06295120724481344
TEST_00639,4.810872569328189,0.7471138210273981,-1.2026788793349266
TEST_00640,4.615485041515909,0.4583022748515606,-1.0487045464242697
TEST_00641,4.672936718776464,-2.2059662488177567,1.2077236704331338
TEST_00642,1.7041611791536808,1.0437093587896824,0.8354692639211416
TEST_00643,1.9373724970660209,1.1270651388348938,0.2914733274460435
TEST_00644,1.7047287088079452,0.35553273575282096,-0.2957082905087471
TEST_00645,1.2937947566764354,0.00914032483124733,0.02161941050684452
TEST_00646,2.410959147583902,-0.8790153130501509,0.5484625889319777
TEST_00647,2.4027756006709935,-0.7290497036643028,0.47408973456940057
TEST_00648,3.394552484307289,-0.2918632904317081,0.39925965042090417
TEST_00649,1.7414798027305602,0.680487312390685,0.2930363723354414
TEST_00650,2.2151252893681526,-0.11666305517101289,-0.15749865648794173
TEST_00651,2.101669364189267,0.6253167894218173,0.23188332127541303
TEST_00652,1.2948554618515968,-0.846106834644109,0.09005542690849304
TEST_00653,2.513258868821621,-0.5771886111539603,0.19552497977989913
TEST_00654,2.180538650388241,-0.4742672868644297,0.32132330063426495
TEST_00655,2.79785501326257,-0.319476663438797,0.023162885907173157
TEST_00656,1.4308994709369838,0.7122212158727795,0.22790747031652928
TEST_00657,2.0250534145684242,0.5393405710844994,-0.5466544954667092
TEST_00658,1.7651539545936585,1.0282187611727716,-0.5513499173895419
TEST_00659,2.725596625386,-1.6277939578888938,0.389039704546839
TEST_00660,2.8998180224627257,0.41502133803015945,-0.026972233703076838
TEST_00661,1.41204551282835,-0.6348298004099727,-0.22041625320017338
TEST_00662,1.3537595572431087,0.04737984678816795,0.08207023528027535
TEST_00663,3.206617110579014,0.5526572712146341,0.21861901866891234
TEST_00664,3.4552803946681023,-0.25376461414268614,-0.21231299039149282
TEST_00665,3.563146241359472,0.0877362562994659,0.8017593732633889
TEST_00666,2.8310989841445684,0.21464963039815427,-0.12527700491595267
TEST_00667,4.177929778739155,-0.5293748631445467,0.44290194094866514
TEST_00668,2.9063489931060076,-0.8935962938998938,0.04892406006789207
TEST_00669,2.6401342436287405,0.9430853239848316,1.1852452262690067
TEST_00670,3.033917560035765,-0.23145297390133143,-0.5907179357091784
TEST_00671,2.4100837454012036,0.24766227465689183,-0.008641291110485793
TEST_00672,2.9065293752841947,1.0001392894097567,0.963779316882372
TEST_00673,2.863547931613922,-0.7601995204429627,0.45175305467045307
TEST_00674,2.1151705498594047,-0.436368736232996,0.598517239667654
TEST_00675,1.802745449102059,-0.04819922882807255,-0.5058953111760617
TEST_00676,1.9700037937107087,0.6825126160347462,0.03579528226876259
TEST_00677,3.2075114857645484,2.11946229349792,0.5493787610892057
TEST_00678,2.2238385846452715,0.5437935967788696,0.5926503489826918
TEST_00679,5.856724160573423,0.6854209576318264,-0.7224263122737408
TEST_00680,3.0260306774908305,1.5982534604064227,0.21781240152379872
TEST_00681,3.236953585684836,-1.3844192928680779,1.0874546708416342
TEST_00682,3.6582313458778857,0.1761087342453599,0.2748289447669685
TEST_00683,2.5282840199819803,0.2661192649140358,0.9159625436136722
TEST_00684,2.3436006782217027,-0.16687796858882903,0.6374062862318755
TEST_00685,2.3525555617777707,0.6699148413547278,0.11098416700091958
TEST_00686,1.520741935219288,-0.05955597153735161,0.19026048111101984
TEST_00687,5.023348471536001,1.3346839461323023,-0.9231480400418043
TEST_00688,4.074031306973323,-2.0939518095541,1.455435707931295
TEST_00689,3.3403170894987584,0.025050671197116375,0.7070536833118201
TEST_00690,2.7301266217381954,0.4239659715446234,-0.6708498247611523
TEST_00691,2.2566786231101155,-0.05208858047580719,0.6983616704527139
TEST_00692,1.962792832973361,-0.4278202745103836,0.6060471359504461
TEST_00693,2.3126823867590427,0.5489726035988927,0.10383811536934971
TEST_00694,2.8861628473985195,1.6711556118810773,0.7950273432515264
TEST_00695,0.9469120537618398,0.5530080672717691,-0.033183544821724295
TEST_00696,2.6912374773842096,0.43040919885492324,-0.594211294804573
TEST_00697,2.4675636850779057,-0.3711682756294012,0.3899831896190643
TEST_00698,5.29118530536905,-1.6392052804945707,-0.6324547020436525
TEST_00699,1.2083439709243775,-0.022730571999460457,0.056138719039857385
TEST_00700,1.0995311181063652,0.05660077373075485,0.3779172162538767
TEST_00701,2.724439534707248,0.35611172714926304,0.25896955465006827
TEST_00702,1.4325062341981978,-0.5633442226279974,-0.2733361639535427
TEST_00703,2.2389436343152522,0.15695850909537076,-0.029932641338944438
TEST_00704,2.2206011497039797,-0.6893950200519562,-0.3777366507583261
TEST_00705,2.617997845752001,1.3544131102502346,-0.3131885273869038
TEST_00706,2.703184116131961,-0.23123673275119067,-0.10981167342591286
TEST_00707,4.407001505167961,-0.2062594928611517,-0.34068686028659345
TEST_00708,2.0978705215301514,0.13193743103806674,-0.16407470310926436
TEST_00709,4.2133764964027405,-1.7197867763438224,1.5103653874180316
TEST_00710,2.4966073327727316,-1.7058613369743825,0.7663173707990907
TEST_00711,1.4835803314259053,0.2068474662926197,0.08560650617387891
TEST_00712,2.6268078280054628,0.16260561797893047,0.9315578021506071
TEST_00713,2.247430768907547,0.824380042837061,-0.604900230522573
TEST_00714,2.9343528642858865,-0.15018274778853358,0.04657165614771843
TEST_00715,1.0651938576450348,0.06968340242767335,-0.07190180268347263
TEST_00716,2.2042075952076914,0.057219419130325314,-0.6654964748146533
TEST_00717,2.2260222266643046,0.23002098340272903,0.2811242219372988
TEST_00718,3.1293936386952996,-0.6381015555415154,0.9314535092589855
TEST_00719,3.151200174883373,-1.2654806028327943,-1.4969086592104435
TEST_00720,2.9997661329631806,2.367798188164592,0.443304940177083
TEST_00721,1.7851010468041002,-0.7130631751443147,-0.05445668807294965
TEST_00722,4.126458670036793,0.32874989970821145,0.43336616493937374
TEST_00723,2.213818507927148,-0.31123917421638964,0.7566007267180681
TEST_00724,2.0617063602137566,-0.294870748380661,-0.3552575534584522
TEST_00725,0.8457794896718264,-0.029111703236043455,-0.18714413797414303
TEST_00726,3.2439653097196817,-1.0289945250902175,-0.06238775153414905
TEST_00727,3.4484128903869986,-0.8947235942255258,-0.6043738197790086
TEST_00728,5.785927009354115,-0.4815966426217556,-0.4017118810353279
TEST_00729,3.9397130819904804,0.46263626520466805,0.43610122071045637
TEST_00730,2.877881217917919,0.6363910914971829,-0.013199859414577485
TEST_00731,2.242061231410861,0.5077513539557457,0.15214140739753843
TEST_00732,1.4385894369688035,0.10648245562767983,0.02805793064147234
TEST_00733,2.8347009585254193,0.35010926317167285,0.1357979192186594
TEST_00734,1.4363250212835073,-0.6224433873052597,-0.11246317980301379
TEST_00735,1.210513149607897,-0.017746301834106443,0.35850870469689367
TEST_00736,2.2266207029775975,0.6272882544975281,-0.313447128071785
TEST_00737,3.041258158165455,-1.4045225733699798,0.701762391774565
TEST_00738,4.873752708437562,0.8926637486865521,-1.2662959936928748
TEST_00739,4.07226572571063,1.5083155693089962,1.2764710795662404
TEST_00740,2.6072384749930797,-0.4707062531450987,-0.06658681383037568
TEST_00741,1.1930284291299582,-0.4253473987465501,0.41810180081659554
TEST_00742,1.9492726233439446,0.03776415392678976,0.6035592768013477
TEST_00743,3.639807316863537,-0.46181202373850344,0.23282115636420248
TEST_00744,2.260382186882138,-0.415282287614435,0.45881821690267327
TEST_00745,2.5997725883681775,0.37672491864657404,1.0794938587313891
TEST_00746,1.6489754526162148,0.2986992606165409,0.03202721858516335
TEST_00747,3.591751151767254,-0.5851975363582969,-0.749839487148285
TEST_00748,1.7341889276127815,0.02650946832942963,0.1111134122762531
TEST_00749,3.700345875070095,-0.31062303658533097,1.1971164711706042
TEST_00750,1.3603531581192017,0.7222505039907098,-0.3107899527835548
TEST_00751,2.8515012451195716,-0.30017684279626605,-0.32471130819010735
TEST_00752,3.406779962969422,0.2834457156883478,0.6640348114344478
TEST_00753,3.151791871903777,-1.3755220029486417,0.8450343273331523
TEST_00754,2.815623879434228,0.04851372711563111,0.4192563303759098
TEST_00755,1.8206471632173062,0.08983313368296622,-0.21224013027739524
TEST_00756,4.068260712146506,-0.8000372281298638,0.31738212067484856
TEST_00757,1.6638548485364915,0.3921078640227318,-0.09025890268015863
TEST_00758,2.5390394949860573,1.0661443144457936,-0.39767125032186507
TEST_00759,4.941667297697783,1.2264586045327186,0.10762519250684977
TEST_00760,4.7488350165308715,-0.0783967316242233,-1.4700695092864036
TEST_00761,1.007470951804757,0.021818788167238236,-0.05656812495149486
TEST_00762,2.7096509911533593,0.09601459053874015,-0.06943444266206025
TEST_00763,3.3183671663554906,0.8547428684234619,0.31225143419897555
TEST_00764,2.42595765171814,0.2541659706830978,-0.029215527634620667
TEST_00765,1.5904460635261535,0.42639462359428404,-0.008198056899130345
TEST_00766,2.1150407093002794,-0.7659620231376737,-0.3564872469391227
TEST_00767,2.880528108944416,0.8373065573639721,0.9443067149766534
TEST_00768,2.5135731066161395,0.29815444523996115,-1.1014625801342726
TEST_00769,2.10373195298481,0.844022279312253,0.037059232073605064
TEST_00770,3.38078717581892,0.3503149114830494,1.0964182127498387
TEST_00771,1.6472025969283581,-0.35722018868047,0.335960259567976
TEST_00772,1.388882633509159,-0.1920918081895113,-0.15820428035631776
TEST_00773,1.9468288300253154,-0.11663853099030255,0.24256446657503397
TEST_00774,2.171270174474001,1.2866461058157683,-0.8183871560559273
TEST_00775,4.127518841082837,1.06470365585351,-1.101182805776596
TEST_00776,2.900449563364029,0.2347783152780533,0.7675328454012871
TEST_00777,3.190378395456791,-0.8900572150404453,0.18441785642385483
TEST_00778,4.8910992011335495,0.4205588349899054,-0.3184984084196091
TEST_00779,4.7767660756866785,-1.3867994739940166,-1.4024067332541943
TEST_00780,1.9653394296007156,0.6714201542966366,0.4810980606971979
TEST_00781,3.193169085245371,-0.08408971598237754,-0.18321114711046219
TEST_00782,1.905210205660466,-0.46631794521695374,0.5002537086668014
TEST_00783,3.91868620298028,0.7890110357710123,-0.00505513105481863
TEST_00784,2.32022813040936,-0.17872239559805395,0.4677350190123748
TEST_00785,2.8125341423723698,0.4431263011447191,1.5244459273775817
TEST_00786,2.79533452367568,-0.2758589226026535,0.09336680909061432
TEST_00787,2.4895587627954483,0.66493705355227,0.8880882925879955
TEST_00788,2.2769586902070045,-0.4914885576033592,0.3831902531654835
TEST_00789,2.732032237542987,-0.9557635433753728,-1.2847078523926736
TEST_00790,4.0990587287184,0.07674824906516076,0.5874965155865103
TEST_00791,2.3826003450570106,-0.3065456079177856,0.29377707529860736
TEST_00792,2.2171355525202157,0.9871613486082553,-0.14525852815949916
TEST_00793,2.9511925325270294,0.5391621912937165,-0.05319653541016579
TEST_00794,2.487452190135002,-0.5842861804866791,0.41177114353007077
TEST_00795,1.7880606655914189,0.34461581628626586,0.4246476439184099
TEST_00796,4.59736932292521,-0.5011291298748851,0.1336430928441882
TEST_00797,2.85388102371192,-1.5013483172751665,0.9953494468078614
TEST_00798,3.3352870202087166,1.4369343524218798,1.0040786726094484
TEST_00799,3.6558937262560725,-0.640274117779851,-1.2778718787941932
TEST_00800,3.50118010840559,1.5925038541378975,0.2894298768634498
TEST_00801,3.6334485516966133,1.3956357292193473,-0.2466306999229118
TEST_00802,4.498270631046653,-1.430775158888817,-0.11795457129347325
TEST_00803,3.2330779566111265,-0.10640483100461959,0.06933240391278267
TEST_00804,2.092064505752325,-0.5320672579288482,-0.7640001009936332
TEST_00805,2.084047172832461,1.0692092891096472,-0.6322456204377562
TEST_00806,4.224500723582626,-0.20234425078105928,0.33312374751281737
TEST_00807,1.135570347016573,0.4106091622110009,0.16317597628238797
TEST_00808,5.6257273396086696,0.3711360786886066,0.147558664018631
TEST_00809,2.4224441691408156,0.6953923470734358,-0.0707358339035511
TEST_00810,1.5553189848370552,0.253527786061883,-0.22005183487695457
TEST_00811,0.7879738234950304,0.41370810290184756,-0.03313746973231435
TEST_00812,2.4858864192583563,0.569542379803896,-0.3120157611975372
TEST_00813,2.383181946263671,-0.11235108315068484,0.03932945333623886
TEST_00814,3.7073501479590685,1.6826123740539551,-0.8087673512814045
TEST_00815,2.3627159313448667,0.8872031406215429,-0.20855066574251652
TEST_00816,2.5919861807380915,-1.1377894635601045,-0.2077549667326212
TEST_00817,3.723068179177284,-1.937212156683445,1.7390545105180741
TEST_00818,5.44997441700992,0.46309851076030734,-1.1611081531714798
TEST_00819,1.664359513740897,0.5017565595200658,0.31040502855837343
TEST_00820,1.4606395045537948,0.2962035646915436,-0.021845151226475835
TEST_00821,2.661885031239629,-0.39854562215185163,0.6482644079351425
TEST_00822,2.0866213886079787,0.6684423437504768,0.1586144534022212
TEST_00823,2.39991225207293,-0.5680588643975854,-0.45773484180533885
TEST_00824,1.6755136167193652,-0.3323501261254549,-0.2588734338949919
TEST_00825,1.406717534501791,0.4967700357570648,-0.6837446325516701
TEST_00826,1.6090387815389633,0.4554280645802319,-0.31072301006257536
TEST_00827,1.1095100189033746,0.39749092307536305,0.06494653873819485
TEST_00828,2.3915038244302274,0.9287633612139226,-0.6496685412029027
TEST_00829,1.2759239021097422,-0.08558825350496173,-0.2950134643025249
TEST_00830,4.747243504409075,-1.3189565490468145,1.834343826511383
TEST_00831,2.201761871619463,-0.415278577327013,0.16441090257371216
TEST_00832,1.4405591545188428,0.6203913111902774,0.28565651591088437
TEST_00833,3.204110968644195,-0.9530314429528117,1.5040297489085197
TEST_00834,2.0569950582175403,0.15115464347881077,0.23184608988494426
TEST_00835,1.9077329718549252,0.6801051373540163,0.11051892573213577
TEST_00836,1.4126957469525336,-0.9183040823899508,0.0030290660807490346
TEST_00837,1.369474958949089,-0.1821228761136532,0.0019194823560714728
TEST_00838,2.4132913470590114,-0.3428465182953477,-0.1529327510778308
TEST_00839,5.789207697370291,0.44657409635806083,-0.07543490709483623
TEST_00840,1.4989787664341927,-0.08212382024121284,-0.24402849927067755
TEST_00841,3.993924885999352,1.4965790139807462,1.4679186585140824
TEST_00842,3.0624280443103538,0.5718770482141972,1.5546712654172181
TEST_00843,2.4355178511544464,0.6825176395711898,0.05759338091707229
TEST_00844,3.4898434326586725,0.31456307891435176,0.7049308722476959
TEST_00845,2.5087826854357718,0.1383470550415516,-0.04747512101650238
TEST_00846,4.605504797171712,-0.40776403048038484,0.7767322320284843
TEST_00847,3.6580774890706538,0.34808633176213505,0.1360892487952709
TEST_00848,3.87496238299489,1.0676815883886814,0.001703642898440362
TEST_00849,3.5776306422916653,-0.07997260774672031,-0.05370791782402992
TEST_00850,3.107880453227162,-0.3184246693367958,-0.3123922805058956
TEST_00851,4.2621494148540195,0.1374205795583725,-0.13821280021207036
TEST_00852,3.2224905341907144,-0.703504753199935,0.4854566180098653
TEST_00853,1.652552267062664,-0.692253207863599,-0.1548718859165311
TEST_00854,3.1143100169216393,1.3387253693511485,-1.0871127513842582
TEST_00855,1.0757319406237602,0.08670903208088875,-0.2715811927732825
TEST_00856,3.269042124137521,-0.228497890708372,1.4976134796304703
TEST_00857,3.7444017527756692,-1.949771767775774,0.32365427182209494
TEST_00858,4.2722590962398055,-0.16457306640553473,-0.5668004176647663
TEST_00859,1.2961378006994724,0.28390822978162766,-0.39269829434216397
TEST_00860,2.1579659367510677,0.30500547798609734,-0.13732033706140517
TEST_00861,3.3574237080005407,0.028046658669948578,0.2358424085171223
TEST_00862,1.5902441072499751,0.28785508844841273,-0.1807692340371609
TEST_00863,3.4628650944693087,-0.006308195401430131,1.026901245480895
TEST_00864,4.0619169416667225,0.13275273330801723,0.8416126331660747
TEST_00865,4.905444805946231,0.3434032704063058,0.13007884572958944
TEST_00866,1.392768449044466,0.4494782123454809,-0.04551421367013454
TEST_00867,1.8395754960399866,0.4923706328180432,0.18346875649432837
TEST_00868,2.434637276882291,-0.7704344640336037,0.23366265893650057
TEST_00869,4.38152851478827,-0.5523297637076378,-0.10684158061176538
TEST_00870,0.9791404352657795,0.42008732643401625,0.0034718149269819263
TEST_00871,1.4806039546694756,-0.3698425926465988,-0.08337816398741305
TEST_00872,3.3705446250170468,0.9812389112197458,0.1301671509859562
TEST_00873,3.5286429936567547,0.23934979081821442,0.5703238934210539
TEST_00874,1.6561244861531257,0.15221270978593826,-0.046124853620052336
TEST_00875,1.0655738937017918,0.3043427357648611,0.09542904932528734
TEST_00876,3.45761599245286,-0.29767346411156653,0.3579869223358482
TEST_00877,2.61179143578434,0.8174362006539255,0.18690219854360818
TEST_00878,2.2798513067165613,0.7123723056674004,-0.2912047234724164
TEST_00879,3.6127935662455557,-1.0356227989366054,1.9663769316794872
TEST_00880,4.225019451544583,-1.5195384853329659,0.3193365077742934
TEST_00881,4.650600310911536,1.373810850769043,0.8979230711331367
TEST_00882,2.0281668324285747,-1.0439483467199802,1.2726252748281957
TEST_00883,4.170706328841209,0.1287308515443057,-1.1283968663828372
TEST_00884,1.8800647077641488,-0.19666663492691516,0.210148868678689
TEST_00885,2.6984538308761716,0.3364439234237671,0.595301452742815
TEST_00886,2.0765416820611953,-0.3322428138973415,0.2624767004847974
TEST_00887,3.8677297459721567,-0.08343543632531165,0.14026261327803136
TEST_00888,4.292652468114614,-2.2027318795448543,0.9330924251598864
TEST_00889,3.5136525509228704,0.05242406281161308,0.06566202177608013
TEST_00890,1.5836491637966632,0.3064931516288519,0.17116774068111182
TEST_00891,4.088554799937606,0.3141868530597687,-1.1406195641648769
TEST_00892,4.4438796516933445,-1.103668553779304,0.7317858270301819
TEST_00893,1.2808626755660772,-0.03224335161590576,-0.03238307825827599
TEST_00894,1.6773411454722882,0.6386767541888059,0.749752914960891
TEST_00895,2.8525210583322047,0.3241994404178858,0.31208772377979754
TEST_00896,2.3879135967280867,-0.18272005427134036,0.5152691506845951
TEST_00897,3.6847475836588144,-1.078924762324348,1.7044553497679233
TEST_00898,1.9526727627823353,-0.47969362517949937,0.5522233747835755
TEST_00899,3.2177844988440274,-0.944464105449438,-0.33513806018847225
TEST_00900,3.09607291640085,0.4783793962235451,0.900114217257917
TEST_00901,3.243586862646818,0.4293208008234501,-1.130537814955473
TEST_00902,2.5014619415564536,-0.21727400863182544,0.17186622992044687
TEST_00903,2.765926086709738,-0.33985206983721256,-0.410144689573884
TEST_00904,3.832001303998232,-0.012431673556089401,0.8177373568660021
TEST_00905,4.108816044137717,-0.3595625744293928,0.7447144360778332
TEST_00906,1.9813100299360753,-0.05912786880242825,-0.06592570954982936
TEST_00907,4.1323396107448485,0.3996589888014793,-0.48118330458921194
TEST_00908,3.0807970169391035,-0.8204508036136627,-0.5733802234237194
TEST_00909,4.220950128994942,0.027760984567999837,0.4409520269501209
TEST_00910,1.998275288795948,-0.886556491042614,0.5542896909892876
TEST_00911,1.800944401307106,0.04591433710640669,0.26296604502931237
TEST_00912,3.1862339131182433,-0.7007012867782116,0.5875064619126618
TEST_00913,3.2830333121521473,0.9051332894344329,0.4948371747102663
TEST_00914,2.404138160617113,-0.30125213767027853,0.25001507742762563
TEST_00915,1.5953143827308864,-0.8302644257112741,-0.3065621525672078
TEST_00916,4.356027865947277,-0.029198420450687407,0.15643182376527787
TEST_00917,3.055088788804486,-2.275656135318041,-0.84672560416314
TEST_00918,1.6012124562516212,-0.46263018375360965,-0.5009283431050181
TEST_00919,1.1767286549274922,0.09505873070040345,-0.130054732383281
TEST_00920,2.8097020161004065,-1.6678226946816443,-0.703044819875598
TEST_00921,2.020206720103502,1.2305793892029449,-0.31589332385480406
TEST_00922,4.293159589238062,-0.7746576143478155,0.4999523271070961
TEST_00923,2.3481029612673523,0.5356645470693111,0.6298660726692676
TEST_00924,3.28927544189024,1.0796209971442818,-0.052108136839866634
TEST_00925,0.8797033970963359,-0.12770582245714962,-0.3161831132838391
TEST_00926,4.5914461733222005,-0.8220460067521334,-0.5971793226089478
TEST_00927,5.052335238867164,-0.46923031923758984,1.1910262305971384
TEST_00928,4.425304312200785,1.4885929769721031,-0.10745716156482696
TEST_00929,2.1025252137942316,0.25427776183998585,0.26062743725806475
TEST_00930,2.725233641521454,-0.044031318649217485,-0.6356747153122425
TEST_00931,3.157096464779079,-0.4230847587943971,-1.2072956233250498
TEST_00932,3.4169978316173553,-0.9715835645248294,0.4393169136831909
TEST_00933,1.2324494475125074,-0.3634469008205533,0.03885268694788217
TEST_00934,2.484586115441501,-0.6451369252674579,-0.42440735423374176
TEST_00935,1.2618290467393398,0.4893013217763901,0.2330195971493125
TEST_00936,1.7962889949873089,-1.104111326927066,-0.6077339358477593
TEST_00937,2.108578072605133,0.7861767663716078,0.3885683727859259
TEST_00938,2.438223581350565,-0.7029032282848954,-0.7789541640728712
TEST_00939,2.3840540909295083,0.5962118582085073,-0.09315882569126785
TEST_00940,2.9193252927111386,-0.27371933982658386,-0.1387820348380506
TEST_00941,3.6207906639822127,-0.44575244077932835,-0.6886204928326607
TEST_00942,1.7979203093936442,-0.4143641987931728,0.06501974259519577
TEST_00943,3.990530581716299,0.4753871406674385,0.9430574184186459
TEST_00944,3.7033530035452844,-0.28921045656025407,-0.5827436416947842
TEST_00945,2.1939256686244013,1.7439157563334406,1.0721997808728219
TEST_00946,2.0489814710435867,0.07975118252408504,-0.1801566796721965
TEST_00947,2.2894856911662815,-0.15068607822674512,0.08191485450929403
TEST_00948,2.017799556042671,0.4346980219921395,-0.20168210433340072
TEST_00949,1.234676349174738,0.18733598313826322,0.5548455908003449
TEST_00950,2.3040287395875456,-0.14366464666831494,0.267897146456331
TEST_00951,1.782846058286667,0.8048463292282819,0.31664800924283265
TEST_00952,2.1300855126821996,0.18363005792474746,-0.47643444294857984
TEST_00953,3.109530234334111,-1.570889290239334,0.8480881011089683
TEST_00954,2.7969309128587247,0.06177264015731215,-0.6377594206109047
TEST_00955,2.0818590057902338,-0.05140476401078701,-0.4795961705346108
TEST_00956,1.3977867338821888,0.0449000051676631,-0.5756114364267587
TEST_00957,2.04999816801548,0.20002970943701268,0.019929519244909287
TEST_00958,3.2899260671133996,-1.6214523449721336,-0.455628675236702
TEST_00959,5.490827291172623,1.7186231086022854,0.29784821901249886
TEST_00960,3.942852727329224,-0.3503710174293518,0.30360163482552766
TEST_00961,4.13117498369503,1.0389245477965623,0.7679509913499355
TEST_00962,3.374750270081222,0.605055137188673,-0.5511363056023121
TEST_00963,3.3306686839880943,1.6989456303884982,0.09104497491812706
TEST_00964,2.591747498579383,-0.13190955499261617,-0.5933203408270479
TEST_00965,2.333512314981818,-0.5967686578474045,0.6153751825124025
TEST_00966,4.849659969313502,1.0721842920016647,0.49137756515396014
TEST_00967,4.798434613908172,-1.268847540746212,0.5867370161932912
TEST_00968,1.698822012955904,0.1744141835627556,-0.02421162518286705
TEST_00969,2.037286627199173,-0.13257961251974104,0.027130060199260713
TEST_00970,2.2739218529133796,0.2549327512376308,-0.11349926671671867
TEST_00971,3.2885335772161484,0.10078245051836968,-0.35152465118950604
TEST_00972,2.9517025181161167,-0.08220288694190979,-0.3627562546403408
TEST_00973,1.028671810444653,-0.025575838946163654,0.068309277900666
TEST_00974,2.869857605551064,1.315074681233406,-0.4455814966483116
TEST_00975,2.3037047307619454,-0.75330403028512,-0.0948194853478074
TEST_00976,1.8605292915019989,1.0255988153190614,1.1088609174824804
TEST_00977,3.34590347174263,0.15973726110982894,-0.3096769639663696
TEST_00978,2.013145797885895,-1.6123142137563824,0.35693024132965506
TEST_00979,4.467721303831339,-0.6689401696277857,-1.295538108640313
TEST_00980,1.1719134594829081,-0.34626527329254153,-0.09291128926965594
TEST_00981,2.960382263709903,-0.09455345754778385,0.07253331278717517
TEST_00982,1.6806619907528162,0.41557326326817273,0.023617470186948777
TEST_00983,1.27829259170866,0.3053424301533699,-0.130406058943972
TEST_00984,1.8099952140049935,-0.10395576883363723,-0.1758111561383009
TEST_00985,1.5043461308436394,0.5341145751698018,0.6439718251171112
TEST_00986,3.214207138493538,-0.10986547804147005,-1.3695539428743124
TEST_00987,2.947683027674198,-0.28884572395013275,0.08400346206676959
TEST_00988,2.5974037375850676,-0.04183612014207244,-0.0695533376430273
TEST_00989,1.8726857990762888,-0.11523216240018605,0.7763621065133214
TEST_00990,2.483814617943585,1.6078126121411322,0.6089014454010725
TEST_00991,1.7245377095627488,-0.8789774317860604,0.0902359146553576
TEST_00992,1.585867244295597,0.9192409469931125,0.4580617761262059
TEST_00993,4.0004122441667915,0.13853196081280708,1.074998370250821
TEST_00994,1.3450614690585136,0.14697506347191333,-0.09808780376493931
TEST_00995,0.7558687554271221,0.023143395537376404,-0.011690662789821626
TEST_00996,2.786034195054054,-1.604656943739891,-0.2643884456760883
TEST_00997,2.252137034533501,-0.18340850446784496,0.16687593074131013
TEST_00998,1.419240149478674,0.5815752175001502,0.0745940064188689
TEST_00999,1.3714069555926323,-0.6249179860733748,-0.6927298753636927
TEST_01000,2.767939025461674,0.8755951073409319,-0.834908161516726
TEST_01001,3.3573181591707466,-0.948445347140789,1.076537563566327
TEST_01002,3.5569056824634075,0.9413025733965784,-0.4263964443963766
TEST_01003,3.671480669478893,-0.9479964678869247,-0.5125040219662189
TEST_01004,2.191132363029003,0.8274727110669017,-0.10257900228762626
TEST_01005,1.3183096576248408,0.7161086318202913,-0.08086153226859867
TEST_01006,3.7807144104240535,0.796800734977603,1.2537023005036712
TEST_01007,3.2866310658498405,-1.4123935263130665,-0.6389746031199693
TEST_01008,4.9802646318401695,-0.1287793769134283,1.4673856697330474
TEST_01009,2.4297267216339113,0.16222727291059494,0.184775658280015
TEST_01010,2.260729806262493,-0.10668319734668731,-0.39114386958646774
TEST_01011,2.504585802880883,-0.016151741200715303,0.0999918428414762
TEST_01012,4.845951472639084,0.5897330287465453,0.3868405903661549
TEST_01013,2.659700378979206,0.16422104670238494,0.39342182751131055
TEST_01014,2.5525247206308617,1.2949150889891385,0.9991331245490314
TEST_01015,3.098756883474693,-0.2662444764623642,-0.14673930193686485
TEST_01016,1.9213360728644133,-0.8371369113403558,1.068560442955166
TEST_01017,3.298310955572009,-1.0920640098187924,-0.7962419584107399
TEST_01018,3.0567415633752346,1.4094802432101519,-1.1935562028207183
TEST_01019,3.8330272366399765,0.7024469376831055,-0.19246446200054884
TEST_01020,1.5575653132014275,0.27798407722335683,0.6413929632048607
TEST_01021,1.6779156139118672,0.44017778550079467,0.44665146028810737
TEST_01022,1.7888652307220698,0.08382029334838688,0.0961903845332265
TEST_01023,3.708329802825451,-1.0395801216287612,0.5833902998697758
TEST_01024,2.6112223570518496,0.3739593075351715,-0.23508652362298965
TEST_01025,2.4805071593083143,-0.46504222841107845,-0.5405974602193833
TEST_01026,1.5233935382314325,0.3892927701331377,0.33530753867596386
TEST_01027,2.9491871371226313,-0.042221570412486795,-0.475458445110023
TEST_01028,2.589100911213994,-0.5103938837361336,0.3354466522166729
TEST_01029,1.1067562814455032,-0.4833866133245528,-0.6035405068514645
TEST_01030,1.149139762033701,-0.2126790987882614,0.1463088501277864
TEST_01031,1.870872181570053,-0.22591204676795007,0.1885439523499012
TEST_01032,1.6538424299345016,0.5279889739338904,0.6594006770598069
TEST_01033,2.2495622958297132,0.2820690091152191,0.5897632155517638
TEST_01034,2.818875772761822,-0.015079169133901595,-0.6131211059904098
TEST_01035,1.3584607996678353,0.35719932914340496,0.6275082189654708
TEST_01036,0.9805650733192564,-0.30779791927063466,-0.4169567440068126
TEST_01037,3.253195399543524,-1.9455410035293101,0.9406655689184368
TEST_01038,2.455389427592516,0.796354289509058,-0.7312282914807796
TEST_01039,5.332441619244814,-1.6008977292417288,1.867185448169291
TEST_01040,3.5655595317044257,0.032241099668741224,0.22694659625023603
TEST_01041,3.4555673400161266,0.20464027169847487,-0.3141846875821352
TEST_01042,1.5176763924546242,-0.33052106897073985,-0.15003810100269319
TEST_01043,3.83799855514884,-1.9459890044631363,0.957072376131773
TEST_01044,2.4425321459724905,-0.8632009189753532,0.19290197468906642
TEST_01045,1.380566318763256,-0.04248305124527216,0.06698337540116907
TEST_01046,2.039745205494642,0.1913811340062022,0.21572422576079517
TEST_01047,1.5956480516507625,0.7350497020853758,0.6031007653209866
TEST_01048,3.40662021078825,-2.280803131579399,-0.3699183453866243
TEST_01049,3.729763085142374,0.2008386425203085,0.38950696919465067
TEST_01050,1.3871798139138223,0.033904838089942935,0.37351869753059747
TEST_01051,1.4263994794777632,-0.15471235364735125,-0.03553579824113846
TEST_01052,1.4222596031398773,-0.04933589163064957,0.13312219208812714
TEST_01053,2.266942110080622,-0.7288491685949564,0.5167176932566091
TEST_01054,3.670996961718917,-1.0787036867613793,-0.29796250691503284
TEST_01055,1.9165370642924309,-0.15989887698197364,0.3654881532237297
TEST_01056,2.1708707162162253,-0.010548566634953021,0.9737718739110232
TEST_01057,3.453179615730405,-0.8210534929135441,1.168884800718248
TEST_01058,4.690877612684742,-0.9817553840215205,-0.41095025783121586
TEST_01059,4.070227659259438,-0.5599822538483739,-1.0764601270537377
TEST_01060,1.7413535641810893,0.5270997747872472,-0.16946629150748252
TEST_01061,3.027338926172495,-0.33717384963464736,0.7444783510112762
TEST_01062,1.950034277249545,0.7226618806684018,0.17725197152608632
TEST_01063,3.3188425893517732,-0.4722981341667175,-0.42528309570109846
TEST_01064,2.238609097836018,-0.3184079962630272,0.9390687259052396
TEST_01065,3.5231076335771085,1.1049001730653047,1.6727773989135624
TEST_01066,2.5610393856420517,0.1399865857950449,-0.0038137157517671577
TEST_01067,4.626986776680827,-0.15203226239061354,0.36437100175988674
TEST_01068,3.13886209455204,1.2230575495105982,-1.0650349946862459
TEST_01069,3.4849537520232796,0.8520407864228488,0.46189694961738587
TEST_01070,4.557507068760395,-0.5495217654821872,1.0417352649333478
TEST_01071,1.3701242530851365,0.22307018008327484,-0.15548517721796035
TEST_01072,1.5171816285743713,-0.05636338408184051,0.7123195231912732
TEST_01073,3.171996901091814,0.566011904689312,0.46427498064780237
TEST_01074,2.7859282368822096,0.03460007853901386,0.1755235325373858
TEST_01075,1.5640142698649169,-0.7821848582962752,0.5705992578217983
TEST_01076,2.952893167630434,0.49520658726736905,1.112298907495737
TEST_01077,3.4980188698552026,1.4846226725363731,-0.5094609555969835
TEST_01078,2.417963795472026,-1.023556615326345,-0.3906154445577264
TEST_01079,5.370344436756134,-0.8248332749949098,0.7460159683156014
TEST_01080,3.6043072848873137,1.5646447524371148,0.29008753060775994
TEST_01081,2.2755460766441824,0.804620723131001,0.5777401235975772
TEST_01082,1.5648254665893315,0.4648151320909262,0.03287066861408204
TEST_01083,2.131744577772379,-2.0073227530406714,-0.5479542605631947
TEST_01084,2.2427214912028313,0.6261743323764801,-0.20955949832725526
TEST_01085,2.2484221456712783,-0.17505931954336165,-0.0406685986174345
TEST_01086,2.2242173537118437,0.8731113321182131,-0.3106159438153207
TEST_01087,4.849682509901881,-0.16995730064344405,-0.4242534812604189
TEST_01088,5.010096317962646,-2.0525360231119247,0.150423580730021
TEST_01089,3.5045444136617183,-0.11855168358767032,0.10127686332836747
TEST_01090,2.7171487639087437,0.25530541326212886,0.1417405818874836
TEST_01091,4.1461317441350225,0.2957620275847912,0.3211077920770645
TEST_01092,5.0446403718101385,-0.966479587545603,1.2171003092452883
TEST_01093,2.1225597161872387,0.49791693164581063,-0.1881981175134182
TEST_01094,2.0438371743277313,1.2604208429095745,0.8398517965751886
TEST_01095,3.3872076397779582,0.9253508337872028,-0.6165881633471251
TEST_01096,2.006135246285796,0.5017348759163618,-0.23679886016106605
TEST_01097,3.900574783439517,1.5649314141349793,0.8828159181005358
TEST_01098,1.7969563127844335,-1.1568980796889812,-0.7601747078357936
TEST_01099,1.2489947850666046,-0.5705413264780045,-0.2749474436473399
TEST_01100,2.5320971145182254,0.4735040043605566,-0.7582406033473015
TEST_01101,1.055897092238307,0.269948233291924,-0.40325411386846005
TEST_01102,1.4758231236840487,0.2005335297728777,0.25262255419945717
TEST_01103,3.397629435701132,0.021090999526500703,0.5634797228524685
TEST_01104,1.2644197738047838,-0.49053354011094574,-0.1952291770249605
TEST_01105,1.728799715200782,-0.7590047844317183,0.04151837714719772
TEST_01106,3.50680825530079,0.14787365913397074,-0.4007971827571094
TEST_01107,1.672403429940939,-0.1899408464025259,0.5095734387762649
TEST_01108,2.6715948322262766,-0.039467760171651836,-0.10274182288789749
TEST_01109,3.447326026868284,-1.404220740571022,-1.0465639445582628
TEST_01110,1.081976698814869,-0.31171473777258396,0.009268212202489376
TEST_01111,3.163049038564831,0.11651214970302581,-0.3120498621512651
TEST_01112,1.5292104228315353,0.1452747976680994,-0.05604478036731482
TEST_01113,3.5946571582986713,-0.7800566339508891,-0.17067534290003777
TEST_01114,3.1273188097335547,-0.10104805804127455,0.7589805371122956
TEST_01115,2.115416704589367,-0.22599570502209662,-0.5448583220584392
TEST_01116,1.8194031309261323,-1.0529236481250523,-0.3625760788333118
TEST_01117,2.3809028488024975,-1.2255312683167459,-0.314167766704917
TEST_01118,3.7483055657755435,-1.5367041422961354,-1.1207440307645797
TEST_01119,1.8739333094313593,0.0875505554729402,-0.36549643185985087
TEST_01120,4.653926437590599,-1.1543347091884613,0.25195117502713205
TEST_01121,3.087255563112736,1.5072111766688823,0.8150944972299338
TEST_01122,2.1078202481888533,-1.034014904604435,-0.1950058336251974
TEST_01123,2.8212159348435404,-0.7854376715084911,-0.45412825771415233
TEST_01124,1.1113637274785042,-0.1725130306273699,0.3963621402325928
TEST_01125,1.498039672846079,0.576907237352673,0.05631688882939517
TEST_01126,4.377567754210278,0.35022056443190575,1.0887718713700771
TEST_01127,2.9693536616151333,0.0429900099029541,0.8814113818759918
TEST_01128,3.7784494020352586,0.5963620969421863,0.9639957174909115
TEST_01129,3.190369479919404,0.004422236914873125,0.6403321916264295
TEST_01130,2.601486660720706,0.007959590430140495,-0.5366364127454758
TEST_01131,2.2685593509278594,-0.18439454738375544,-0.04042712436142564
TEST_01132,3.2172469993376733,-0.2804101831778586,0.6583393380491733
TEST_01133,1.4027840618047713,0.26072759633374215,0.09362448662611843
TEST_01134,3.0569908626265527,0.5488106481055617,-0.9402303213479519
TEST_01135,1.867267979192853,0.7539434200522304,0.3422297897539735
TEST_01136,2.765049205621004,-0.01986209483599663,-0.47110232717823985
TEST_01137,0.8109793276071549,0.05759324399971962,0.2579709515963644
TEST_01138,3.288887275962353,1.472279734021306,0.8808634773595929
TEST_01139,2.2237510028992893,-1.268744921920538,-0.33625861777380855
TEST_01140,2.529205061893344,-1.0009789321553708,-0.9308539986333847
TEST_01141,2.8038787911605536,0.036625083550333976,-1.1003910448592902
TEST_01142,1.785437735682249,-0.5123710132651329,0.06303555438512563
TEST_01143,2.09944447244513,-0.44359090460819006,-0.20730712838821114
TEST_01144,3.1726722533955574,0.1459253379172087,0.09375788545429707
TEST_01145,1.0950102136932611,-0.12823875719746947,-0.0813357189565897
TEST_01146,2.9172465442949536,0.5947905012065172,-0.01490992320460081
TEST_01147,4.383824544529289,-0.11258636552545428,-1.052793277719617
TEST_01148,2.1053798620181086,0.18864795659923553,-0.07133958981966973
TEST_01149,3.3104290246141703,0.4013715247270465,-0.5989957456413507
TEST_01150,0.9013506690933705,-0.4501210008063912,0.025382989078104497
TEST_01151,2.8927809797803166,-0.41497974600696563,-0.38504040472602846
TEST_01152,1.4739391974781753,0.030331847712650892,0.5494715167021555
TEST_01153,3.7041688580947367,-1.7524363904458284,-0.5941547623745203
TEST_01154,1.5291824163279533,0.10324820728302002,-0.13290258369362354
TEST_01155,2.2272934365484716,0.07959766989028454,0.7173028137350083
TEST_01156,4.781040284726262,0.1586342795329094,0.39567408368694784
TEST_01157,1.9838330221259595,-0.30609849151313306,0.28472639748126266
TEST_01158,3.513121821865439,0.7783977364425957,-0.31253317444729806
TEST_01159,4.699213744766623,-0.5605698122753501,1.850003626909256
TEST_01160,4.414396127055764,1.8543624851841927,0.05677780271005631
TEST_01161,2.015922039808154,1.361330917997837,-0.30657873580265044
TEST_01162,2.3009724413080215,-1.264124065084219,0.4794985202453211
TEST_01163,3.499255964548111,0.904915379065752,-0.8123007969154119
TEST_01164,2.0590041353964805,-0.0973604559084177,0.4775260886361003
TEST_01165,1.4730026172004937,0.019213291744828224,-0.3334780649616718
TEST_01166,2.7812595622808933,0.4202050744842887,-0.08499903365802765
TEST_01167,2.4206614779567124,-0.22241928762102126,0.9882382596043349
TEST_01168,1.0948596098451615,0.6294737971064448,0.02472357846572995
TEST_01169,3.5482903055562973,-0.11039036456632614,0.06966107297710329
TEST_01170,1.9361377962685824,0.319053956343472,-0.5749159192925691
TEST_01171,1.895645924981594,-0.047250787290573124,0.22493228445374963
TEST_01172,4.851247685688019,-0.2843465915055871,0.9294445958444029
TEST_01173,2.8260046463854795,0.4680278938110471,0.5214466820417195
TEST_01174,3.4348322204220296,0.34613807133495805,1.079906066279292
TEST_01175,1.9282403900227547,-0.21753689422646164,0.24052954422456027
TEST_01176,1.669032682562113,0.6546797488048076,0.8204142635536193
TEST_01177,3.388972234181881,0.4930450019837618,-0.5037019078638554
TEST_01178,5.171454091270804,0.2712924803365469,0.44050905784541367
TEST_01179,3.417548382742226,0.3884062844192982,-0.8370572496106624
TEST_01180,1.3112336233775617,0.3698687189177722,0.058680728532403706
TEST_01181,1.6366887076801062,-0.14186303306615353,0.5681335716591775
TEST_01182,1.5676474203008413,0.7063143126984834,0.4904869507321119
TEST_01183,1.997400587736845,0.06752887038373948,-0.189159921723485
TEST_01184,2.5683460705008505,-0.19366012789194287,-0.7930059111910462
TEST_01185,3.095049829696894,-0.5766483565058913,1.173433300238371
TEST_01186,2.708916904602766,-0.2995885513743162,-0.07015772335471213
TEST_01187,4.059429819124639,0.5964303962271214,-0.9869807771490514
TEST_01188,2.2718817635262014,-0.05246955068993568,-0.21249688736712932
TEST_01189,2.4661910335937143,1.3810847855273485,-1.0155721147423387
TEST_01190,1.6691090504950286,0.8234510672032833,0.5722154751241207
TEST_01191,1.4008893252763748,0.5132016507084369,0.1981003344589174
TEST_01192,2.6258793377927465,-1.7989181984835863,-0.8797844236133396
TEST_01193,3.6123075978913306,0.9342257346396446,0.642022781771332
TEST_01194,2.3876954888280033,0.6044970726635456,0.3962130731881857
TEST_01195,2.190110328914285,-0.40718693735158445,0.17182918236923217
TEST_01196,3.191783207976818,-1.5881411376833916,0.7047922832376957
TEST_01197,2.9356688268794864,-1.7845102619321347,0.33825596964680776
TEST_01198,3.1574357694413067,1.3150427630158663,0.5829138706982135
TEST_01199,5.414675813666105,-1.497562183105707,2.003374581037879
TEST_01200,1.8336733987064362,0.8620918709173202,0.09460185533180833
TEST_01201,2.62016845120132,-0.14228012497851253,-0.46694478613746165
TEST_01202,1.857488282455504,-1.0385054514497518,0.8684252628685832
TEST_01203,1.421183048680067,0.27766000147747993,0.406640036506474
TEST_01204,3.344961395473957,-0.6554787444557547,0.06305168496048451
TEST_01205,2.410112512194872,0.04458176139998436,0.1395864857354164
TEST_01206,4.146735353197813,-0.16642970560765266,-0.01796631578707695
TEST_01207,4.697194962559342,-0.4408574697264433,-0.5907017723177075
TEST_01208,3.119377024321437,-1.1008860174124837,-1.1051828391938805
TEST_01209,3.5543917087717056,-0.09189892635238171,-0.7981001954462528
TEST_01210,2.1856397163689136,0.33857312729793787,0.09816574663609266
TEST_01211,4.324098877002835,0.5171312476133108,0.4716204289212227
TEST_01212,2.6883711076493264,-0.6998834354849756,1.121523364647001
TEST_01213,1.6525161445403098,0.41359601747131347,0.31361668503123524
TEST_01214,3.190080840510309,0.6571219277319909,1.5846911130831243
TEST_01215,2.7050238167262077,-0.6010948729186057,-0.12182097693777083
TEST_01216,2.3550705574235917,0.44720330510759354,-0.08233472083950041
TEST_01217,1.9317113743302823,-0.12118920594143867,0.5487325067859888
TEST_01218,1.2336976609511376,0.6247720867319108,0.09171820011892914
TEST_01219,3.7510728392443657,0.4133536398510933,0.2616596043475866
TEST_01220,2.706958071871519,0.7573621221344471,-0.0200723659081012
TEST_01221,3.6269031714015005,-0.5140649790610373,-0.2383415436786711
TEST_01222,2.175796600824535,0.2831221196066141,-0.7955260914041996
TEST_01223,2.5836767405405046,-0.7557774505150319,0.2179813912407756
TEST_01224,4.188597831103921,0.127412283670187,1.0784873198742866
TEST_01225,1.9326745442345143,-0.8716957946534752,0.5962118272994718
TEST_01226,2.239596785802841,0.015420645656824113,-0.005749233075678348
TEST_01227,1.3248687767603398,-0.18691132757498324,-0.39688006268167497
TEST_01228,2.3001106575710772,0.21929232084023953,-0.04484651216065884
TEST_01229,3.6785179379706383,-0.6745601877275705,0.6302146493819952
TEST_01230,1.1104368284897805,-0.6505136848569214,0.16678135660535098
TEST_01231,3.0025770891590713,0.3883490637280345,0.06702709158974886
TEST_01232,2.0748169060504438,0.293808295181036,-0.127331777679801
TEST_01233,2.6537488334941863,0.1992894319791794,0.29322967015838625
TEST_01234,2.241070815407753,-0.04008743298238516,0.37501724031746386
TEST_01235,1.2971615620959998,-0.43596915620923044,-0.06314351842594147
TEST_01236,3.474173701282978,-0.14435971224313973,-0.26210760727989674
TEST_01237,3.0658321743092536,-0.8385322103252411,0.16315754323291778
TEST_01238,2.3240138237473964,0.5833299120795726,0.053593749035209415
TEST_01239,4.894362786053181,-1.5142515939836503,0.9157750437973737
TEST_01240,3.0119911068744063,-2.1549348667879102,-1.0730997661275863
TEST_01241,4.12549565584594,-0.693043685900569,1.0521113175727128
TEST_01242,2.907269273770377,-0.052662962603509424,-0.631242914675355
TEST_01243,3.072280219548464,0.7949307076432705,-0.4681135452452898
TEST_01244,3.8001752674188616,-0.8672602455667258,1.358303618942499
TEST_01245,2.451282418161005,-0.8495195623672008,0.40425827824497224
TEST_01246,2.640458037088752,0.10443345440718532,-0.16116894355800748
TEST_01247,2.958201991860747,-0.3366321833357811,1.0156388757195471
TEST_01248,3.190539902684033,0.6075288793435096,0.9558735092391751
TEST_01249,2.7554563823809626,0.5152653932316303,0.4267856270061731
TEST_01250,2.15605031208992,0.3409642913132906,0.46301980903530116
TEST_01251,3.048480298941314,0.256066252951622,0.10032754747354986
TEST_01252,3.603709501905158,0.39156810161665084,-0.8770577888476848
TEST_01253,2.3099655449208023,0.21870980586175248,-0.3915715326392651
TEST_01254,2.5185601618971827,-0.5004986755986511,0.2915604622389674
TEST_01255,1.884781658937335,1.211116514357105,0.17357514999891818
TEST_01256,3.2795743047692776,-0.32960005120778085,0.7805188814943432
TEST_01257,3.3850678787355424,-1.8928562138843537,1.5808186434595586
TEST_01258,1.8978420872297288,1.4320688439774514,-0.02473642939685285
TEST_01259,3.1624756376821996,1.4475796826201677,-0.359782450163126
TEST_01260,1.2429562279989719,-0.015511355760097503,-0.49421422732257847
TEST_01261,1.9501154165587424,-0.45220962628269196,-0.28902153868675234
TEST_01262,2.0077698815699665,-0.49341570311924815,0.5170874844458103
TEST_01263,4.129223715599299,-0.6766990990273952,1.2947714018740655
TEST_01264,3.754171188756466,-0.18094344641661644,-0.08008330334103107
TEST_01265,1.189516769149661,0.44574440500460566,0.311906065299511
TEST_01266,3.0141702849748135,0.09759898879361152,-0.15802502166575194
TEST_01267,3.4778023326654433,-0.3693968179923892,-0.2290398022329807
TEST_01268,2.4888316395777466,-0.09593102349865437,0.23177914833498003
TEST_01269,4.392791061271668,1.7782162020494938,0.8183936123986244
TEST_01270,4.148593082186822,-0.6111457518417835,1.0657677761484385
TEST_01271,2.8378481638253925,0.49311947704684733,0.07604444661048054
TEST_01272,2.034346575897217,-0.8514388329238891,0.8344468257082402
TEST_01273,2.0202841504826545,-0.14396888753938675,0.24200908693015574
TEST_01274,2.6968522689507606,0.16737860882997513,0.07511514989978076
TEST_01275,1.2358262900571824,-0.32203431658518317,-0.12179117388266325
TEST_01276,3.8680640455332322,0.09001369766914845,0.06754001726651192
TEST_01277,1.4815507931501866,0.005776219481110574,-0.16366052498149872
TEST_01278,3.1651724162285926,-1.214596166877389,-0.9891527516254186
TEST_01279,4.89139950214386,0.08175192301996052,0.29643241896510125
TEST_01280,3.533305788525939,-0.6840755974074603,-0.5138145892927647
TEST_01281,4.255200661440253,0.5797215908384323,0.067188859405756
TEST_01282,3.6719727175830603,-1.4104800398635864,0.30138983144876363
TEST_01283,2.7464687043340206,-1.6035336728264094,-1.121636345726967
TEST_01284,1.688699261844635,0.24218420251321793,-0.23405575332343576
TEST_01285,1.5247534305496364,-0.03652508452582359,0.5644289986993074
TEST_01286,2.0900876332674025,0.19156422270989418,0.26380272002407906
TEST_01287,1.9626072410356998,0.7773568963512033,-0.021467874294400217
TEST_01288,5.212856029882372,-2.112342108100951,0.851660627056025
TEST_01289,3.6609567501721383,-0.05440504494810104,0.3582279879219532
TEST_01290,1.669293678264618,0.6371973147262335,-0.22683695113027097
TEST_01291,1.7877606776236297,0.08895155392706394,0.11911673973101378
TEST_01292,4.381354276454449,1.2777603225336074,1.4102871191931963
TEST_01293,3.034342306995392,0.2734011702978611,0.20388449311959744
TEST_01294,1.6893480859615804,-0.5235869063267707,-0.6545727820467949
TEST_01295,3.779227535308361,1.162428284307152,0.3802507574518919
TEST_01296,1.241896241495669,-0.2628869481075406,0.08142630022025109
TEST_01297,3.3058913286981584,1.335871030513525,1.3902426804426908
TEST_01298,1.9048586608854532,0.09455449170827866,-0.4592533444106579
TEST_01299,3.0782267115163804,-0.18839054357659818,-0.27511626037606596
TEST_01300,2.6429870893206595,-0.42424329094421864,-0.27699439722108843
TEST_01301,2.3907863540926577,-0.16499520843204857,-0.23682085582378506
TEST_01302,1.5029381003388167,-0.44654263901394603,0.24439328967559337
TEST_01303,2.975947864484787,0.07149028190997243,0.07554711711341143
TEST_01304,1.843814781756878,-0.04139615658569336,-0.49372668928039076
TEST_01305,5.489543360016465,0.8675288092856407,1.1449331992794276
TEST_01306,2.9346156536734105,0.5105749724205733,-0.3942132849550247
TEST_01307,2.0355056256283524,-0.6574687336500883,0.25202668834665043
TEST_01308,2.2116119094977975,0.34968776814186575,0.48827745358312125
TEST_01309,2.849910527593106,-1.4087013401030302,0.6155208175869584
TEST_01310,4.140839819948196,0.3415185492073642,0.5962081724097729
TEST_01311,2.645227823574066,1.0060951850959063,-0.1605281388977766
TEST_01312,1.509945156054616,-0.31277935417053104,0.03953989555773139
TEST_01313,3.241840467160523,-1.4754962988705635,-0.37562226758384704
TEST_01314,2.1529045941009524,-0.6866326117512583,0.11604833549750597
TEST_01315,0.8542909700889587,-0.07126735657215118,-0.1828888736732006
TEST_01316,1.8668431510109902,-0.5154577639077306,-0.06576024604153632
TEST_01317,3.5117387288843096,-2.214372380515814,1.1375939049413801
TEST_01318,3.0447772698744537,-0.6083926856064796,0.4631565597787499
TEST_01319,5.491120296223521,-0.24588280749857425,0.3531197811523676
TEST_01320,1.431269144481182,0.5869227161138058,-0.44117276575639847
TEST_01321,4.8535820599527355,0.5621236019592285,0.1248739147566557
TEST_01322,4.722181840206564,-1.5219474021004438,-0.8046166802662611
TEST_01323,4.207853057945669,-1.6618989655286074,-0.17327520210161806
TEST_01324,1.0089817661361695,-0.16048878485679627,-0.21067097373145818
TEST_01325,1.981721521712184,0.2936266450832486,0.3585556107602119
TEST_01326,4.1767636162981985,-0.7965570293456316,-0.03254809077903628
TEST_01327,1.947266201238513,0.9488566310480236,0.44714113329906763
TEST_01328,5.385098869410575,-1.348569696925819,1.5151988472365439
TEST_01329,3.393550421382904,0.286178678606838,0.21677911629553884
TEST_01330,2.816969909611106,0.6283323779129386,-0.7317692554242611
TEST_01331,3.108456632434845,0.10532202489328385,-0.07415634175109863
TEST_01332,3.094867375227451,-0.08147402216386795,-0.14263206312525273
TEST_01333,2.463950713161647,0.09619334944340587,-0.14736717060285806
TEST_01334,3.1847819331851004,0.23483979056438803,0.20788476933050157
TEST_01335,3.77606308890903,-0.2647993403260708,-0.10688247350466251
TEST_01336,1.648954123482883,0.37126031481695176,0.34904051016414167
TEST_01337,3.0890611525070666,1.9951734068044424,1.9255142260587812
TEST_01338,1.2890392086467743,0.7555991148165315,-0.18942801215606928
TEST_01339,1.3004480877838134,-0.19662817894804477,-0.019823094388484955
TEST_01340,1.9225141063210964,-0.2496420170221329,-0.3409244636588097
TEST_01341,3.444426944229677,-0.2757194034092426,1.1104606613838672
TEST_01342,1.7025307604154944,-0.9728980315221548,0.28928816923154893
TEST_01343,3.4394763334616125,0.23677795842576027,0.8401940594153404
TEST_01344,3.8595559353495537,-0.7016818940395713,0.9964148855072259
TEST_01345,1.3859525440125466,-0.4732093515228331,0.023462825468122957
TEST_01346,2.2773756404201984,-0.5918061739831865,0.22561630205792188
TEST_01347,2.263937517869115,-0.6664605397901535,0.464940505951643
TEST_01348,2.7052247691030504,-0.005368071340352297,-0.16159346793594956
TEST_01349,1.9228234264767319,0.4453288939321041,-0.38109117775261403
TEST_01350,3.3394809460092785,-1.199126760313511,0.9849534745091796
TEST_01351,2.2846284274166226,1.0472217993092536,0.15500825426626205
TEST_01352,3.3105087300676703,-0.04456030746898055,1.6788130129246712
TEST_01353,1.6353907229533196,0.05618735853004456,-0.0061598168802261336
TEST_01354,1.833176857073188,0.6350732056677342,0.303021060319379
TEST_01355,2.2715534127573966,0.13513930379390715,-0.0659743397321999
TEST_01356,3.4748632171752454,1.7547999657163025,-0.31959942815828324
TEST_01357,3.2113914684119225,0.07794505979633332,0.8351087867664099
TEST_01358,3.6854611638483705,0.08042579678297043,0.7780096835193634
TEST_01359,5.577270718429446,1.6568862794892787,0.22582594317662716
TEST_01360,4.431049258253395,0.9739917437061072,0.9099936674425602
TEST_01361,2.701819684863567,1.5370271991924047,-0.164322540795058
TEST_01362,2.4221771538173855,0.43392766176116465,0.6775469018738568
TEST_01363,3.0875064747200014,-2.0839310989941953,-1.1489612069645823
TEST_01364,3.702304040188551,0.6937655780353547,1.0798793648421765
TEST_01365,1.4795864854530096,0.4753316852816492,-0.07177345985114575
TEST_01366,2.412706949411273,-0.416708886136055,0.393577762437284
TEST_01367,2.509854291160703,-0.1989514182958603,-0.22408357884681224
TEST_01368,2.814446967363596,-1.0073181756004095,1.2048684313408733
TEST_01369,2.18215224760437,0.3257923194317818,0.2618317409231365
TEST_01370,1.574449132791996,0.7730780617303848,0.004049588359296322
TEST_01371,2.1697652104346754,0.0416859287443161,-0.4441680278677344
TEST_01372,3.8705425297407507,0.5797276520772576,-0.9985117829670906
TEST_01373,2.3840542575699093,-0.6240046368231773,-0.09488269517052174
TEST_01374,1.263022728896141,-0.2875221417591572,0.28015252904446425
TEST_01375,3.161013991626084,-0.5096705095353127,-0.011030225767612457
TEST_01376,2.6747476033337114,0.4085658022942543,1.0195288873087167
TEST_01377,1.5543715842238666,0.6929114086874724,0.027809134060144423
TEST_01378,2.668694409501791,0.6851566402886212,-0.7213001146168113
TEST_01379,4.369529444340244,1.1686816323074103,-1.32008665695858
TEST_01380,2.2073431278892754,-0.6909006022192091,-0.26971228468260167
TEST_01381,2.7084007915583848,-0.5417391253749728,-0.3242153543535471
TEST_01382,1.5582389140031339,0.17924707200455667,0.0959309754498303
TEST_01383,2.3426570345096587,0.5823194854540825,-0.011382907424136996
TEST_01384,2.4643457480770348,-0.06284396825098991,0.04891323515868187
TEST_01385,2.5653890627281664,0.28236601925092936,0.409443521081835
TEST_01386,2.4703103064447642,-0.2059767690802887,0.3568496601342559
TEST_01387,3.5495175590438843,-0.09938838164608181,0.0503831532176733
TEST_01388,2.3572443055856227,0.16175978274536132,0.29140153982281686
TEST_01389,3.8814318579881193,0.29059963365770874,-0.3155881170942783
TEST_01390,0.9908411446758509,-0.11253767740249634,0.07307305421595275
TEST_01391,1.2370151832547187,-0.059727313219517464,-0.05391055919218063
TEST_01392,2.6707927397298814,0.6200662251601219,-0.4814933673915863
TEST_01393,2.1935917058730126,-0.16804866375517846,0.5391859739003821
TEST_01394,2.7833298896535634,-0.014708931459069253,0.07524873271858692
TEST_01395,2.029228182877183,-0.4398439638376236,-0.1370829292729199
TEST_01396,2.621268703891516,1.1830866657168866,-0.6435700841748715
TEST_01397,2.2038066925907134,0.579258826464653,0.6469622939735651
TEST_01398,1.7063298709429502,-0.2779069657716155,-0.04895374472536892
TEST_01399,5.8677088299126625,1.401129979162693,-0.4275421427907944
TEST_01400,4.684371918768436,2.2240877055118085,-0.4938857739850208
TEST_01401,4.360510052988291,1.5001392760100365,0.732675536242947
TEST_01402,2.49379133527112,-1.2721989718871116,1.1301623764939903
TEST_01403,1.8171814688064456,-1.7049629793462753,-0.6024528532588184
TEST_01404,1.779752425780773,0.9286472173699141,0.2874774928934574
TEST_01405,2.8593762567942886,0.43357593332201244,-0.31494014876627924
TEST_01406,3.815759124622345,-0.31890724682846666,-0.22058757172620297
TEST_01407,1.3845834038991331,-0.8835884163886308,-0.0789260134921372
TEST_01408,4.371282085322618,-0.7013724976242185,0.9071752076571584
TEST_01409,2.453599001793265,-0.35453810082376,-0.46543091426241395
TEST_01410,2.12682613986063,0.27752857435941697,0.22341332432198524
TEST_01411,0.8148350856003761,0.3334701844727099,-0.04685883556191623
TEST_01412,2.57321977763772,-0.3777967919950485,-0.1892492071608901
TEST_01413,1.1931646421608926,-0.11602227662420272,0.3178101721815765
TEST_01414,1.688481253007412,-0.324007738705039,0.021412346330910922
TEST_01415,4.036959891290188,0.8405898916646242,-0.8299094090805054
TEST_01416,3.216077983498573,1.0654330217666625,-0.5899535403633117
TEST_01417,2.857548928863529,1.223125138249755,0.3432683503375649
TEST_01418,5.295669216977835,-0.6989526312562824,0.5954844715548754
TEST_01419,1.848013536629319,0.6184051565365344,-0.20549677321127058
TEST_01420,2.4659135139050483,0.9061339002851992,-0.7987099555634558
TEST_01421,2.5473993133933543,-0.34359358017814157,0.2117364523987174
TEST_01422,2.0886131767292024,-0.07653269450508803,-0.21579898993891478
TEST_01423,2.8967204645462035,-0.4716121168041229,0.11795988227471337
TEST_01424,2.648825627984047,0.14250724210596086,-0.0439076404427886
TEST_01425,2.2119651453723908,0.6624579294224977,-0.5695104446885586
TEST_01426,1.0743548967812062,0.20556024867773057,0.26583353932490944
TEST_01427,3.9068052807486655,0.7721105293689966,0.9103557122112512
TEST_01428,2.1524961323223115,-0.11725941147255897,-0.1530036470720768
TEST_01429,3.643504962293625,1.0129262412534357,0.42180980593538286
TEST_01430,3.016231732958868,-0.5818175463654995,0.7501207398071438
TEST_01431,1.526568844035387,-0.9311210554549694,-0.35863403340154887
TEST_01432,2.8489215369820444,1.349533280141592,0.3679675500052869
TEST_01433,1.945938760707736,-0.3670029368963242,-0.19788798906856775
TEST_01434,1.81261694576931,0.011252459412693979,-0.09960671072053909
TEST_01435,2.0488800015500783,-0.7196840644084215,-0.6942176131749153
TEST_01436,1.783901921456337,-0.05113842396271229,-0.13973935483115912
TEST_01437,1.6621655083301068,-0.5427176977171898,0.14525887512654065
TEST_01438,3.430608027015388,1.6679114763772487,-0.5627244027986527
TEST_01439,5.644981393606901,1.0299006766245364,0.3718708987684846
TEST_01440,4.403878342926621,-0.7721660485916138,-0.8077165886392593
TEST_01441,3.10119082383132,2.1433000764997003,-0.18865900560599566
TEST_01442,1.6444541736863851,-1.5980493363129646,-0.6792338982206285
TEST_01443,3.4350931278189423,0.4291045925257206,0.551479189889431
TEST_01444,1.8203864808034897,0.32362021877121927,0.5199496788845658
TEST_01445,1.028934995341778,-0.1322339799539447,0.19430915315586328
TEST_01446,1.707537161960125,0.14532671346855164,0.0539865322798267
TEST_01447,5.119863076096535,-1.0241636400123835,1.2850767519469262
TEST_01448,4.0637202110359665,1.1379553437592984,1.209485621604085
TEST_01449,3.8625778512675764,-0.28883548170381784,0.8611316326227189
TEST_01450,1.9558226581397056,0.6509573388423919,-0.11548170265863836
TEST_01451,2.4876822791541815,-0.318241538706854,0.3725760321801901
TEST_01452,3.856998713464737,0.5818389004622698,1.6477305411834717
TEST_01453,1.096995988661766,0.12453062858349084,0.12276113816004991
TEST_01454,1.7065110443469287,0.9939358827891349,-0.5961737359416485
TEST_01455,0.8827602742276192,0.37525276294136045,0.12642392049729823
TEST_01456,2.0653446414943337,0.5026723638832569,0.04035939021492004
TEST_01457,3.770522911886096,-1.7853945806317328,-0.4440775474267006
TEST_01458,2.5870551868400278,0.9404635548187494,-0.771507878108561
TEST_01459,3.457952261354804,0.2740522974782065,0.24896259713995456
TEST_01460,1.7606277601063252,-0.13541966088521482,-0.31210720548179743
TEST_01461,3.246104291605234,-0.018446902153015136,0.5956778121094704
TEST_01462,1.948200306511879,-0.4572495821256638,0.21144372843670844
TEST_01463,1.9810829877294303,0.5561542946804762,-0.6707096310207844
TEST_01464,1.6818282273306846,-0.6085450172532201,0.11117461403307319
TEST_01465,3.609384863049984,-0.2354934457617998,0.5582089772850275
TEST_01466,3.194198974494934,-0.049030011984705926,0.21114962907505036
TEST_01467,4.025219650805473,0.7908067049940527,-0.8219368686984777
TEST_01468,2.507428068254471,-0.466812949767828,0.1480330541061163
TEST_01469,3.262432542200804,-1.2303826601550578,-0.3982575625269413
TEST_01470,3.6568653601392507,-1.3744022448730469,-0.31185444088202713
TEST_01471,2.02535812880373,0.055303483246326446,-0.042773290151000024
TEST_01472,3.7182593659326435,0.7381811627079844,1.2258504690519572
TEST_01473,3.61745204007002,-1.0608829681550562,-0.13912966111648084
TEST_01474,1.8367351898736954,0.12791404511678217,0.46406337285912036
TEST_01475,1.7768547555826903,0.4368309254248142,-0.11892177693259717
TEST_01476,2.232394833884239,0.2510307928595543,-0.5495666659584045
TEST_01477,2.4237144968856574,-0.0385610478579998,-0.34727581901681426
TEST_01478,1.2940783810639978,-0.38275419150817397,0.5204056490193307
TEST_01479,5.615131698759213,0.77431581286937,0.7685594644765555
TEST_01480,3.404939504185915,-0.5912605382270812,-0.59670013057518
TEST_01481,2.7161157392522095,-1.9599538531080718,-0.4524432189441323
TEST_01482,1.3113595540646314,-0.8056068947106898,-0.6731830528757572
TEST_01483,2.673265642714262,-2.1082560437693596,-0.04469318437166512
TEST_01484,1.8644911272850038,0.3451799031068087,0.4142505447065234
TEST_01485,2.0817517408838273,1.004380361308217,-0.47175562926149367
TEST_01486,2.491714494510412,-0.43473699543213845,-0.39753536352828145
TEST_01487,3.9101951491107343,0.7040200024631321,-0.4530036601963639
TEST_01488,2.9286378049578667,1.5568019134411812,1.109020981429696
TEST_01489,3.365681590839684,0.14705706057673693,-0.39514298364031314
TEST_01490,2.894282438209683,0.07050660989427567,-0.1262449087637961
TEST_01491,2.7242936858008915,-0.050498808424055575,-0.9040424683638215
TEST_01492,2.5608671418961286,-1.5669298448733688,-1.1387644113746882
TEST_01493,2.2709438943083287,0.29322562440651656,-0.2545489578849077
TEST_01494,2.845956035181165,-0.03308635096901655,0.616071961968571
TEST_01495,3.361158143875539,0.18455317644882202,-0.26834934868216515
TEST_01496,2.593958690524697,0.5899133375883102,1.2903995903799534
TEST_01497,2.1747436474317907,1.066202490709126,-0.24211485900276897
TEST_01498,3.3485593742073774,-0.7726198895065784,1.381984287366867
TEST_01499,3.6874111085984707,-1.1061274044766427,0.19954361042809488
TEST_01500,2.1896249575669766,0.5825076599720717,0.2072662844044566
TEST_01501,2.0498427585953474,-0.18414688237166404,-0.6433582204673887
TEST_01502,1.7574252808718682,-0.9165608205566407,0.6553329857101441
TEST_01503,4.323872848771811,0.7207397550399304,0.25472982898166774
TEST_01504,3.476778044846833,0.12814217334002256,0.4467425770804882
TEST_01505,3.427412651267767,-1.1414341215608717,1.7555719959706069
TEST_01506,1.4822482101445198,0.11992153776627779,-0.07748517062854766
TEST_01507,2.7369604983239175,-0.3056910889979601,0.28899118324139716
TEST_01508,2.9752637066020964,-0.5440550268516541,-0.20295401291799545
TEST_01509,2.262023000985861,-0.02169530820852518,-0.4357742367583513
TEST_01510,3.393146882498622,-1.2996548501131535,0.8035437428337335
TEST_01511,1.9222742597842217,-0.39314829062151907,0.08781658130311966
TEST_01512,1.2669630250257253,0.4766655023385286,0.19331780702275037
TEST_01513,2.975522991460562,-0.5331473129692078,0.5882352545177638
TEST_01514,1.486575685464859,-0.14087493201346696,0.26691814941942693
TEST_01515,1.0140273483321667,-0.4843428744815588,0.25603226797456297
TEST_01516,2.3386859502581356,-0.08415771105539799,0.7458628554512262
TEST_01517,3.0551176156806945,0.13204722480756043,-0.8322293155952692
TEST_01518,2.3834313045374156,-1.0339366799237728,-0.8245532454714775
TEST_01519,4.918050880709231,1.0791106824121475,2.329994599475503
TEST_01520,4.097900609455049,-0.33424864453449843,0.3563535329977274
TEST_01521,1.1632663703508377,0.47030909202599525,0.35114486995086075
TEST_01522,4.240560886167526,0.18335143152964115,0.06502407909226418
TEST_01523,1.532779416523695,0.5786705447263718,-0.45566603952264784
TEST_01524,3.2978576373832227,0.04262073101362586,1.1501086311035156
TEST_01525,1.849022210600257,0.3229593579156399,-0.21432138136422635
TEST_01526,4.787141390822053,0.8142680335811376,0.8385934858313799
TEST_01527,2.3470401944026946,0.328926454395175,0.526251323798433
TEST_01528,1.3755801773217917,-0.16270315114860237,-0.16818053744971753
TEST_01529,1.7589944196801186,-0.010358492128491402,0.059419330745220184
TEST_01530,2.24238478745234,0.10740925809842349,0.543292786606431
TEST_01531,2.3627497702423335,0.003752035636544228,-0.35978926386768373
TEST_01532,4.881213375562191,1.016787385675907,1.8289704625811576
TEST_01533,2.2444918753671645,0.009859590645194052,-0.2118484478197098
TEST_01534,3.1406064161372185,0.5722933595196604,0.672466176859647
TEST_01535,3.054709776187062,0.4732809815722704,0.7192335490694046
TEST_01536,2.6379329945263863,-0.9603011892646551,1.3345734328648449
TEST_01537,1.712835577182293,0.6349536008353979,0.7553736563572288
TEST_01538,3.898455964226484,-0.6560001991042719,1.556450782306969
TEST_01539,2.8565175456368923,-0.4842480176200866,-0.07500106069082953
TEST_01540,2.173350968777418,0.7626014935121537,-0.43998672931683064
TEST_01541,1.3261402032836378,-0.6126403944524229,0.0582352237406075
TEST_01542,1.296070311537981,0.20443706124067307,0.21238653152304887
TEST_01543,1.296559903042078,0.04262312701892852,-0.320597193636775
TEST_01544,4.151343504290253,-0.08910823797005415,-0.4358765999820232
TEST_01545,2.8681154234686272,0.24809983658663928,-0.7295629238228202
TEST_01546,2.8873628413912056,0.21933894017469882,0.12545809673964978
TEST_01547,1.6601733694136143,0.14374942229866983,0.09453931985807419
TEST_01548,2.884258653948985,1.296119444492936,-0.8883784627633095
TEST_01549,3.9986864522523877,-0.6215712294816971,0.8161773866362572
TEST_01550,1.6291267894632817,1.0836494347461463,0.004316356878876686
TEST_01551,1.8097345325751604,-0.5221229029505253,0.08509913926738501
TEST_01552,2.466484869603813,-1.1143939190548657,0.4688826243902594
TEST_01553,2.672733634154752,0.6662249379069806,-0.2744402484164238
TEST_01554,2.174193564332485,-0.35135988719040157,-0.34902170205807687
TEST_01555,1.6673658999243082,-0.2223510253415108,0.1223747729218006
TEST_01556,3.7513520132437943,0.03614394289064407,0.6690722841402292
TEST_01557,3.6419696283068657,1.1924856660108567,1.0566888656470776
TEST_01558,3.519073646066904,1.1120222953307628,0.6250683882868886
TEST_01559,5.144254273197889,1.465024271343231,-0.8452190801718235
TEST_01560,4.500502529845953,0.30251280949115755,1.157436243478194
TEST_01561,4.088894785381086,-0.8608678580322265,1.189659247146666
TEST_01562,1.7395072474856972,1.2351616350820065,-0.7983990243133307
TEST_01563,3.888622166267723,1.5041746505545377,1.2941047890260815
TEST_01564,3.250066511555195,0.14349061375975608,-0.3249945825531483
TEST_01565,2.00394857822524,-0.5320820487991571,0.4665873298088312
TEST_01566,2.577794955816984,-0.5029144845663011,0.14235421061983705
TEST_01567,3.2310079498746394,0.5743560716421604,0.3278992905023992
TEST_01568,3.2439665237517357,-1.8588079259043933,-0.2626580312349796
TEST_01569,3.4494543501832484,-0.17361366337370873,-0.35491684596681594
TEST_01570,2.6467763759737015,0.2222528948187828,-0.49078020532262323
TEST_01571,3.9182011472866534,0.3157323238613606,-0.41086148093259334
TEST_01572,3.8521974541500805,-1.4561749278867244,-0.8302104768717289
TEST_01573,2.6353297984428408,0.15827800230550765,0.07790593608283997
TEST_01574,2.048781821605086,1.154279876205653,0.02178446653920412
TEST_01575,2.068677654514551,-0.5637765373418927,0.5821070195453762
TEST_01576,1.3160956220518352,0.4458069104976654,0.7343678459483981
TEST_01577,2.7336842476967274,0.7710166029919981,0.7143712806979269
TEST_01578,4.577450068401098,0.23815796309185028,0.3400556692878008
TEST_01579,1.6176223053799867,-0.5795581502275169,0.3541861139729023
TEST_01580,1.692776195495367,0.5114995276950002,0.6247251089311838
TEST_01581,1.9693171808316707,0.13214698471659422,-0.9022598620351553
TEST_01582,1.5366351526698767,-0.5414867559504509,-0.2592988228422403
TEST_01583,4.316635144646227,-0.7903605127555132,0.9209243620887995
TEST_01584,2.455562063509941,-0.13177823708450795,-0.03735678302079439
TEST_01585,0.9456528341242969,-0.5198270866302253,0.30863278666973115
TEST_01586,2.808942194769144,0.3128393800725937,-0.5016900738443733
TEST_01587,2.7344973632235527,0.6222326202316284,-0.4831897228677273
TEST_01588,2.63485772011137,0.5334866647022962,-0.06318134101238847
TEST_01589,4.565190392935276,1.2207042006693483,0.92975125822258
TEST_01590,1.3681144396369458,0.9473881556258797,0.03321522323143482
TEST_01591,2.418693222864121,-0.4162211618321538,0.17098079753154516
TEST_01592,1.3697797818360329,0.1318038103752136,0.2682687070967257
TEST_01593,2.725193815943003,0.7704958381354808,-0.7650732146158218
TEST_01594,1.5794788320493698,-0.1724774976068735,-0.0617648531973958
TEST_01595,1.0663418560197353,-0.33151432459515334,0.1269315125299096
TEST_01596,3.287482994207859,-0.2646010817728043,0.8912128896880149
TEST_01597,0.9587607946314811,-0.16621688157224654,-0.08026699687913061
TEST_01598,2.5649993114163427,1.191059244195342,1.0446873642904162
TEST_01599,5.283272055156946,-0.5462439933134206,0.279149680409193
TEST_01600,4.636491448239207,2.039341845675349,1.1770248277835846
TEST_01601,4.326344861409187,0.13095101159658656,-0.7626233685512542
TEST_01602,3.4609797517853975,-1.2224840514426232,0.19929842869782446
TEST_01603,4.021511358124614,-1.4815520395390986,-0.6107122985097766
TEST_01604,2.5202865312929155,0.6827839736356736,-0.07015056715512276
TEST_01605,1.922562140255928,-0.26483880081367495,-0.07001022515892237
TEST_01606,4.058419802478015,-0.2794216968320012,0.16042149053437263
TEST_01607,4.500867451701522,-1.1854545655145645,-0.33034292245596647
TEST_01608,3.5641691024438145,-0.9412047118743658,1.2891105143948198
TEST_01609,2.9809346551955938,0.46730974412828685,-0.09287733483195305
TEST_01610,1.9771464158430099,-0.45706012185445427,0.38872947409653663
TEST_01611,3.5611804429483414,-0.2571688448603153,-0.03169053076596558
TEST_01612,3.000647922998011,0.9565755403316021,0.18681310901868342
TEST_01613,1.8030336790201664,0.04927055685138702,0.17166247631445528
TEST_01614,1.6924337719521523,-0.8549500297729969,0.858531819007516
TEST_01615,2.5772526723315714,-0.2279535434075296,-0.606437231003046
TEST_01616,2.7854439832378404,-1.271944963016212,-0.3181381225970387
TEST_01617,1.9566671440296173,-0.7124414047025442,-0.2170047550160885
TEST_01618,1.3035263147411347,0.0629895745818615,0.40160105906808374
TEST_01619,2.013615016354561,0.43934049802923203,0.2529692426246405
TEST_01620,2.3149580321234167,-0.8846859482002258,0.11874770558390021
TEST_01621,3.2618570572850705,0.12089281820213796,0.13441830769014357
TEST_01622,1.8907084812140464,-0.4149624270160198,0.3023704825211763
TEST_01623,2.459673292224646,-0.6647591766581535,-0.5699090715920925
TEST_01624,4.164970818013907,0.21208314932125807,-0.8169982649861575
TEST_01625,4.611662957100689,-1.6951643455112577,1.0344207661066651
TEST_01626,1.8026444062906504,0.10596997602397204,0.4422245355936289
TEST_01627,3.564709903484583,-0.24605848750138282,-0.27086958983564374
TEST_01628,2.8701812507973314,-1.1563179423577785,-0.3299604172068834
TEST_01629,3.625153817999184,-0.26916087738245725,0.8580289439117909
TEST_01630,1.2062277818415166,0.4798422233262062,0.32591543918964544
TEST_01631,3.1357522808247804,-0.7860437666322738,-0.5611190847572685
TEST_01632,3.493912297751665,1.4513750718100369,-1.0391115516141056
TEST_01633,3.4366342840493918,0.8663348093867302,0.767409284822464
TEST_01634,3.728359946568966,-0.4396850658445824,-0.6507339591479302
TEST_01635,1.554564819137454,-0.2724998936316967,-0.18242162634271383
TEST_01636,2.5565563813326357,-1.4948195709767342,1.0627939357630014
TEST_01637,3.0135820527961252,-0.2927186236630082,-0.10856237787604331
TEST_01638,2.8464520198966263,0.5087230042412281,0.16807624493449927
TEST_01639,4.109151560337879,0.996349710463047,1.809603184343338
TEST_01640,3.603941834463358,1.1113338741256595,-0.6451320948370695
TEST_01641,3.421285446992874,-0.0729327950847149,1.1054395313881635
TEST_01642,2.9200466472325326,1.596207753610611,-0.6403182964673042
TEST_01643,2.8758346823388337,-1.1745513642816543,0.3364226518585086
TEST_01644,1.8121665862150191,-0.19766732229971887,-0.192747961386621
TEST_01645,2.133000500795126,0.5636073141943216,-0.15057810076153277
TEST_01646,4.70738033956182,-0.15889028865385055,1.2356028059705495
TEST_01647,4.9405908817567825,-0.9001422305628062,0.2688115066058142
TEST_01648,5.137961014390707,1.2417971808965207,-0.33790765031933784
TEST_01649,2.7797816781044005,-0.20424707748055457,-0.27366416854429243
TEST_01650,1.743269987291336,0.13836944984960556,-0.11026936402094364
TEST_01651,1.7645119146404267,0.0014325321915149673,0.20585735461547972
TEST_01652,3.56143146115607,1.3834672659397573,-0.3225886561409235
TEST_01653,1.5132712615337371,-0.2350379484577179,0.34758019715222715
TEST_01654,3.257057361327529,0.7282189709472656,-0.6138228891046047
TEST_01655,1.3003928369703293,-0.8264582218849436,-0.21174073024618625
TEST_01656,2.668416088019252,-1.2703047820520401,1.0577513028716483
TEST_01657,3.8877287557759286,0.5280574040398895,0.5809440750090182
TEST_01658,1.4909369580936431,-0.33307273238372803,0.2094821235897988
TEST_01659,3.7507595038404467,-1.4807910823311805,-0.6181323524658084
TEST_01660,2.115504234373808,0.8845920782784223,0.7802440463286638
TEST_01661,2.130345218667388,0.2561304478304386,-0.49717811887514596
TEST_01662,1.559701207154751,0.17594818546402455,0.1869039972575903
TEST_01663,1.6671030294719935,0.6635275031214952,-0.5701968161405325
TEST_01664,2.8704841682460307,-0.47927964659428596,0.28028816381402316
TEST_01665,4.595712331935167,1.3303832058107257,-0.93565546195817
TEST_01666,1.7992482899147273,0.14754696643590928,-0.4832416370382309
TEST_01667,1.1766345061929226,-0.24517189318978785,-0.2764748575209491
TEST_01668,2.663222260814667,-0.45459250907468796,0.661414641370058
TEST_01669,4.633060226767063,-1.214380215181181,1.2871633663816453
TEST_01670,2.5296717257738113,0.33748218956154585,0.6863699151829481
TEST_01671,1.1336059159638883,-0.2564316533372402,0.047179869813025
TEST_01672,1.7409373582992553,-0.5907002272031308,0.4649247051663697
TEST_01673,2.599680474116802,-0.6862196084363461,0.5991619519126415
TEST_01674,3.1724110084323884,-0.5290765798015594,0.08408243261003494
TEST_01675,1.9096525527615547,0.5478832646203413,-0.2656258546185494
TEST_01676,3.748037610350132,-1.948887153792858,1.0219057019021511
TEST_01677,2.625288321944237,-0.6516930806878806,0.4138295343785286
TEST_01678,1.7900593078291416,-0.055707545124888416,-0.4458277871952057
TEST_01679,5.438916319139004,-1.9158156280308665,1.329312510672249
TEST_01680,3.276246195921421,1.4319569563592673,-0.3066449378417134
TEST_01681,4.148675123923421,-0.020008045187115672,-0.6584542367780208
TEST_01682,2.2881238756551743,-0.2603950179505348,0.8271657297723889
TEST_01683,3.336554284336686,0.4810151354153156,0.46828524138480426
TEST_01684,2.0233796376628876,-0.33276440888285636,0.22556937763392926
TEST_01685,1.6385204455976485,-0.8248245542634427,0.5826199720619917
TEST_01686,4.3862992772707345,0.7746908514028191,-0.08868237582707406
TEST_01687,2.0845994482064247,-1.0703732425292731,-0.229800986800313
TEST_01688,0.982031696903348,-0.7787713259885312,0.30641194272488353
TEST_01689,2.9817237707594635,0.257219478533864,0.33833210399352015
TEST_01690,1.9146691963922977,-0.08797945535016059,-0.036671314889978615
TEST_01691,3.4113646164995433,0.009420818603634834,0.13873944601154328
TEST_01692,4.687013163005114,-0.11398886301672459,1.4342817789437772
TEST_01693,2.9528945438445806,0.23761618052959443,0.5850653731123209
TEST_01694,3.818252044864893,-0.162514869664073,-0.2292904269776344
TEST_01695,2.563510274894476,-0.34208843312084675,0.028828758539617062
TEST_01696,2.7229270656775237,0.1264478597691059,-0.4360320040434599
TEST_01697,2.726618689932823,-1.4512567671055794,0.5142622916632518
TEST_01698,1.2265157379448415,1.02332614062953,0.45012623867037893
TEST_01699,4.647531555902838,-1.108391708897829,-0.6211988332909644
TEST_01700,1.0523168552490474,-0.36836708017498254,-0.11907717438212037
TEST_01701,1.4750098336234092,-0.27142342217028137,-0.47936605658605697
TEST_01702,1.878976282802105,0.8321998911812305,-0.47660519270962476
TEST_01703,1.3743920827254057,0.6780514787032306,0.3467931700362563
TEST_01704,1.8027890312194825,-0.04956750519776344,0.08447735457156598
TEST_01705,5.005995363716215,1.392335119485855,1.172683103038311
TEST_01706,1.0906845328354835,0.45560506205773355,0.5913461441540718
TEST_01707,1.3337964440895318,-0.03292883653777838,-0.2336768460120857
TEST_01708,2.727772461507797,-0.05304677892166376,0.013023013582468032
TEST_01709,3.3915874977407454,0.15952761488461495,-0.13113711165702344
TEST_01710,4.520761287324756,1.0296779179012776,1.5339775405433178
TEST_01711,2.082968152453482,0.26418695556879046,0.13429825515133142
TEST_01712,2.014012006573707,-0.8059464815224409,-0.22125096168744565
TEST_01713,2.27650461858511,-1.1197465584729611,0.30719772910261156
TEST_01714,1.5900678470044136,0.13878165608763696,-0.022533984066843985
TEST_01715,1.8859884452567697,-1.184542416227281,-0.6240005397053957
TEST_01716,3.2700601024911404,1.4207400911011696,0.9184684409590363
TEST_01717,3.737540808065414,0.6040779761426449,0.6872703203857095
TEST_01718,1.4654790576223136,-0.24666508386439084,0.3560681536248773
TEST_01719,2.31374833280319,-1.1659304763154983,-0.13278046878680586
TEST_01720,3.2779399084248246,2.3404854989201427,0.9816338185386062
TEST_01721,3.7164571924706102,-2.379735712044716,-0.7538599864809513
TEST_01722,4.22468474518466,0.14940742886656522,1.525457926801145
TEST_01723,1.1567384122707844,0.6074504371666908,-0.33806060637480023
TEST_01724,2.278167574898839,0.9669278925974369,-0.21684036019992828
TEST_01725,2.471098890362024,-0.022500727166414262,-0.07296484146539867
TEST_01726,4.651012124279663,1.2305462481645346,0.07867600240971893
TEST_01727,3.026644793333411,1.0308997592949867,-0.17396138803216815
TEST_01728,4.687220591136575,0.1528490036175251,-0.3666655979063511
TEST_01729,3.0520141819548607,-0.00975158003520965,0.38031773476099967
TEST_01730,1.4661203893852235,0.5782807215507031,0.054378902441069486
TEST_01731,1.0140049126638173,0.28996483637058734,-0.30702051637668165
TEST_01732,3.5610019320662616,-1.0364934873725773,0.17062574705648423
TEST_01733,1.1551812241261006,-0.44679366745352744,0.17165159766310453
TEST_01734,1.8039330058703422,-1.0461265591757893,1.1855870920461415
TEST_01735,1.410508893570423,-0.5236430112687498,0.5212810422760425
TEST_01736,2.6339925218528806,-0.2133357786101699,-0.5414015925126076
TEST_01737,3.7230349009064136,2.1709054298398494,2.028539470297545
TEST_01738,5.431319646965556,-1.1203235819005966,1.6799551062351465
TEST_01739,1.3099643802614211,0.27717785186469557,0.05647147801360487
TEST_01740,2.151701684727669,-0.6968181469295025,-0.13642971953893454
TEST_01741,1.1767031935094594,-0.4422763581396341,-0.21078412607125938
TEST_01742,1.9891078986322879,0.8991844231426716,0.6191513293651343
TEST_01743,3.275309127563238,0.6071284065472483,1.1404169772207737
TEST_01744,2.8609396249591112,-0.3577407060574889,0.21569131758987903
TEST_01745,1.485446973644197,-0.49485802593725925,-0.1748175558746457
TEST_01746,1.2930407584233283,-0.8125050133801103,-0.5494295396890938
TEST_01747,4.116313096159697,0.3431546224262714,-0.8274847749300003
TEST_01748,1.7600722366666794,-0.2290699413509369,0.1045881419521533
TEST_01749,4.44855626468587,-0.7729408896946907,0.7401058078199029
TEST_01750,2.3956324912875893,1.4413862772596777,0.01306903670553863
TEST_01751,1.5669636695318223,0.1131276288576126,0.12114762724760175
TEST_01752,2.7684475744426473,1.6024017888382673,0.38594841046050193
TEST_01753,3.067678045689821,-0.6784491460266113,0.615536147434771
TEST_01754,1.605875405794382,-0.1655484812705517,0.19859177761892974
TEST_01755,1.7846871297075153,0.18550234664189816,-0.5215465909438133
TEST_01756,3.385693892980337,1.3914929114794135,0.5523265367756486
TEST_01757,2.706957754650831,-0.047866540643572805,0.5774835354950428
TEST_01758,1.6518792301459313,-0.49229005083483457,0.03487806884270534
TEST_01759,5.898921025422215,0.26549795589256286,0.38587679702439903
TEST_01760,4.736648390804261,-1.1116340534866451,-1.511999362571001
TEST_01761,4.347926315417648,-1.8441968779248894,1.1440115600957275
TEST_01762,1.8763047186362742,1.6582538301146625,-0.5577943661955596
TEST_01763,1.276670749207139,-0.1693892014670372,-0.5006133116227984
TEST_01764,3.194010810828209,1.1785607464423775,-0.030400436229228972
TEST_01765,1.100562771481514,0.24563712545716762,-0.11010916277524829
TEST_01766,3.334737919625163,0.13740651984322072,-0.7438678724918365
TEST_01767,3.5232783575510775,0.025248617974489927,-0.605733541588068
TEST_01768,0.8427739050989151,-0.14713183041912317,0.2711617841962576
TEST_01769,3.489988756205283,-0.06591342209991813,-0.31902220976641776
TEST_01770,3.602710069512367,0.36145293594002725,0.258276615488559
TEST_01771,2.6387815104665755,-0.2229548979870081,-0.06697097190713883
TEST_01772,1.995961563136697,-0.09019639807617665,0.4361463239057064
TEST_01773,2.769049084280163,-0.31369831616723537,0.2285026361852288
TEST_01774,2.7650695292952583,0.23687915256994962,-0.45189833829283715
TEST_01775,1.068557189307928,0.41722821404966715,-0.3097645282576084
TEST_01776,2.9451824886641504,0.2689260824468136,1.32176512759614
TEST_01777,2.221045180891991,0.1105930258140564,-0.5865053302376271
TEST_01778,1.6182068908479215,0.03690760451051593,0.17818795126193762
TEST_01779,3.6547311635383366,1.2068568890982867,-0.4402360072477758
TEST_01780,1.8851685004591943,-0.48099980031344297,-0.613645845985055
TEST_01781,3.3067266363732815,-0.15142254474571348,0.5569267363165616
TEST_01782,1.9126326031263134,-0.3916113554543257,0.42253193304395675
TEST_01783,2.3823224054703713,-0.3081095554838181,0.5374320078722536
TEST_01784,3.1389439526462555,-0.5338430827601552,0.7963382155048847
TEST_01785,1.9266520921276808,0.07753655653584003,-1.0046449270626308
TEST_01786,2.8512166643580197,-0.024819689121186733,-0.01620307993590832
TEST_01787,2.3238165369485615,-0.19032793556368352,-0.400104491327405
TEST_01788,1.9302421057028771,-0.3427027638715506,0.24266377536177636
TEST_01789,4.979570834913015,0.8626572328979969,0.1112819265961647
TEST_01790,5.3444966115820405,-1.1822996157562733,1.2896765449903012
TEST_01791,1.9327436325819491,-0.28384601859140396,0.0874367671161294
TEST_01792,1.5150249936716556,0.2728431710147858,0.37056902743959425
TEST_01793,3.276576034625292,1.2334584227318763,1.6611457024887801
TEST_01794,1.8918928732414246,0.5204711754455715,-0.01505559816610813
TEST_01795,1.654206133006543,0.3008337910609841,0.35305282490310075
TEST_01796,1.2466432131230831,0.3474018671065569,0.49090595236292484
TEST_01797,2.99884441604352,-0.525888389231801,0.03988037585628033
TEST_01798,2.5217117805256843,0.25585241684192417,0.37920863445854186
TEST_01799,1.7902345054313242,-0.8826701101616621,0.4469709183001369
TEST_01800,1.422970595916748,0.9999320158714056,0.2935275094154477
TEST_01801,3.1145313562364576,-0.2074766331087947,0.6191153039465547
TEST_01802,1.4980363426513672,0.6278294933549166,0.7278884470813274
TEST_01803,1.1822969244589805,-0.5552136350239515,-0.005673697019353509
TEST_01804,1.9425097993564606,0.7493301443537473,-0.12002518527424336
TEST_01805,1.6746651973409652,0.35447082982635497,-0.352380255689919
TEST_01806,4.21021421807313,0.3200868682513237,0.7272272913870812
TEST_01807,3.41943239106822,-1.310910105776787,0.6104592167549729
TEST_01808,3.831458167308152,1.4769176895861627,-0.35568055170220136
TEST_01809,2.036975950842381,-0.11573025609087945,-0.1703622168303728
TEST_01810,1.6848988275699615,0.24430185224342346,0.4391179402310848
TEST_01811,2.2115584416697027,0.06931582774412631,-0.16328196218729019
TEST_01812,1.6068661172561645,-1.176611027395809,0.08962081375658512
TEST_01813,2.6322940905916394,-0.38499364472448827,-0.6136077493585348
TEST_01814,1.5128851942543984,0.45643303794384005,0.1230048121380806
TEST_01815,1.021120679991722,0.02553765870535374,-0.183760498734653
TEST_01816,2.0439794641800075,0.843711166805476,-0.9001127163248658
TEST_01817,3.7540629638802483,-0.1886394225063324,0.5451727151515484
TEST_01818,1.041277276471615,-0.11103992600643633,0.012708160489164292
TEST_01819,1.8021258928749562,-0.972195569929719,-0.036434705125153066
TEST_01820,2.134248295006514,0.06845959252107144,0.5673268440535665
TEST_01821,3.22171486145401,0.2184838595058918,-0.21443595048141478
TEST_01822,1.9279820819425584,0.7300561136810779,0.3930136055366993
TEST_01823,4.095223833873034,0.2903604768400192,0.679912409466505
TEST_01824,3.729141377647102,-0.6804096797920466,-0.2336709503540993
TEST_01825,3.228600734977484,1.4733860327762662,0.5401430772979856
TEST_01826,2.4940467440207006,-0.11597674979817867,-0.16873541974103126
TEST_01827,4.2551032986514565,0.16452994330060483,0.8618945974231959
TEST_01828,3.1249313423067404,1.0510516318436265,-0.6407081092597843
TEST_01829,2.7074504835855366,1.788725854135394,-0.4673875895076096
TEST_01830,3.62842008485049,1.679618072173357,0.487818526234746
TEST_01831,1.949411361418128,-0.03749133245611191,-0.17489285595679283
TEST_01832,3.4174987406840325,-0.959903435559988,1.0030584295530915
TEST_01833,3.029754969186306,0.7629013782451153,-0.09839885511136054
TEST_01834,2.023535916349888,-0.2989437759222984,-0.06202834616369009
TEST_01835,2.0955746486440003,-0.38960828414464,-0.556467481327176
TEST_01836,1.7190040921933651,0.5577571097363829,-0.5173440045292378
TEST_01837,1.9747269695992469,-0.29617890563809873,0.2640581786463261
TEST_01838,2.954449839605093,-1.6053129778063446,-0.28130998930442336
TEST_01839,3.2785097787533997,-0.46076039672589303,1.1294740914647579
TEST_01840,4.844617784960866,-0.13499523959207535,-0.8361555472409725
TEST_01841,4.525308755821884,-0.2243038470813036,-0.5400477426426411
TEST_01842,2.096508205690399,-1.220333478853464,-0.723141179696083
TEST_01843,2.3900395728087425,-1.1849996268970966,-0.04727417420199513
TEST_01844,2.1127326857147217,0.28964847020316126,-0.5662690298724175
TEST_01845,2.169402753675699,-0.15326878991889953,-0.44915061892306807
TEST_01846,2.272874383306265,0.3344723832332492,-0.556121890937388
TEST_01847,4.840287816509605,-1.2809563290514947,0.6363552170671225
TEST_01848,5.689165994777203,-0.9904287138639688,0.3758420176187158
TEST_01849,4.402236315264225,0.5504944990613461,0.020108661357045175
TEST_01850,2.4382720968987943,-0.13992459582710265,0.6505398343183995
TEST_01851,2.765023222828716,0.037650245361745355,-0.4829306994150877
TEST_01852,1.7494240782701969,-0.3038083003547192,-0.615097285758257
TEST_01853,2.0471381146905423,-0.2045775859042406,-0.007844283803641796
TEST_01854,2.9494522980777025,0.004804005767762661,0.5406935799924135
TEST_01855,3.0624217060480117,0.7604277220161557,0.22433625971014426
TEST_01856,1.2511929226915837,0.49629022153499724,0.3153834599342346
TEST_01857,2.4981838638814686,-0.7895046970212459,1.1539733526259661
TEST_01858,2.9097246603792906,0.8154316405671537,0.3525973010996878
TEST_01859,1.9347423578728438,-0.9122754415574074,0.20284091493338346
TEST_01860,2.388697248677492,-0.4590545676755905,-0.8700407333037853
TEST_01861,1.6801639183584451,0.5326785947179049,0.4882664303521067
TEST_01862,1.8960273810274602,0.6785382263481617,-0.15912997657322883
TEST_01863,2.4319278518843053,-0.08128155872121454,0.32260747061941025
TEST_01864,2.4276141935353874,0.007388659248322249,0.12079024515122175
TEST_01865,3.8090800474889277,0.0818520331583023,0.8507540638861656
TEST_01866,3.0923181355140805,0.661289712156117,0.3378015472656488
TEST_01867,2.4490718744375704,-0.5589460808284282,0.24833276531102508
TEST_01868,3.104922589668393,-0.3912822464754581,-0.05420047536587715
TEST_01869,4.337790707176208,-0.7662291195406914,0.2732807990103066
TEST_01870,3.73198749419111,0.7145460021545887,0.6521129980419874
TEST_01871,1.3272276406097412,0.275392660097003,0.13095732225531712
TEST_01872,2.4341551381134985,0.6392558916983009,0.7287547758443952
TEST_01873,1.815564808520913,0.2732127505717277,-0.2811278262681961
TEST_01874,2.1458854917063714,0.5974859209649562,0.3240283155338764
TEST_01875,1.872274287886858,0.06046319454112649,0.5257581669156551
TEST_01876,4.093290586222172,-1.3877053320200443,0.3791450794896483
TEST_01877,3.1083942435748577,1.2397761699129344,-0.5601742946815491
TEST_01878,2.81136346980536,-1.2364527479920984,0.2972611178331003
TEST_01879,5.141917954290628,-0.3802229730350971,0.9673015822114945
TEST_01880,4.704319350613356,-0.20070418357020617,-0.515201508615613
TEST_01881,5.296076533453465,-0.9918922891843318,1.2669192093658448
TEST_01882,3.923210069385879,0.5773883342152833,0.8393873039233386
TEST_01883,2.319912215562463,-1.5259852998809815,0.28678508311128614
TEST_01884,2.096902844994068,0.7694629224954843,0.25597720633697507
TEST_01885,1.120440367030263,-0.14316749446880817,-0.2608109623840153
TEST_01886,1.5431094187133312,0.9802503278646469,-0.45304181254722176
TEST_01887,3.801630400874853,-1.3315681778421997,-0.8737560035477281
TEST_01888,4.440103358037055,1.9284796134482622,0.16617575759857894
TEST_01889,1.2722411481046676,-0.38391987289857865,-0.16259987287795544
TEST_01890,1.3973816181640626,0.09306917172694207,-0.13057404034738243
TEST_01891,2.1033075527112484,-0.07968598467129469,-0.8167356646316648
TEST_01892,5.128953548310101,-1.1914501091617942,-0.850247389924705
TEST_01893,1.4462875131732225,-0.26810872831887006,0.19908157890665532
TEST_01894,3.0921055278099776,0.24865715998357535,-1.2053046111008525
TEST_01895,2.503359741469845,0.6318893346095085,0.09936081020465493
TEST_01896,2.6991287293117048,-0.23529337746083734,0.7648229823433756
TEST_01897,1.6456983529407978,0.5005749197248817,-0.3907857187488079
TEST_01898,5.1480841827057,-0.9827622198269368,0.003877815208539367
TEST_01899,2.001879548515558,1.3096271034193934,0.32348097237432005
TEST_01900,2.7640904502173664,-0.24200481976033747,0.3541548482118845
TEST_01901,1.8474812966461778,0.08784318752616643,0.0857461315740645
TEST_01902,2.259759312083028,0.26731065168231727,-0.8497976551082432
TEST_01903,1.332302735940218,0.3630509951669127,0.3639868598111421
TEST_01904,3.531812437354088,-0.3194686484325528,-0.08081441675388813
TEST_01905,1.2946769572889805,-0.28086258555936816,-0.37452442156744004
TEST_01906,2.4934469370477794,0.38577794418227673,0.44573676983428
TEST_01907,3.6198400018491745,-0.48139846215331555,-0.10773183928132057
TEST_01908,2.857199892549217,-0.07439103327250482,0.07123830675518512
TEST_01909,3.722240737339616,-0.11009470392376185,1.0699917077115775
TEST_01910,2.3090923596327304,-0.6647428414443135,0.3133879266194403
TEST_01911,3.022967905809075,-0.7134270840480328,-0.004568105868071317
TEST_01912,1.1845984555985927,0.03439668947517872,-0.2010898389160633
TEST_01913,1.8440046426799894,0.7131832413371801,-0.7428352126077413
TEST_01914,3.379829825441241,0.535829376596868,0.8639286166317462
TEST_01915,1.734684331645608,-0.832246172491312,0.44523585802829263
TEST_01916,2.3797261765255926,0.21819990176844598,-0.08199510791945458
TEST_01917,3.0457943711514472,-0.5671008620869443,0.3292965663100481
TEST_01918,2.6041909462554456,0.3751271563801765,0.029012835420146585
TEST_01919,4.907730553610921,1.0549201644032598,-1.0624350153740645
TEST_01920,4.355343867583692,-0.8839751954240799,0.5115689198422432
TEST_01921,2.801905777332246,0.2460255149399042,0.6374191969356835
TEST_01922,3.4389645594923497,0.6370657106877565,0.8865530408008099
TEST_01923,2.478263588338971,-0.9694877362679541,-0.98403189396739
TEST_01924,2.9031805526776315,-0.500755438880682,0.14858513064664602
TEST_01925,2.335710507741213,0.3568996454795599,0.18020288844895363
TEST_01926,4.278618267088741,-0.1369514720874727,0.16210355782228708
TEST_01927,3.101635725770116,-1.3706916412434578,0.07274191283047199
TEST_01928,1.3463611230120658,0.47262650580024723,0.5870208954228758
TEST_01929,3.6586160489228368,-0.006148133287549019,0.38131934496831893
TEST_01930,1.1825467505865097,-0.16602767227697374,-0.14269692840266227
TEST_01931,4.325580354735613,0.4608793952331543,-0.203243270534575
TEST_01932,3.641514679163277,-0.29134802469444276,-0.2496188090173006
TEST_01933,1.6601865750966072,-0.2678931065840721,-0.2733285265493393
TEST_01934,1.7420865088899136,0.12570472918248177,-0.5227550499407053
TEST_01935,2.914778690657377,0.5934736063466072,-0.8106879137086869
TEST_01936,1.1394841603296995,0.190780399567008,-0.06176860428714752
TEST_01937,2.6943520770440923,0.34616436832976344,0.2898862192040682
TEST_01938,5.315053386116147,0.5408772355764508,0.37623153830575945
TEST_01939,3.377755916992545,-1.0138957946734428,0.25703445035646855
TEST_01940,2.732020937200427,0.7935588055269718,-0.08615807305733114
TEST_01941,2.130254827115834,0.45057723407530786,-0.6975954139204025
TEST_01942,1.6961685457191467,0.3019574240847826,0.28764265321730076
TEST_01943,1.4227411996223926,0.23623075605988503,-0.19142282200980187
TEST_01944,1.3135074715625048,0.24464086332631113,0.2694713722244427
TEST_01945,2.0469342822839023,0.1503208854662776,1.102521141069444
TEST_01946,1.9166766490175724,-0.00834197911000252,0.43417941382443903
TEST_01947,3.9449061012308597,0.13464519693875313,0.004437242297679186
TEST_01948,1.9585779785802364,-0.577415636326313,0.32624426249825955
TEST_01949,3.2357643556946516,-0.8396667968178988,0.26010097656035425
TEST_01950,4.006960476450533,-0.21458716396012903,-0.7627732531383038
TEST_01951,2.8085850368056295,0.5490798452005387,-0.5684972583675385
TEST_01952,2.6891245571332276,1.4298748521854878,-0.47982261221385003
TEST_01953,1.6924156940488815,-0.29981715534460546,0.19093529296040535
TEST_01954,2.6757762051038743,-0.17920222369503974,0.11011620075809955
TEST_01955,1.947806383810386,-0.20995176259350776,0.21908240537184476
TEST_01956,1.6343674145689011,0.6404691499150992,0.4293665657778084
TEST_01957,2.075931735350609,-0.0390617832980156,0.4304007940270901
TEST_01958,2.664487084880948,-0.5494101994776129,-0.40219777841257304
TEST_01959,3.960711630907248,-1.3527049316281081,2.396284946993053
TEST_01960,4.579040946695566,0.44600173947227,0.9647646074070334
TEST_01961,3.6332529145070316,1.9848499656659366,-0.6171593384035826
TEST_01962,2.261177807379484,0.33947051280272006,1.0350664051699638
TEST_01963,1.7740003685772716,0.39926807927334307,-0.5424098917128444
TEST_01964,3.31836043648947,0.6443348780350089,-0.845882085832119
TEST_01965,2.0203160614976885,1.1096036357857884,-0.6743304541420341
TEST_01966,1.3064245199804305,0.7730823893632889,-0.17438722606769205
TEST_01967,4.110323362381219,-0.3129252142977715,0.1587065536299348
TEST_01968,3.944704375388324,-0.39679614732956886,0.7224123555714488
TEST_01969,4.36693357053709,-0.07697270577716828,-0.9814233968245982
TEST_01970,2.383928927199185,0.4444925178042054,0.6279134535391927
TEST_01971,3.2044784858981075,-0.04180618199145794,0.6215164258880616
TEST_01972,4.87454563667196,-0.011996992622971535,-0.985446769759655
TEST_01973,1.0358229727896453,0.16263109107351303,0.2109172368090451
TEST_01974,3.2972416963086126,-0.6199942809644341,1.0438505070431232
TEST_01975,1.1975236044667958,-0.1842633035568595,0.4126793062761575
TEST_01976,2.6731316309002415,-0.8065373871210814,-0.6539919099138976
TEST_01977,3.681420584241282,2.239719609109163,-0.14002004342448712
TEST_01978,5.655861711649537,0.5223704911943674,0.7215105438150764
TEST_01979,4.648740522938162,1.3846793099014758,0.036411924145758154
TEST_01980,2.0829682234834435,-0.8124818075440824,-0.2632684140726924
TEST_01981,3.1081521016430855,-0.19172440963685514,0.06696957726538182
TEST_01982,1.9627614925916195,-0.7682050616442561,0.6958674678733945
TEST_01983,2.5987355380272867,0.4022679774808884,0.5082758604078292
TEST_01984,1.5745056215342284,-0.40981616633510587,-0.32449938685292007
TEST_01985,4.862736609061598,-0.16756233206766843,-0.0448013964343071
TEST_01986,2.7174970479400753,-0.33756827779328824,0.4566216152797937
TEST_01987,4.672226037253603,0.3875257790977955,0.33588660673087833
TEST_01988,2.390646788581431,0.5321896307879687,-0.3287817133053541
TEST_01989,3.0976774074276983,1.3898863438397049,-0.7648665306208432
TEST_01990,4.909556545500278,0.7525198390470147,1.5765442714004516
TEST_01991,3.1704947270562647,0.4704189099559188,0.46046168958207967
TEST_01992,2.0171881083054544,0.6363452959159911,0.47373543737976254
TEST_01993,2.773522913278818,0.0942034749224186,0.17888044760274888
TEST_01994,2.3396278490672113,0.4294297543234825,0.11725904388329386
TEST_01995,1.7274649585944415,-0.6037478976802528,-0.09604756740894914
TEST_01996,1.8794438368968964,0.19604788580960036,0.45846655576872825
TEST_01997,2.0777569738500117,0.23381615646505355,-0.17712438346672058
TEST_01998,2.7107418907227516,1.5223099158413411,1.0268132515647412
TEST_01999,3.161393873888984,1.8937474800079763,-0.8131632620573044
TEST_02000,3.933946169512749,-0.1142386186106801,-0.6047432806100845
TEST_02001,3.4956115131940844,0.2871552094427347,0.0018309020930528646
TEST_02002,1.7878256950814129,-1.448588610367775,0.49050018667927386
TEST_02003,3.4658240918893815,-0.69055278667406,-0.006078241323649883
TEST_02004,4.041604579489321,-0.6619078934113979,-0.19979534990429879
TEST_02005,2.231773984247342,-0.08076044931817054,-0.39930936417639257
TEST_02006,4.304782577901006,1.1182420009685754,0.6004882256351113
TEST_02007,3.0463839229494334,-0.9660558645813464,-0.02390228135383129
TEST_02008,5.074789365148544,1.676734901157379,0.008618705139011144
TEST_02009,2.7939787285847664,0.37447930401873586,0.4734791350946426
TEST_02010,2.0193979714426993,0.06112470015799999,0.0887023343635723
TEST_02011,2.452504132138252,-0.3490829884826951,-0.18599625594721733
TEST_02012,3.0340890533721447,-0.8133195797684789,0.10987788586837054
TEST_02013,2.81038987216723,0.21039808947086336,-0.013651642987728113
TEST_02014,3.3394756684205533,0.06308165918828547,1.2641856883812548
TEST_02015,2.722693449755311,0.4785277524803281,-0.19988888218033313
TEST_02016,3.024796243145466,0.3809482014894485,-0.5236632289361953
TEST_02017,3.6399987029079197,-1.7684538749482632,-0.44519893187618254
TEST_02018,3.4148530647170543,-0.1900264131309986,-1.0421446674462558
TEST_02019,3.628327125626743,0.9277867997020482,0.9908160374121666
TEST_02020,2.6932646048561333,0.9372925963760018,0.8784077026844621
TEST_02021,1.5062665180652142,-0.22550877468407154,-0.1504606556071043
TEST_02022,1.1508516907828747,-0.2718690427324772,0.44785962362653015
TEST_02023,3.5612369727482798,-0.19184698556625843,0.15977073791003227
TEST_02024,2.4623295827355385,-0.2284602851819992,-0.3449340175966024
TEST_02025,1.305971170876503,0.3599455962315798,-0.09468496072387696
TEST_02026,1.6667679114203453,-0.4939013681498766,-0.36339171198916437
TEST_02027,2.9460895098375084,-0.24209407836282254,0.9212566851277352
TEST_02028,1.9745921835893392,-0.13805658155751227,0.21163775177446006
TEST_02029,4.674405543479681,1.097254201699376,0.49385151737642285
TEST_02030,1.9633646905354858,-0.7858798933129311,0.7508490572060198
TEST_02031,2.3516792384777814,-0.13911373746693134,-0.42951746292543413
TEST_02032,3.8054665795075895,-0.33445891003656386,1.9651834584610461
TEST_02033,3.3350548529993893,0.19379543441152575,0.31505687011289596
TEST_02034,2.1467604476008417,-0.056744080758571624,-0.10922431508362293
TEST_02035,2.354084848998353,0.647375307046771,0.5527196566092968
TEST_02036,4.147374736362457,1.76069829679358,0.3225336364732981
TEST_02037,1.591121963415146,0.33962663890480993,0.23026349086326361
TEST_02038,2.357585866071701,0.9671041922488809,0.96024824342978
TEST_02039,2.6572457623624874,0.6061436947955787,1.4011760118923784
TEST_02040,4.246642971656412,1.012052605029553,1.5795469462138414
TEST_02041,3.2292595976961107,-2.6128574397685527,-0.010381898795604704
TEST_02042,4.734024280640692,0.4322723551325798,-0.5899916235892773
TEST_02043,3.754676059407115,0.37884285821075736,0.12069123228675127
TEST_02044,3.3967146153895853,-1.681071260168314,1.3651064076027275
TEST_02045,1.4466269990968703,-0.47587923122668263,-0.013313213518321515
TEST_02046,4.5013295104286675,-0.7880397370855808,1.1760831426010132
TEST_02047,4.988856825273633,-1.1545586200260818,-0.08374696121102572
TEST_02048,2.8409077183567284,-0.8963120723901987,-0.9220361766144634
TEST_02049,2.842544901898861,0.2872439603998661,0.4648542658464908
TEST_02050,2.970259488259163,0.39989784494447705,0.16258416385769844
TEST_02051,3.3735288783533277,-0.06465525956642629,0.0982641870560646
TEST_02052,2.131854597888708,1.095627808311224,-0.7271249176931978
TEST_02053,3.1154121784322264,0.31557758108210565,0.22386423106618225
TEST_02054,2.8654041573147477,-0.17738850394666195,0.7928304381352067
TEST_02055,1.8798984606324434,-0.6097149303882718,0.3050489907548763
TEST_02056,3.5756519444966317,0.6208483284981549,-0.4364514379850626
TEST_02057,3.692731543484211,0.49208636552083496,1.1597059926478863
TEST_02058,2.9408178323881624,1.5324284609370529,1.1115783146486282
TEST_02059,2.7319629851730243,-1.5517815538643598,-0.8276478722612858
TEST_02060,1.1085019464946986,-0.29995828035312894,0.11337342369759083
TEST_02061,3.0694653000891803,0.4636319422492385,0.8914714779566526
TEST_02062,1.6226014328131377,0.13263482820174097,-0.09530439691507817
TEST_02063,2.8261831796822547,-0.6556424719064236,0.4608148148623109
TEST_02064,1.5132023062868118,-0.04508551259446144,0.23614678064219094
TEST_02065,2.620766293954253,-0.17231490297961236,0.26325152580824496
TEST_02066,2.4115132899107934,0.3822718213368058,0.21032207832932473
TEST_02067,3.9595351946630477,0.45252389684839545,0.5076024366531372
TEST_02068,2.7917583289403916,0.12064328139549493,0.15636251170897483
TEST_02069,3.2166388461319806,1.2033265521751941,0.5143307103367448
TEST_02070,1.8229722474141121,-0.6832285671918988,-0.3570905914542675
TEST_02071,2.54173660159944,0.9920454305415154,-0.6749786698403358
TEST_02072,2.802798342563957,1.5670138058993817,0.1175159291908145
TEST_02073,2.9517630709525347,-1.2738558820884227,0.7504212661294937
TEST_02074,2.7887558333652316,0.06960704562711716,0.1450585443094112
TEST_02075,1.8189674819508792,0.3609777881121114,0.32283988775718214
TEST_02076,2.219926264986515,0.8999560794870853,-0.47288961677336694
TEST_02077,3.09449438659966,-1.1840319105124473,0.01516542516708374
TEST_02078,3.4469529343428316,1.7282376179044248,0.8492761615094543
TEST_02079,5.145397443020582,1.4010750723249912,1.8728962034928798
TEST_02080,2.727506802134991,1.4248566095525175,0.6006772616457939
TEST_02081,2.0696638275415897,0.3537744364248514,-0.6135826835666895
TEST_02082,4.4667609454476835,0.3783737828063965,-0.5278317941353321
TEST_02083,2.225407669704806,-0.22844577243220807,0.6312760483430028
TEST_02084,1.455142438996315,-0.08617802050471306,0.19040404634344577
TEST_02085,2.7433880315746664,0.4301052990459204,-0.12636942880678176
TEST_02086,3.3589194531656505,-0.0013887057521045207,0.9637083633756638
TEST_02087,4.449461813695669,-0.5888176090099811,-0.16416751158881188
TEST_02088,1.2963840416476726,-0.036823112647771834,-0.28461292792503534
TEST_02089,2.4386013483519555,-0.06457328759217262,0.08019975662577153
TEST_02090,2.6343286671381,0.5566227268444598,0.09161050666928292
TEST_02091,3.1997765579719544,-0.14937390858173372,0.5592512908090354
TEST_02092,2.1607172433041333,-0.9755328291826248,-0.23943265381017328
TEST_02093,2.425058070576191,-0.16607842490184307,-0.07006649101579189
TEST_02094,2.716572141550094,1.048773304742217,-1.0222696216128468
TEST_02095,2.833258856995106,0.017696756010548213,0.03734111790251732
TEST_02096,1.6372376594452858,0.6779682968425751,0.8799308918645382
TEST_02097,4.272773527772308,1.0632735716614723,2.225118894915581
TEST_02098,4.85925100785327,-0.5740457786254883,-0.17654432001304626
TEST_02099,3.8687182671893834,-0.5741254541964531,-0.43594661859214306
TEST_02100,2.731893179318428,0.007576500045359133,-0.7803740252373218
TEST_02101,3.44026373259446,0.00922018518602848,-0.6294165056450367
TEST_02102,1.8559057143328042,0.32852272743225097,-0.34523318756866456
TEST_02103,4.3460243659636975,0.17392673265814781,0.6238430896315277
TEST_02104,2.629131656250581,-0.17910451421809195,0.3856646134768724
TEST_02105,3.72772745302546,-0.9495582578873635,1.3180612089096309
TEST_02106,1.7384818918955327,-0.6587110968243182,-0.4801554521048069
TEST_02107,2.3343491534879206,-0.3578265495901108,-0.42312978637218474
TEST_02108,2.774805939667761,1.281344268007189,0.8693353833380938
TEST_02109,1.7465008281671703,-0.7035674548885822,-0.31379077936783434
TEST_02110,4.92321745398891,-1.097914911412537,0.9755527755969614
TEST_02111,3.4560343986496926,-0.5635622261130809,-0.27688774429416657
TEST_02112,3.381085661256552,0.5944038537758589,0.4469872927075326
TEST_02113,2.79520687107563,-0.9866063483223915,0.6664041258413792
TEST_02114,1.9592987042427064,-0.393822323015213,-0.030482487759649755
TEST_02115,1.8028768727920055,0.25998339912867546,-0.206069561901927
TEST_02116,1.5038746081018448,-0.32020775898891685,-0.12233733689433338
TEST_02117,1.8990556180195808,0.05366632701438665,-0.1793340818847418
TEST_02118,2.948778881153822,-0.7726886088671684,0.7852490407387018
TEST_02119,4.069989048457086,1.1016375918955803,0.6382343984905481
TEST_02120,3.1740158487291334,1.6465778931862711,1.0329396469096839
TEST_02121,1.3338736337985992,0.8856323937945515,0.0772094879635647
TEST_02122,2.939038080408096,-0.7617254277137518,1.3635436749243737
TEST_02123,1.7608396572468281,0.4790200393195152,-0.2801640336328745
TEST_02124,2.6921187417156696,0.1278426809053421,0.2188245331557393
TEST_02125,2.2031214253757594,-0.532405258190453,0.754025491110444
TEST_02126,1.7524491439655423,0.9023533637948036,0.25922209960913656
TEST_02127,3.458887558405876,-0.12825509374311567,1.2666159201227427
TEST_02128,5.649293404177308,-1.5210411232328416,-0.6924752933410406
TEST_02129,2.783317828444958,0.6943508517457843,-0.17272104690885542
TEST_02130,1.926192602052927,0.38933879933172466,-0.3321297587838173
TEST_02131,2.6189151699005366,-0.3331909815208912,0.28543746172809603
TEST_02132,3.6214028816127777,1.3938499859352111,1.1815302031018733
TEST_02133,3.1459729602396487,0.27699101639685036,-0.11167879996538163
TEST_02134,3.0690768860731126,-1.2106116015889645,0.0504960113312006
TEST_02135,2.059803453756809,-0.0979447150400579,0.06173811864864826
TEST_02136,2.2553066269673256,-0.16308765350858867,-0.3022507432005405
TEST_02137,3.4973425592215954,0.12112848529672622,1.9510670283282996
TEST_02138,4.0956771015898585,0.979184920969367,-0.7762011947678328
TEST_02139,1.1791623754458427,-0.6599797338756919,-0.1664570593932867
TEST_02140,2.4598812654418944,0.011804781684994697,-0.01069154610285163
TEST_02141,1.949081303062439,-0.1742043632953167,-0.6129362317767143
TEST_02142,1.748726628571868,0.012013611732840539,0.47038777876758575
TEST_02143,2.6575264553779365,0.28319743330669406,-0.02314265725246072
TEST_02144,2.6954117896364034,-0.29190356180512905,0.8432905277881623
TEST_02145,1.6447341229243277,0.09060533359348774,0.012376577264666557
TEST_02146,1.145412117700696,0.10988028588497639,0.3341280101711154
TEST_02147,2.55367115358752,-0.6435073384930193,0.9631896135648489
TEST_02148,2.4968659801293613,-0.011999489613592623,-0.09466369822221994
TEST_02149,1.7813040098730177,-0.21643855638560652,-0.7449608477695584
TEST_02150,1.185232014010191,-0.175632392080307,0.24447122709771246
TEST_02151,1.8584903853313923,0.2470744809799194,0.40737818764185907
TEST_02152,3.3771268622551562,1.5415965056712628,0.548352997876741
TEST_02153,2.993695086954117,1.378440191309929,-0.46942803479206563
TEST_02154,2.7407810979300735,0.1695874740588665,-0.25886596201980117
TEST_02155,1.8301072840291261,-0.034017353345692156,-0.5386867862327099
TEST_02156,4.202689930034637,0.5375604129505157,-0.25056856530976296
TEST_02157,2.568845649390407,0.5663983098009825,-0.4647166014511585
TEST_02158,3.6642469559758304,-1.341787248638153,0.3694276157777309
TEST_02159,4.122871588052899,1.6883997331798672,-1.3395556883713604
TEST_02160,3.1129648557240963,1.3360665220702888,-0.5234716126977206
TEST_02161,4.92821200008744,2.29787747342328,0.009659501303434369
TEST_02162,2.8161609219088555,1.4861944731866121,0.00907781286084652
TEST_02163,3.4982638542695046,-1.3469737539257407,-0.003657239587664604
TEST_02164,3.0597857455954554,1.323698782992363,-0.11236789604490996
TEST_02165,2.6677377185913325,0.8176071561470032,0.4336231606965065
TEST_02166,4.596416644346475,-0.5626194003748893,1.0555844854419232
TEST_02167,1.7221097457966208,0.011666024704933168,-0.4807128456751108
TEST_02168,5.272328594695806,0.7619191351799965,1.3307795898611545
TEST_02169,4.056816674487293,0.009296577534437182,-0.2139033927664757
TEST_02170,3.1369309852731226,-0.012847143789529801,0.6465280679496527
TEST_02171,2.0994882024241686,-0.3781284779691696,-0.43959113530787824
TEST_02172,3.501584503818631,1.2044398779444694,-1.0853437002213002
TEST_02173,1.6700789372198581,-0.5172191748700142,0.08738588029688597
TEST_02174,3.5266015419335366,1.2818539724614322,1.304660555128902
TEST_02175,2.4150126183571814,0.099090374124825,0.44039564069014786
TEST_02176,0.9201281483746767,-0.25856697394281625,0.17750617298424243
TEST_02177,2.4510046682789324,-0.8230593269290924,1.433818085615933
TEST_02178,4.54081242937994,1.5496242053010463,1.1203780232613088
TEST_02179,3.9133352314260006,0.8420316648520231,0.9485933254301548
TEST_02180,1.6230111856577396,-0.31072806702503564,0.7437257764430643
TEST_02181,2.6302280827068536,-0.17342865674227476,-0.8209018592006564
TEST_02182,1.8679843142085075,0.3456217482370138,0.07278685711431503
TEST_02183,4.343415988955259,-0.361702370313108,-0.6248204853624105
TEST_02184,1.9529040516399145,-0.17483098368906974,0.4782988196491003
TEST_02185,1.182460445511341,-0.631934718244493,0.24249758314515651
TEST_02186,1.170431478959322,-0.06354453055336326,0.39091151661089063
TEST_02187,3.5985877341424226,-0.42877146611452105,-0.035013786086499694
TEST_02188,3.15425400726977,-0.5981448913001195,0.8517877892657817
TEST_02189,3.782363392989516,-1.5051641636674404,0.25312857281702755
TEST_02190,2.793204601553835,-0.14689890838694572,0.2491732431154251
TEST_02191,2.06312335331583,-0.7790773886134624,-0.22825548229312898
TEST_02192,1.3559575978789329,-0.20677741385531426,0.27421866108094156
TEST_02193,2.189462594523907,-0.6024885336167812,-0.18174778327798843
TEST_02194,2.043453694324136,-0.14477759058260917,-0.0117628857524395
TEST_02195,1.1118192517592906,0.2447072127468586,-0.1519577374561429
TEST_02196,1.373531771718502,-0.3936928307044506,0.2172016161057353
TEST_02197,2.0514142649178506,-0.8144908865810037,-0.06116244234073162
TEST_02198,3.567046054827039,0.5502327313940525,1.2713638657747508
TEST_02199,5.854228837950706,-1.205019717241168,0.5209817916214465
TEST_02200,4.122342498486638,-0.10029050970208644,0.12886503755563497
TEST_02201,3.4498336139770895,-0.569851954787314,0.5447629988549649
TEST_02202,1.312340255238533,0.8270450220451355,0.09396272331753373
TEST_02203,3.5366376766884327,0.9443199041513205,-1.1621010379850865
TEST_02204,1.3787704384207726,-0.5047993958487511,0.14129196944406627
TEST_02205,2.766806352530897,-0.9719184699414819,-0.8610269346613884
TEST_02206,3.5145524284888507,0.24810815606242417,0.12244998979572952
TEST_02207,1.9617962803822755,-0.2832001648418903,0.13259987327754497
TEST_02208,5.30343590488553,0.9444714679760933,0.0778393765425682
TEST_02209,2.679259817766905,0.30663576892614364,0.1214997378424406
TEST_02210,2.655315900634259,0.3337257381464243,-0.7627458496307731
TEST_02211,4.389333186121702,0.27912018787932397,0.09194967480766773
TEST_02212,1.3503998203656673,0.013485445605993272,0.3868572703651786
TEST_02213,2.532075725125134,-0.20518077354204656,0.2015624864795208
TEST_02214,2.8017041211321354,0.009479395844578744,0.9679807118117809
TEST_02215,1.9998985332250596,0.10934926648628712,0.5582052482389808
TEST_02216,2.6016158169915675,0.17343693589782716,0.8271580505734533
TEST_02217,2.215466234983921,-0.03122092016005516,0.8570910962369144
TEST_02218,3.0138979785466193,1.0679154228591918,1.5618249264689683
TEST_02219,3.9930417810649574,1.038658397362113,-0.6566455185927749
TEST_02220,2.486705633906603,-0.8837320067489147,-0.6124146545938254
TEST_02221,1.2271888555167467,0.37685975478354095,0.5097244749235511
TEST_02222,1.9448371243923903,-0.38761714750278,0.37179487270331385
TEST_02223,3.795464682534933,0.5854399707853795,0.9258478838830292
TEST_02224,3.0942823254263403,-0.024469920131921768,-0.12244595309746265
TEST_02225,1.6813134350476264,0.9890969306023121,0.2430920878392756
TEST_02226,1.3920618414478898,0.39546592129039765,0.24901397515940665
TEST_02227,3.3377037925884725,0.47105740342891217,0.3861087651760578
TEST_02228,2.936097106924415,0.7995552004557251,-0.3917528079211712
TEST_02229,1.5208838966596723,-0.5891322226914167,0.9883260301078558
TEST_02230,4.019973373881816,-1.4691755895299912,0.22395691645089164
TEST_02231,2.086377754515171,-0.3516185470738411,0.12712575556969644
TEST_02232,3.1172084654978516,0.5653211748196483,-0.08937263727259637
TEST_02233,3.7799503090479374,1.3541795426430105,1.0180691186988353
TEST_02234,3.5099258467848076,0.31980072335237264,1.3356582379342914
TEST_02235,2.234097266003966,-0.39286430681920054,-0.0445868136511445
TEST_02236,1.5135532827653886,0.08927475583088398,0.20602031209135055
TEST_02237,3.4123545453677773,-0.6157385851155519,-1.0994936079746485
TEST_02238,1.0916402315204143,0.17580171747732162,-0.2146182709182799
TEST_02239,3.2819786440747976,1.48830232266891,-0.7394912795370817
TEST_02240,4.282685759733677,-1.8706285307557582,0.8730831704411507
TEST_02241,5.1379876378995775,-1.0051906857811808,0.6855021920111627
TEST_02242,1.1376565184748173,-0.4572363567760885,-0.5498194568884969
TEST_02243,2.5894039261162134,0.633279289024353,-0.04206911382162571
TEST_02244,2.1563212942938805,0.7900783863651752,-0.023726261856846512
TEST_02245,1.4798993279943466,-0.20788652380007505,-0.5477411317568421
TEST_02246,2.394566685670376,-0.20079032864618301,-0.13365462938085199
TEST_02247,4.667622980313539,0.3291844672143459,-0.18535078865659238
TEST_02248,1.8553080906065107,1.1831114761272892,-0.6832981061692536
TEST_02249,2.0218986514549258,0.12432345082235335,-0.36079652702230214
TEST_02250,2.8987731899172067,0.3027920996425152,-0.7252209954276085
TEST_02251,2.3798764000540378,-0.2917374468568563,0.2995079913659692
TEST_02252,4.154220332997381,-1.4448508054083586,1.2340169127619267
TEST_02253,1.5240129312520028,0.031197067673683167,0.13909035169905423
TEST_02254,2.7757230101993082,0.7796848769381046,0.3782273879612088
TEST_02255,3.4292436239910127,0.3413678382230997,0.26986527353705464
TEST_02256,3.4130184127016365,0.3760581377906799,0.9933245542975664
TEST_02257,3.153395912133336,0.853957830141455,-0.22738828879213333
TEST_02258,2.338109187888622,0.29483397720479965,0.00871370746859908
TEST_02259,4.117261037902594,1.0211057474330067,0.1599710345772803
TEST_02260,2.873972821647644,-0.029853898389935494,0.0784265387853384
TEST_02261,3.117366393896699,-0.15023776003909112,0.10252244059759379
TEST_02262,2.318697679936409,0.05815036401414871,-0.27870804327702525
TEST_02263,3.9827364098879094,0.4104372897670269,-0.06728854068958759
TEST_02264,3.9327540655341147,0.0395809305562973,0.15005366383120416
TEST_02265,3.6505839836905003,0.41492715335822106,1.674829675168991
TEST_02266,1.3082207182278036,0.08753238624268771,0.31348885092100504
TEST_02267,3.2478296476461517,-0.13739889493894578,-0.3738095504361391
TEST_02268,2.0541358330761192,0.3986364695305824,0.30166712400519846
TEST_02269,4.8384419724402425,-1.4128620411574841,0.8091961592197419
TEST_02270,3.2067077463387252,-1.4071383791058063,0.46765235069758443
TEST_02271,2.9982221452555096,0.9506004665660859,-0.6462198757624626
TEST_02272,2.7043569144644737,0.4771474305323362,0.5738909752216339
TEST_02273,1.6346685342926979,-0.8005884176664353,0.1877290467018485
TEST_02274,3.492465616564691,0.020105642633676528,-0.6759740420086384
TEST_02275,0.9769086339929104,-0.31589007497149707,0.27210705116695166
TEST_02276,3.72726804506588,-1.1045351518483162,1.0093378466658591
TEST_02277,3.8163589140268415,1.0394938263487816,-0.19181185317587854
TEST_02278,1.3190085727663041,-0.19167349145126342,0.5122465558039248
TEST_02279,4.483645769058704,1.140027504139781,-1.180205707809925
TEST_02280,3.9688677373227477,0.7656059975267052,-0.45555533063161374
TEST_02281,3.2036776370318534,-0.2651665624280572,0.88351216084975
TEST_02282,4.217135468400717,-0.499334544446636,-0.5401905112895966
TEST_02283,2.248553145800531,0.40531404465389254,0.09409455449366569
TEST_02284,1.7327522063822747,-0.41283429063078764,0.29516425128555296
TEST_02285,2.6588664138458373,-1.0280229744631053,0.2908463933649659
TEST_02286,4.614978430847168,0.19265022681832314,0.2818501696177125
TEST_02287,3.8361888423302175,0.8618263898767233,-0.40243952482151985
TEST_02288,1.1676971495263577,-0.34300385272711514,-0.10630653281831741
TEST_02289,3.576418666932285,-0.1281649724919796,-0.34554002276074886
TEST_02290,2.199673990611315,-0.14646318776631356,-0.2447221743620634
TEST_02291,2.1987075501947886,0.4181071848061681,0.7267092903990745
TEST_02292,1.3329329813859463,-0.5557894431666136,-0.15612569685040414
TEST_02293,2.676969688918829,0.4984202882074714,-0.27976261989286544
TEST_02294,1.3253832221581936,-0.7969957388517708,-0.5307886017918587
TEST_02295,2.687650718490809,0.5239645828534365,-0.031371795896708965
TEST_02296,2.4884480789479912,-1.7986328682755828,-0.17793467476707697
TEST_02297,1.7944167298476696,0.4205531895357966,0.6177289076168537
TEST_02298,2.2285143888528345,-0.9623179192500115,0.42020828153612466
TEST_02299,2.8161703783664107,1.1824418390100002,0.16073837192505597
TEST_02300,2.30215821785748,-0.6938744916342795,0.24109719278648495
TEST_02301,2.1424943537523746,-0.17946433459848166,-0.30308531490254403
TEST_02302,2.0444694953038693,-0.36348775159811975,-0.04589740079939365
TEST_02303,1.5808245004267694,0.0852555943440497,0.1008161007604599
TEST_02304,1.9980522803664207,0.27695596133065226,0.10169820892077684
TEST_02305,2.5768638901184797,-0.7257487939126491,0.5756850218855143
TEST_02306,2.7706523795280456,0.4546784670333862,0.12965917789041995
TEST_02307,2.6104015176169275,-0.5636801680247784,0.47151907361403855
TEST_02308,2.1275287629873754,-0.5483322169184685,0.4574717500805855
TEST_02309,2.8333412701660694,-0.14786423164123297,-0.367898306709677
TEST_02310,3.281760448168755,0.6476359250962138,-0.3648855484833121
TEST_02311,1.7763652670113443,-0.9712676773377359,-0.19321032132697105
TEST_02312,2.2547552419712544,-0.19658825348353387,-0.11695216938698291
TEST_02313,3.0814668897058515,0.655176571645379,0.020951054012417793
TEST_02314,2.72966072282362,0.020686273494362833,0.13192765317064525
TEST_02315,2.371952109345913,-0.7768157555887699,-0.944494414655447
TEST_02316,4.077163828875571,0.6536186178342477,0.3827631174972653
TEST_02317,2.3543127896199225,1.1812762414379119,0.5732103206988871
TEST_02318,3.0995703951390983,-1.4721541882584095,0.15295353441424667
TEST_02319,5.746025520419002,-1.038686577074051,0.3614097856634259
TEST_02320,4.709696587498098,-0.48726156671839954,1.1417158736858368
TEST_02321,2.7512921265735626,0.5539258320646733,-0.12003331228391081
TEST_02322,4.590692689061761,-0.14975294014430046,-0.6348924446032047
TEST_02323,2.4684033516064883,-0.410786901945889,0.31071563807868957
TEST_02324,2.5343070659860074,-0.9942346257224084,-0.8457283735601901
TEST_02325,2.532614191667825,-0.16790520386266708,0.34443804097962377
TEST_02326,4.7822164993237255,-0.3882645823998451,-0.14168529678082467
TEST_02327,3.9957503414505124,0.9925248216950893,-0.5229116319606304
TEST_02328,5.231501805409908,-0.39906104693984984,0.34920588568425176
TEST_02329,4.230836612946779,-0.5937577221779823,-0.22666910951936245
TEST_02330,1.169602112851143,-0.15698751728469135,0.09552666842371971
TEST_02331,1.5103518600603343,-0.18957397499370576,-0.20602175171011686
TEST_02332,4.286419246017814,-1.4754915164914728,1.9535733611439468
TEST_02333,0.7063385564059019,0.24092101954242587,-0.1938466533497572
TEST_02334,2.8650080211422444,-0.8028565857164561,0.6937517925065756
TEST_02335,3.1312046258747577,-0.7803072910943031,-0.4629618615043163
TEST_02336,2.66491219960019,-1.4265065263174734,-1.0184570022726058
TEST_02337,3.043649699873686,0.24850596919023993,0.7359182143444121
TEST_02338,3.3911769207236766,-1.1280424516634942,-0.7260847861888409
TEST_02339,2.985736645678043,0.750470184054494,0.5781815043988228
TEST_02340,1.3532214972838164,0.2267748414055109,0.4160498428425789
TEST_02341,1.6682933105681539,-0.3607175622971058,0.6798514593171477
TEST_02342,1.8296983206820487,0.12642895966812967,-0.13564459734725953
TEST_02343,4.301393828166724,-0.49876005841684345,0.2713545416417122
TEST_02344,3.447480733109504,0.2635171760640144,0.21294293008625506
TEST_02345,4.942655119310022,1.56759738530308,1.8233570453393757
TEST_02346,1.5463522434549333,0.7334016816350147,-0.12959196552038194
TEST_02347,2.855484425717354,0.4198038575693369,0.25469922300052644
TEST_02348,2.8763075098690987,-1.1140389482855797,-0.9922249842627049
TEST_02349,2.639959541108757,1.8298969479404688,1.4045692802280187
TEST_02350,2.6048183482029437,-0.6292899528702498,0.738458216052413
TEST_02351,2.1720012635149955,-0.7836830650357008,-0.22926267034721376
TEST_02352,2.4267056960633395,-1.5731461080834865,0.38300847060877086
TEST_02353,2.1177612217218877,-0.6456930621578991,-0.2593884736390114
TEST_02354,2.2578432024888992,-0.40608560341513156,0.421545613691926
TEST_02355,1.140145322650194,-0.031723637135863306,0.22941384485904873
TEST_02356,3.7986663503208162,1.7866796739364863,1.4676987726078032
TEST_02357,2.130975551760793,-0.4462622286977172,0.545896684620142
TEST_02358,3.4212436944422424,-1.0213600894791484,-0.7685588627252579
TEST_02359,5.0240525880708695,-0.9359357730593681,-0.16887474273872377
TEST_02360,2.1246961978898047,0.6635896747386754,-0.21106635391071438
TEST_02361,1.9271175471556186,1.323592323764801,-0.015188921063356101
TEST_02362,3.9476273149405716,0.7201536543147564,0.029197182949781415
TEST_02363,2.163755577088356,-0.08233933427554369,-0.6862632957197428
TEST_02364,1.564032084086895,-0.10872921072721481,0.20397226061733068
TEST_02365,1.929920216571808,0.20259906835079194,-0.07883374865126609
TEST_02366,4.077714028246632,0.11248853928484022,-0.3966434592091143
TEST_02367,3.2393634684156476,0.6874382248692512,-0.22312591283249855
TEST_02368,3.4665222033055128,0.38680545470523836,-0.89182459559834
TEST_02369,3.3722309075849055,-0.20730198007822037,-0.3060101325592995
TEST_02370,1.8612720419244766,-0.22424174899697305,0.39573744034737346
TEST_02371,2.606969459218502,0.013159795199155808,-0.31262079632079603
TEST_02372,2.4168533083601,-0.3876971579771042,-0.11535058299192041
TEST_02373,2.878305659635365,-0.3035810909068584,-0.516555778800249
TEST_02374,2.5461782353800535,-0.9345527467293739,1.1204947747837901
TEST_02375,3.6113034183145762,0.2768386339046955,-0.07808201349473
TEST_02376,2.616294684625417,0.0907750808711052,0.8499552191672921
TEST_02377,2.8872817106330393,-0.2530904963909388,1.1493539283949137
TEST_02378,2.086406832719326,0.3384516915824413,-0.36740205050313474
TEST_02379,1.7169089259690047,-0.9983830584144144,0.5897453985871672
TEST_02380,1.9272505499657393,0.6572760581733584,0.10688994181659073
TEST_02381,1.6153582074992656,-0.4162915667047203,-0.4069845645792484
TEST_02382,1.6128256944095642,0.35063206253957746,0.30869499078792334
TEST_02383,1.456661502469778,-0.19529406740641594,0.31533807728302476
TEST_02384,3.6887134347569943,-0.2966081221600771,0.8131627091670632
TEST_02385,2.34793112361598,-1.8985509740422368,-0.1758826513081193
TEST_02386,1.7589884877912998,0.03986993122541904,0.1680912639004588
TEST_02387,2.6113657572957276,0.2634896832277775,0.30665268802049755
TEST_02388,2.8646928301301005,0.6834316268347502,-0.7268424782211185
TEST_02389,4.629532172530174,0.01977593568253517,0.9845582218949795
TEST_02390,5.259686697871446,-0.162918402962327,1.0749716326167584
TEST_02391,2.7169188558150528,0.33224591481763127,0.6160417570970654
TEST_02392,2.1002453316290377,0.6151950391945838,0.2672642002762556
TEST_02393,2.727163520594865,1.4876728169944287,0.8042546766762734
TEST_02394,3.078522350568518,-0.06811207407271862,0.4506113349147439
TEST_02395,1.4643705233880282,0.6354562887544036,0.35043353751826284
TEST_02396,2.2295927684669494,0.7192137957303524,0.006856674811005593
TEST_02397,3.9649473022060393,-1.00674706854105,0.43269707843331995
TEST_02398,1.830464444747567,-0.3419524155682325,-0.5369540238329172
TEST_02399,3.36214397110188,1.0900661128287314,1.4803498185373545
TEST_02400,3.1216602755742073,1.1883860726134479,0.3051944958460927
TEST_02401,3.5193680572195647,-0.2661468559038639,-0.8216180415424108
TEST_02402,3.9790922750143407,-0.8497867168517709,-0.760307107455492
TEST_02403,1.9083803418385983,0.5476001275157929,0.4831108681503534
TEST_02404,3.097424241652489,0.909979171733737,-0.762932100938797
TEST_02405,1.6291950884410142,0.06359120807802678,-0.01333497202283144
TEST_02406,2.703943713275909,0.6307949726965427,0.14734448359807953
TEST_02407,2.0112422236103416,-0.8659699437737465,0.07274306825244427
TEST_02408,2.165405638594627,1.6488108105823993,-0.5171757260438203
TEST_02409,2.8560721743181943,0.38615713988995554,-0.5152301740920544
TEST_02410,2.4150125281230213,-0.1067041616985798,0.010581249351024627
TEST_02411,1.6572986150102615,0.31246150601923467,-0.42813355723656715
TEST_02412,1.5980593946535588,-0.5224823474921584,-0.3776325623214245
TEST_02413,1.811732553233266,-0.40443090552401545,0.2813912252035141
TEST_02414,3.5018650495843886,0.5289045306501389,1.867196679286003
TEST_02415,2.0535217415160836,-0.08504858183217048,0.19149058875119687
TEST_02416,1.515235037236631,-1.2549142036656142,-0.22310539655789732
TEST_02417,2.5478384736591577,-1.2946890922176837,0.2205803646582365
TEST_02418,5.127542459961534,0.3708578848415613,1.4001048936644793
TEST_02419,3.031956664426349,1.586053054295063,-0.09048684998172521
TEST_02420,2.7167745023036005,0.29477707831023636,0.34980278974187373
TEST_02421,3.4586008409865796,-0.11221234492734075,0.3586525224926472
TEST_02422,1.75420876287359,0.18301510966551304,0.240867615881443
TEST_02423,2.19264120395422,0.8523466975776554,-0.3170114556903243
TEST_02424,3.2544437256383896,-0.0794859616830349,0.12810382473674417
TEST_02425,2.203252714181781,0.023293363525629045,1.1353817499694825
TEST_02426,3.3665857057454587,-0.751702530142203,-0.419155524056375
TEST_02427,1.937373504430473,0.013780221804141998,0.6461593644519299
TEST_02428,2.1195474244918824,0.4657533840901852,0.17582201580607892
TEST_02429,3.504122337795615,0.5228120297842026,0.09721192921447754
TEST_02430,2.0513135574510097,0.3567587798805237,0.10442933274507522
TEST_02431,2.544445993469894,0.5823016550037861,0.03400356899197772
TEST_02432,2.274012401002109,0.13688660683250425,-0.41753327321958544
TEST_02433,3.6993567939392253,-0.12228435638928414,0.5662671098347306
TEST_02434,1.5556326013798714,-0.04171864901089668,0.03697129750782251
TEST_02435,1.2457635925774575,0.43620407899796965,0.2017770422499031
TEST_02436,2.01070570058012,-0.23419669665026666,0.6056354483079389
TEST_02437,2.129375034193754,-1.197727772431314,0.0811260873607397
TEST_02438,2.7796721603102608,0.9994123668248653,-0.21860470804554225
TEST_02439,2.0968715881426334,1.4838417577263714,-0.6303742729295977
TEST_02440,2.8589063032331468,1.813239580286324,-0.6596683511157035
TEST_02441,2.37305826429832,1.8349232603766918,-0.8579967364993394
TEST_02442,1.2216913034317494,-0.5814678692212701,0.39837413627707957
TEST_02443,2.020592786957264,1.9901814726297857,0.8615227605544925
TEST_02444,3.161472895806253,0.015544008239343762,0.21042763574779033
TEST_02445,1.927782586824894,0.4155832049308494,-0.17362593145954608
TEST_02446,1.1711054072372913,-0.29153011623054,-0.16382124583968147
TEST_02447,1.7435041185224056,0.12256412197780608,-0.3856437528654337
TEST_02448,3.5159985297660827,-1.1889701630084515,0.053106785257399085
TEST_02449,2.1403611411471366,0.45365702280282977,0.12437434077429771
TEST_02450,2.147554461986542,0.35503189030241966,-0.059380377876799555
TEST_02451,3.2712567662873266,-0.05849786092424393,-0.06936122323533893
TEST_02452,4.68524663100338,1.435546234014511,0.6576939472286701
TEST_02453,3.1097337378790377,-0.21855487520217898,0.3541418434071224
TEST_02454,3.566150590795696,1.2548285769281908,-1.1853452311683894
TEST_02455,3.5368318124045133,-1.1657394179444314,1.1060453315111995
TEST_02456,2.954667335097551,1.155541726963997,0.2853149887122512
TEST_02457,2.23274004933548,0.08041294631934165,0.05948437152004242
TEST_02458,4.484862708002508,-1.38992660003376,-0.5212502411156893
TEST_02459,3.0226396585009097,0.3242354772377014,-0.6693820793135166
TEST_02460,2.260971422493875,-0.061122324464678766,0.6364612411894798
TEST_02461,3.441742346024513,-0.2619711269432306,1.0415062691657544
TEST_02462,2.40095987495327,-0.334221377887249,0.35222108928322793
TEST_02463,2.896182176601887,0.1518940380538702,0.5741143387758434
TEST_02464,3.736208417987585,-0.08080681091815234,0.29623770792335274
TEST_02465,3.66165737059325,-0.39789677626001835,0.47570973992849885
TEST_02466,1.8868523081902266,-0.5519547242117524,0.6561760743063688
TEST_02467,2.911551736046672,0.20579321837097406,-0.6285361805668771
TEST_02468,2.4793363646616937,-0.9113108131717443,-0.5679335524804592
TEST_02469,2.8164076403455733,0.7468199505696893,-1.1195252904087007
TEST_02470,2.4681801183700562,-0.2991017293075621,0.5754515099222511
TEST_02471,3.106612823476911,-1.1704501351050138,0.551578404832244
TEST_02472,2.0855171039921045,-0.8314941396083831,0.019543091982603074
TEST_02473,3.389670899158001,-0.27759437355959415,0.2729037209558487
TEST_02474,2.046014137266159,-0.09706158139348031,-0.008176871062397957
TEST_02475,2.422399465799928,0.6248073804296255,-0.37713580320072176
TEST_02476,4.643960921177388,-1.5470686964217424,-0.7635747105646133
TEST_02477,3.151989582642555,-1.1767223361325263,0.060379372239351276
TEST_02478,3.655251682428427,-0.10227255068922042,0.9333316740915776
TEST_02479,4.804675153743029,0.3965425445322394,-0.16691405785298347
TEST_02480,4.031744628944784,-0.7146980780112744,-1.1383963490817546
TEST_02481,4.639732093983257,0.047698602858603,-0.5274037657446862
TEST_02482,2.3183410908693074,0.4675493168002367,-0.3498960353045464
TEST_02483,2.0428059616383316,1.0689982002706528,0.32980082600092886
TEST_02484,3.4208386789500715,-0.04840623633599281,-0.5116209088859558
TEST_02485,1.8700316248520912,0.7670847764927149,-0.4752285046301037
TEST_02486,2.709600784664869,-0.4668122550188899,-0.8967254112329484
TEST_02487,2.74621612872982,-0.8408439359627664,-0.26845404177628457
TEST_02488,5.453831386819124,-0.30453235707604887,1.2058566037380696
TEST_02489,2.1072008656232355,-0.09857721259182692,-0.06490176790162921
TEST_02490,1.094431598631382,-0.15963223105955124,0.09190919261749089
TEST_02491,3.496058312813759,0.38621344794857504,-0.6426927992623448
TEST_02492,3.0498734667606353,1.0764918346109689,0.2662419163672328
TEST_02493,2.5340983873625995,0.34037351711213587,0.24447333545434474
TEST_02494,1.6732030638837814,1.0331186449003518,0.46981511460094155
TEST_02495,3.439455504558861,-1.271077830778733,1.1794075360887795
TEST_02496,2.786363176424086,-0.8171953505690098,1.3261018627293706
TEST_02497,3.227323118923247,1.542511517415285,-0.4839956256793737
TEST_02498,1.4191654234616757,0.5032588994398117,-0.4472683160597384
TEST_02499,2.5316072576583624,-1.1727318845740557,-0.18031155675113947
TEST_02500,2.5191185453784466,-0.6403267135311365,0.08511464880657196
TEST_02501,3.1051451252332924,0.3487546120391637,-0.4604026388810277
TEST_02502,1.4690222561724187,0.43644503778254984,0.23334802598667145
TEST_02503,2.1116268241224287,0.29710241954171657,-0.5892488539522887
TEST_02504,2.118152638825923,-0.6076718636068702,1.0263537923817634
TEST_02505,1.9861629646594525,0.8999428952229023,0.33397788619130847
TEST_02506,2.4798322885644435,-0.3521068256340027,0.4597180324952602
TEST_02507,1.175091014064312,0.4573832158819437,-0.16039395207953452
TEST_02508,2.170831761808157,-0.5018983821280003,0.09053553080844878
TEST_02509,4.324787872638225,0.8401171860869117,-0.4025349591948986
TEST_02510,5.206975735852957,-1.6326096387603284,1.8137948463386298
TEST_02511,1.384350240281582,-0.30698086698937416,-0.03974580561602116
TEST_02512,3.033803855261177,0.16622247969462722,0.1381068060977459
TEST_02513,3.7552816010701657,-1.6408771517222895,-0.506097727157712
TEST_02514,2.0583935554561616,0.4457195078785419,0.012299878788530828
TEST_02515,1.6712157237720489,-0.09601577580474317,-0.259740036411047
TEST_02516,3.108151838705063,-1.046024808106482,1.1350538808231354
TEST_02517,3.301772724571705,0.219382053150177,0.39645520884037017
TEST_02518,0.9960685982601643,0.31696034666639566,0.33359380478821693
TEST_02519,3.3116203124518395,-0.3504999118722677,0.9175039827510119
TEST_02520,1.6727370807557107,0.9035303569481968,0.2013278609046042
TEST_02521,1.253592711059332,-0.4023474332022667,-0.27891342465403673
TEST_02522,3.050524202885121,-1.2008114592358767,1.131137089799881
TEST_02523,4.157555395458221,0.3652154480718374,-1.0692008616769313
TEST_02524,2.3535284679598214,-0.9428693856067657,-0.5343678218262196
TEST_02525,2.6075994590568543,-0.04312232585787773,-0.6345909917912483
TEST_02526,3.9275377947580816,-0.8977316597881317,-0.9029619582502842
TEST_02527,1.3338115817780494,0.6244493715546727,-0.16244035836338996
TEST_02528,2.022417119441986,0.9828650847966671,0.4111377784008235
TEST_02529,2.128870806476593,0.05754738767004013,0.32747875530695914
TEST_02530,3.1675441287425756,-0.5137729307888746,-0.6455554064917565
TEST_02531,3.1684973873739244,-0.0608080136141777,0.021716134012937545
TEST_02532,1.759860408341527,0.3623659869696498,0.10318491393330693
TEST_02533,2.105831929464996,0.22171581492197515,0.3751383058809116
TEST_02534,1.9112164376220777,1.3493070582239628,-0.1647983583010435
TEST_02535,2.314126158008337,-1.079442555390835,0.2782890081092119
TEST_02536,2.3909147216348945,0.7403793010931015,0.616391299562931
TEST_02537,3.332232215692997,1.6869696480095386,1.400603194626689
TEST_02538,4.319705308972478,0.43566580224239826,1.3901291290320754
TEST_02539,0.9102938839685917,0.342971850210309,-0.08846645811888576
TEST_02540,3.4015958265035153,0.031875046016454696,0.922303072509408
TEST_02541,2.8325464032334686,0.20498473655059934,0.26754280669635533
TEST_02542,1.425580946722269,0.08204219331765175,0.11780084669148921
TEST_02543,3.7138315726441147,0.24773152155673506,-0.26732029443717004
TEST_02544,2.739808565556407,-0.28554765831083057,1.1384213693697454
TEST_02545,4.546102619565487,0.9541585381752252,1.0322963225045503
TEST_02546,1.6727301660237313,-0.20763928100669385,0.36869189393496515
TEST_02547,2.932200312317133,-0.03437107873958349,0.6201091635069848
TEST_02548,3.102409453866869,-0.06768755863893032,0.5813324767427445
TEST_02549,4.455623745566845,-0.0060176677900552755,-0.8221504814355374
TEST_02550,1.7149869504256565,-0.9428453031780124,-0.6944314324035347
TEST_02551,2.9467169572120273,0.028161742232680323,-0.11433268018132448
TEST_02552,2.3866493487424254,-0.8089883012039661,0.38167283195739987
TEST_02553,3.053175542310953,-0.09174072613453865,0.4013070313174725
TEST_02554,2.188682047749996,0.13081256954067946,0.2787999404921532
TEST_02555,2.3752223405120967,0.394328718785882,-0.05704247461146116
TEST_02556,1.829692171533823,0.7730957123298049,-0.29611566595172883
TEST_02557,1.8642566896691322,0.10711805065083504,0.49426116880115867
TEST_02558,2.25194412459147,-0.5142297542864084,-0.8442945845293403
TEST_02559,4.970336535833955,-0.385120085567832,0.7743737474237681
TEST_02560,4.103436201498628,1.0747108235208989,0.15695767255944013
TEST_02561,4.366573768361747,0.8602282642686814,-0.7299727356575727
TEST_02562,3.402905324243069,0.3173189558485709,0.10960168016695976
TEST_02563,3.7573893627343176,-0.3587146257100701,0.6291027553048134
TEST_02564,2.794006268487692,0.5621654709120989,0.15929152177619935
TEST_02565,2.340083656851232,0.23064527623075246,-0.9483033895357847
TEST_02566,1.0922778334535361,-0.6863328746227026,-0.3853565290478233
TEST_02567,4.789094542585135,0.12130893281692268,0.5731026554059089
TEST_02568,4.404380669389844,1.0414500336761474,-0.715404600487709
TEST_02569,3.4475025721514223,-0.4126159303803444,-0.5915035443207025
TEST_02570,2.443321217308998,-0.03509903068864345,0.1299010492541343
TEST_02571,1.404922247186184,-0.15681538489603997,0.05119011627388
TEST_02572,2.667610799151361,0.7464924229252339,-0.9277475474936068
TEST_02573,3.002523820113659,-0.3826825453004837,0.5548243579421044
TEST_02574,2.5761837191737516,-0.7122086768813133,1.0863319987672568
TEST_02575,0.9957445063877106,0.15675708163988591,-0.07364082648789883
TEST_02576,2.4433954916416405,-0.3330892828872204,0.6072492070574761
TEST_02577,3.60623415711689,2.116530619351387,0.06175576558089256
TEST_02578,5.620481913510322,0.11874761675584317,1.160521412432909
TEST_02579,2.7425697522997856,0.7323792333699465,-0.22501932501642405
TEST_02580,2.611458022606373,-0.5835345587943792,-0.22902297263142465
TEST_02581,1.0505022387179732,-0.3440977554960847,-0.2806037355760336
TEST_02582,1.5600709453161954,0.4898723531626463,0.12038225303834676
TEST_02583,4.474419442819297,-0.5126301051734686,-0.7074507735822201
TEST_02584,3.839917482704401,0.10041935477566719,0.17586701032567023
TEST_02585,4.864602235211193,-1.7732466473976374,0.08099606898376345
TEST_02586,2.394803899223924,-0.4629176002314091,0.3492348771301508
TEST_02587,2.843698648381755,-0.44433968252909184,0.40274047240877153
TEST_02588,2.6272072032010554,-0.22565132256156206,0.19618566443789004
TEST_02589,2.1117588621695638,-1.4100990299480558,1.0606138038429618
TEST_02590,2.698942692225933,-1.3621630699738263,-0.06898672324305773
TEST_02591,2.8510884776545167,0.04516563555467129,-0.6076353958477974
TEST_02592,2.136690647905588,0.7114784657366275,0.6192095328551829
TEST_02593,1.5264196977729798,-0.43488338175940516,0.5325236073828079
TEST_02594,2.0839309972248077,0.3678847974618673,0.04045771622359753
TEST_02595,1.6264507733783722,-0.14148737463118136,-0.10501400146666169
TEST_02596,1.9024173758320808,-0.006088700532913209,-0.01394149236893654
TEST_02597,1.6408833480319978,-0.07033121376776695,0.2713573639444113
TEST_02598,2.7355874479787348,-0.3219101738661528,0.2248777938287632
TEST_02599,5.928073831284165,1.375344973829627,0.8210610346115828
TEST_02600,1.9570130568451882,0.6626371724833995,0.2451718229968101
TEST_02601,4.8665541619837285,1.4320244870712757,0.22302173835664987
TEST_02602,2.9893405479240416,0.8213868116073608,0.47718790462481975
TEST_02603,3.1183240644982457,1.239165148680687,0.8307242865200043
TEST_02604,2.582253718662739,-0.32654922889566423,0.10256839747142792
TEST_02605,1.0662818462152481,-0.07197764828801155,-0.2574273687961325
TEST_02606,4.641061518380165,0.19955800589609146,0.4592650115916729
TEST_02607,1.1332543278521001,0.5547697514565288,-0.35904832188928126
TEST_02608,3.061257559602022,-1.0517588986460567,0.3171471924351752
TEST_02609,4.288798314744234,-0.00994995766812563,1.0110720963605642
TEST_02610,1.3348834330720902,-0.041190971809864044,-0.004249250308036804
TEST_02611,2.6369171324995757,-0.20887833722007274,-0.21133059906220436
TEST_02612,2.2199901732826235,0.3586728243198991,-0.22185305309915543
TEST_02613,1.2421260289137364,0.3327534973185807,0.16091322164720298
TEST_02614,2.6494250018585324,0.034351075717806816,-0.5828473775984049
TEST_02615,0.9670456016559601,0.44979426824617386,-0.05590341490739584
TEST_02616,2.3347094374723434,-0.40076708416609463,-1.0078969754743279
TEST_02617,3.502805364225805,-1.878317402920723,0.9803184830982983
TEST_02618,4.24079697050941,1.2006291702940464,0.9886377140009404
TEST_02619,1.601861790701151,-0.1867874596631527,-0.5114665772171951
TEST_02620,2.092309572742939,-0.766496530484736,0.07822315633640066
TEST_02621,2.9024619029774645,-0.054919410632133486,-0.36475763328123095
TEST_02622,1.9293109864069224,0.7200658962316513,-0.04711760137632489
TEST_02623,3.7321902595684526,-0.3281167488835454,-0.2711667032471895
TEST_02624,4.062667385285676,0.23827233330464362,0.40331038437473776
TEST_02625,3.191642051268369,-1.1575218794555664,-0.499441250191927
TEST_02626,0.8854741693949699,0.06542162698709965,-0.30402559071597457
TEST_02627,4.181070820187092,0.13676211621803044,0.23840998466789723
TEST_02628,1.618297075442314,-0.7475550890498162,0.3785625189979672
TEST_02629,3.927194664010048,0.6658423836016655,-0.09382721922880412
TEST_02630,4.061660291273922,-0.9049319853258133,-0.40273210471516846
TEST_02631,3.2654376327195167,-0.44123079280209543,0.718009385408461
TEST_02632,1.5691162678658366,0.5795310032485127,0.438494785622865
TEST_02633,2.0214789199539425,0.15921644152259826,0.5404828103791177
TEST_02634,2.737258621482909,0.1452584567517042,-0.4171759131937027
TEST_02635,1.1409212947130203,0.3675036773194075,-0.06399112874510884
TEST_02636,4.622428787110508,-1.1300768761065005,1.0021362407226562
TEST_02637,1.1779227903733254,-0.2892884745656848,0.27858598648834226
TEST_02638,3.4181809051433207,-1.5640750543698072,-0.8358995227832794
TEST_02639,5.313043848597527,-0.5492396279636026,0.1549637532222122
TEST_02640,2.995476218565941,0.24565387468886374,1.110899227331519
TEST_02641,1.1226441415516137,-0.8802449302828014,0.1632048147572279
TEST_02642,2.2652913911453485,-0.5717310020713806,0.27347309417271615
TEST_02643,1.3234195261468886,0.5244149655960798,0.13542742840082944
TEST_02644,3.1371993918299674,-0.8157911989967823,-0.8620245365618467
TEST_02645,2.253805468872309,-1.065465263845384,-0.7793179093875736
TEST_02646,4.5072634509948495,0.7194542375866734,0.19247153776624798
TEST_02647,1.955548925536394,0.6541365865447522,0.8213635143450797
TEST_02648,3.881233354311779,2.04173681003356,0.007899798534870148
TEST_02649,2.5126322058396338,0.12040664997315406,-0.03799378909361363
TEST_02650,1.9501874327168465,0.08840130099964141,0.5330433996831179
TEST_02651,2.7898028912239075,0.09871825796240569,-0.022091771651268008
TEST_02652,1.6242541962789296,-0.9285433644367457,-0.612199841026783
TEST_02653,3.1115771829605996,-0.05390355193921924,-0.41370646500992775
TEST_02654,1.1130236819479467,-0.38017719613873957,-0.2748668975868821
TEST_02655,1.372238756588459,0.4200497686266899,0.191960510994114
TEST_02656,2.9489493494193555,-1.0578483513846397,0.7104136483389735
TEST_02657,2.769511718779564,-0.8782905151062012,0.27579741533374785
TEST_02658,4.58155823411727,-0.13539022406399248,0.9996498585944176
TEST_02659,2.171196254239321,0.76077886322999,0.24795378104126453
TEST_02660,1.6423705635637045,0.04063580505919456,-0.6161921124101282
TEST_02661,3.4732618582029344,0.12358155054104328,0.8269302003364563
TEST_02662,1.9301442614780069,0.2087626265836358,0.03043337665975094
TEST_02663,3.0973589755972624,-1.0265452796201189,1.1047120281919838
TEST_02664,1.9240254456181527,-0.3657708755101263,-0.3469583982080221
TEST_02665,5.357401069122552,1.2957202942450046,0.46368060476104916
TEST_02666,2.9026759114820435,-0.2905446606771946,-0.3462542869369984
TEST_02667,3.3379475668621064,0.3892875092702508,0.19361714545124023
TEST_02668,3.333329618405845,0.04336742185047269,-0.26923367449855806
TEST_02669,3.7374899748786166,0.2915693054623604,0.5270114202294349
TEST_02670,4.2905372960164545,0.7076918085807562,-0.8356860980964899
TEST_02671,2.687438565796018,-0.10822976291453838,0.0018922908368408688
TEST_02672,2.327333482072234,-0.13821089325857164,0.5274270218802541
TEST_02673,1.9344067999773025,-0.6969720040791034,0.04993916380596161
TEST_02674,1.7810209588718415,-0.12659407745456697,0.28657498004317283
TEST_02675,2.4978208691096304,-0.5182465671614576,0.464704243883729
TEST_02676,3.020165800084114,1.0297485832678677,0.3272545842629671
TEST_02677,2.128880077261925,-0.2291874041211605,0.3237768453994989
TEST_02678,1.2521289959435462,0.1426627703474164,-0.08896839218407869
TEST_02679,3.101577756678343,1.7310509941487313,0.9659970627972484
TEST_02680,2.27802327653265,-0.9887453119268417,0.17053951247870178
TEST_02681,1.514494949877739,-1.464605072603464,-0.3540778173379898
TEST_02682,1.4751293800963163,0.6205079182227254,-0.665520056779474
TEST_02683,1.1691230603622198,0.06006306439906359,0.15277914745673538
TEST_02684,2.471302128447026,1.362175246096462,-0.5816156246016025
TEST_02685,2.181909091176629,0.3488844948371649,-0.45190880301463604
TEST_02686,1.9769997896704674,0.7803662484965325,0.3747592714002728
TEST_02687,4.2165124523347615,-0.48846736398416757,0.17921258229660988
TEST_02688,4.819578077527821,-0.6256791520164013,1.1642929496934413
TEST_02689,3.785651417341769,-0.16419750139433145,-0.6666440266573429
TEST_02690,1.4065347270367146,0.33004032140660283,-0.41640605922520163
TEST_02691,2.028729679752886,0.32256386329805853,0.40622703554794193
TEST_02692,2.1851152563090324,-0.6848153102815151,0.7078273848340512
TEST_02693,2.4142929640333355,-0.17753516503059863,0.28701455038046836
TEST_02694,2.3860071153190883,0.8585422003259658,0.7053485088231564
TEST_02695,2.964256613163233,0.0045253786283433435,-0.04220351983654499
TEST_02696,2.8597803455348014,0.772228827255249,1.0988988601232768
TEST_02697,2.312105353523493,-0.4382305315217376,1.037392054309845
TEST_02698,1.332358094465971,1.0365161691452265,-0.6944189941211939
TEST_02699,3.763193517439008,-1.3839383801964522,1.2035949495179654
TEST_02700,2.190033721560359,-0.284016439941138,0.8146443682434559
TEST_02701,2.130649444166899,0.184976246925354,0.6367444940192699
TEST_02702,1.3381197192724943,0.2332380667926073,0.10186421621644497
TEST_02703,3.237917145170212,-0.6925178583091497,-0.025505378915399314
TEST_02704,2.580156610414267,-0.21018210324978828,-0.28153891540813447
TEST_02705,3.346754336356014,-1.087973876224637,-0.8509244972239732
TEST_02706,1.2850401902575492,0.17810136779493094,-0.3024717907356024
TEST_02707,2.112141232898295,-0.17803499319976568,-0.6102335309842825
TEST_02708,2.2559897658196686,0.989567424903214,0.30381190814593434
TEST_02709,3.239232672453284,1.8542437689883708,0.8273957644004821
TEST_02710,1.548356877067864,-0.4943940095937252,-0.42878706949448586
TEST_02711,1.9311705213071109,0.9787934900119304,-0.41112016662299633
TEST_02712,1.2326466256358624,-0.19569824313819037,0.07028374148312211
TEST_02713,3.782182589087486,1.236304286169529,-1.042596682605505
TEST_02714,1.228878417626381,0.12869430754637717,-0.003107319547414781
TEST_02715,1.7563729821743965,-0.152629071352005,-0.037982588193893434
TEST_02716,4.0947799380474095,1.2990583773665876,0.40483620920944213
TEST_02717,3.189853923919678,-0.8084955898183585,-0.5131746149677038
TEST_02718,3.5058588607330323,-1.7860986821714864,-0.2706509389591217
TEST_02719,3.5727496840409785,-0.30306261444553734,-1.4962745338681935
TEST_02720,2.490066221210003,-0.8723605063762665,-0.4948736680938005
TEST_02721,5.2977853464171885,0.6776454689199924,0.705943556158185
TEST_02722,2.2431597144970894,1.1702242302815915,1.0621129150822162
TEST_02723,3.1984587378424405,-0.7155704962564111,0.5278921310181618
TEST_02724,2.6975099096779824,0.4183178232545853,-0.27877184661221505
TEST_02725,1.5897589715898632,-0.5340036182825565,-0.014176974918603896
TEST_02726,2.065024591511488,0.3330045976819992,0.5295909787018597
TEST_02727,1.4664404528911115,-0.5139059886292219,0.3861284367826879
TEST_02728,5.672532467597008,0.7008843588989974,-0.2131568419313431
TEST_02729,2.3456105275657175,-0.23314184563016893,0.52330048280859
TEST_02730,2.8955894769477846,-0.4564863680515289,0.4081029070734978
TEST_02731,0.9644445676313639,-0.21988127118611336,-0.1057369306383133
TEST_02732,4.84538888856563,-1.179200609154582,0.9360526645920575
TEST_02733,2.5176740680775045,0.17978750105428695,-0.016642071712732312
TEST_02734,3.100265724464774,-0.36205858245766165,-1.025830452614665
TEST_02735,2.477837413931131,-0.20325827334022523,-0.017324869966626168
TEST_02736,1.3041203063975535,-0.17173019033038617,0.45266854610008
TEST_02737,2.6554313304619788,-0.6977682165881991,-0.10943636734247209
TEST_02738,1.2941018955993653,-0.731599604679346,0.24733577959187328
TEST_02739,1.7162800261096955,-0.9021008339042663,0.10218436626422406
TEST_02740,1.3987416679512263,-0.3460034449235201,-0.5875173416624069
TEST_02741,1.21833025249362,-0.12299343792986869,-0.2806405049960613
TEST_02742,1.2703372656656504,0.44864219150984286,-0.18973368035036325
TEST_02743,3.8652103723937272,0.1193820312367864,-0.46857873455214505
TEST_02744,1.340005742000103,-0.375337388720572,-0.3581934046955705
TEST_02745,4.213503379285455,0.8053339069596529,0.10339429859507084
TEST_02746,2.062457137742758,0.44098108968010546,0.5102585616647601
TEST_02747,3.688166063155085,-0.41935083361834286,0.6825392096093893
TEST_02748,1.887738511329651,-0.006120393062710762,0.08122742550626397
TEST_02749,4.528016162775755,0.6984848031942844,0.8688308505989015
TEST_02750,3.1290857116345165,1.1825658415702582,-0.3727337200498581
TEST_02751,1.4691776563630103,-0.7246074297578334,-0.09691562142610549
TEST_02752,0.7974454919714927,0.030404776435136796,-0.12309294787463546
TEST_02753,1.905954478364706,-0.4271055304412842,-0.008243119532823556
TEST_02754,3.572587820510864,0.42815162481951713,-0.9859101732099056
TEST_02755,1.9671875472307205,-0.8278276093438268,-0.21194177592885494
TEST_02756,3.9952012276597024,-1.2454403322063685,-0.33556406649285553
TEST_02757,1.5274467410883903,-0.20374570492076874,0.0776879165482521
TEST_02758,2.1211299046286345,0.42891679276299477,-0.6620815376714468
TEST_02759,2.466487559662461,-1.1637573021141887,-0.8813994890524744
TEST_02760,2.596760669599295,1.442503343304973,0.5525159891714454
TEST_02761,3.767283220892429,1.7118979715310336,0.865105123883605
TEST_02762,1.5427537443138362,-0.8620308531978726,0.7324630530126691
TEST_02763,2.0345243223614693,-0.0682392718732357,0.5605692901438475
TEST_02764,2.9369259045739176,0.9259747946420908,0.1149465874260664
TEST_02765,1.8026439117707014,0.1882181946194768,-0.5354531970536709
TEST_02766,4.095014756907865,0.7667923271422387,0.16743589178209006
TEST_02767,1.6930541834690571,0.19030811035883427,0.25909148302322627
TEST_02768,2.768169298708558,-0.07991547315812111,-0.16899603952133654
TEST_02769,2.5688968161311148,-0.03706528450739384,0.01035745172560215
TEST_02770,2.0161759839024542,-0.5419556155226231,0.28496506399452687
TEST_02771,1.9888276779659986,0.10636779968249797,0.2650026019932032
TEST_02772,4.953924888786554,0.009315813914537431,0.9749177701528073
TEST_02773,2.592690270939946,-0.1919875813302994,0.20426671808961033
TEST_02774,3.1620471683534683,-0.9214628667254448,-0.764231339944601
TEST_02775,1.8228438806684018,-0.2651595783023834,0.058065578209817406
TEST_02776,1.5018227101556063,-0.2593475388225913,0.38221042861425875
TEST_02777,3.7332145670892896,1.901895805737257,1.8272306985165625
TEST_02778,1.7229361349937915,-0.1280348843204975,0.56679333919096
TEST_02779,4.3376423887537126,-0.3955417224473953,-0.20331427693849802
TEST_02780,2.6476365460083486,0.5591320521570444,-0.8966664717416764
TEST_02781,2.815486732455019,-0.36223823982584474,-0.594364136264801
TEST_02782,1.267232836644411,0.21278628784918785,-0.04279960500234366
TEST_02783,3.2433836789315937,-0.5986443925411106,-0.2966548726507127
TEST_02784,4.194529266312599,-0.781993913025409,-0.5735330564727783
TEST_02785,5.388177666434765,-0.1425404136171341,0.632950259732753
TEST_02786,2.7405727503458523,-0.07841522343540192,-0.05497833558881283
TEST_02787,1.1629301611279845,0.02373888268432021,0.2212194913368132
TEST_02788,2.2000903175226,0.4622343795492649,-0.08786043342721463
TEST_02789,4.411615656640053,1.5851772159357072,-0.32984136580598356
TEST_02790,5.049420983060718,-0.48489813280260563,0.6094068066335618
TEST_02791,1.917095046886921,0.13167771031570435,0.1998859361997843
TEST_02792,1.343802187125206,0.2216862879617214,0.33977919358778
TEST_02793,2.121003345460415,-0.18728565994119645,0.25644602189749477
TEST_02794,2.534735135748029,-0.3307248539053202,0.3995508806343079
TEST_02795,1.999934480047524,0.337092333766222,0.3095550530913174
TEST_02796,3.2720318443832994,-0.537143671698451,0.07109590829733015
TEST_02797,1.7979844742565154,-0.8398780346449017,0.060671177704095844
TEST_02798,1.8248606231569051,-1.080738957816601,-0.8509643687816262
TEST_02799,3.316123640315145,1.000971022518158,-0.7895521107077003
TEST_02800,3.309221008112669,0.49874106022429465,0.03453121711218357
TEST_02801,1.5585976508840917,-0.1363294865835905,-0.15119098793322594
TEST_02802,3.266580691344112,-1.7359850348936916,1.2453112595939637
TEST_02803,1.0971984353855848,-0.6097245774658918,0.3756117664619684
TEST_02804,2.949390672736645,-0.7782268628215789,0.1253416344716549
TEST_02805,2.7212392965049745,0.0810104594990015,-0.19450803697431088
TEST_02806,5.023764751060277,-0.1319165456967354,0.3412410078682899
TEST_02807,3.570600162571788,0.012799054900497198,-0.7686835435228347
TEST_02808,4.915461507156223,0.2808720953552723,-0.06018522827982903
TEST_02809,2.4884255585589408,0.24394822471189498,-0.22883876048994065
TEST_02810,3.4700014724915027,0.5507050736370087,1.1605060220687389
TEST_02811,1.952654296945393,0.4300900950444937,0.3923509390062094
TEST_02812,2.4081147419413327,-0.1543783434523344,-0.3874389590101242
TEST_02813,1.9531369698131085,0.11134636390638351,0.13593500924691557
TEST_02814,2.194290290812254,-0.3909131536357403,-0.4099882891384363
TEST_02815,3.0475905296502113,0.15932120201039315,0.3641077837238908
TEST_02816,2.6942852466496827,0.09637233454787732,1.3556012909400463
TEST_02817,3.653381706835747,-1.8663273831648826,0.13154884927105903
TEST_02818,3.4821753876369,-0.3026472074747086,0.8972519709022045
TEST_02819,1.7748741459121704,-0.5440022557160854,-0.07863969792628288
TEST_02820,2.8553465845218895,0.5802180299503803,-0.12200944360467791
TEST_02821,2.5772251104363204,0.14450726863825322,-0.4846305803501606
TEST_02822,1.5725978042401076,0.37441142174506187,-0.46211574782705306
TEST_02823,1.9902643846883774,-0.5665049029325246,0.7443373888996839
TEST_02824,1.8381338560997844,0.039402741164393726,-0.7483844046391249
TEST_02825,3.70627501678431,-0.11104734705758096,0.46168039073058964
TEST_02826,2.6511375185908674,0.23598828572368624,-0.10744312211418153
TEST_02827,2.233674959710002,-0.402162863371253,0.3921201097832918
TEST_02828,2.8962327421684266,-0.17314147187256812,0.4414871554614305
TEST_02829,4.587293659875095,1.1343343302996158,0.9124528223907947
TEST_02830,1.831670660904765,1.2463599076004028,0.5600048281985819
TEST_02831,3.1068301294876335,0.8839494642849565,-0.4594897863899469
TEST_02832,1.2504425369813443,-0.3389824675312042,-0.1762631772351265
TEST_02833,3.544708014362097,1.2585032242445946,1.275614870087862
TEST_02834,2.95466213175571,0.17217601206183433,-0.15614964159917832
TEST_02835,2.4404191105012893,0.45491643933153153,-0.001996399775505066
TEST_02836,2.225686071844101,-0.17402687883245946,-0.44420405187284945
TEST_02837,2.191704127277374,0.27612127705979345,0.7485739838012457
TEST_02838,1.3843600972514152,0.22449811034405232,-0.4066471704425812
TEST_02839,3.6658310561832788,1.290620562423587,-1.0462705323636532
TEST_02840,3.421936214293152,-0.9155551246142388,-0.016171940832138063
TEST_02841,4.520142382552147,1.2654710275106877,1.471777797935605
TEST_02842,3.508740494367972,-0.6966094186704457,0.8664705610451698
TEST_02843,3.3800686694300173,1.8253343677259684,-0.7634194617416858
TEST_02844,3.3884939477088674,-0.18498836532580853,-0.3096503830382824
TEST_02845,1.6783786625819206,0.7687506023187637,-0.3592611770603657
TEST_02846,4.5567636179111,0.9477495827815533,-0.576851958373785
TEST_02847,2.620728705221653,-0.1638358921031356,0.009337802428930998
TEST_02848,1.416528044218719,-1.2874825048874616,0.02595906054008007
TEST_02849,3.7389060910032987,0.18919636574149132,0.6896682830922604
TEST_02850,2.186501127376556,0.3118535676366091,0.3410734917032719
TEST_02851,4.131170747795343,0.1940927302325964,0.9707568802015782
TEST_02852,3.8602359024320245,-0.6873769674485922,1.0212633482601792
TEST_02853,1.028512269842267,-0.3216330117598772,0.22691674456053973
TEST_02854,0.9828095513972342,-0.7647392225826588,0.14106549408530444
TEST_02855,1.8148939012812375,0.0858934121158123,-0.34420587787228824
TEST_02856,1.6313352085032313,-0.053911273325085635,0.4542097754135132
TEST_02857,2.3029622258360387,0.4542407647919655,0.4782586143478155
TEST_02858,2.064874927152157,-1.0286979775217175,0.5281808598173857
TEST_02859,3.9319266745250223,0.8832972792514563,-0.5562093652235269
TEST_02860,0.7038444672256112,-0.395046897061795,0.3612999546902478
TEST_02861,2.900278135097325,0.1393369720941782,0.41359554432005435
TEST_02862,1.9280212550343871,-0.15805067045730353,0.16495719345068932
TEST_02863,3.544668855367899,-0.5253789094918966,0.9232407732505798
TEST_02864,4.079000830942273,0.6092410490463376,0.8275721118781567
TEST_02865,3.44209470970276,-0.21634724718928336,-0.34994911309587956
TEST_02866,2.665082637917161,-0.25263204244029525,0.4708924915230274
TEST_02867,3.1708408510445207,0.033620246331483125,-0.9760981941847802
TEST_02868,3.0475965431280136,-0.15542840037047864,0.0758355054063797
TEST_02869,1.6717018203070164,-0.23234817890846732,0.8542775621275902
TEST_02870,4.602837727595687,-0.05491408980223537,0.7413034299544692
TEST_02871,0.9837504138894081,-0.6861007643008232,-0.2121987593626678
TEST_02872,2.9721551966029276,1.1930410038245618,-0.7729830072541833
TEST_02873,2.416789339097023,0.4072968438856602,0.23483537779712677
TEST_02874,2.414953588891745,-0.2426877133717537,-0.029773248728752137
TEST_02875,0.8792275304433703,0.11122940812420845,0.274306124806609
TEST_02876,1.506136296577692,0.44037379327952864,0.44287517465913295
TEST_02877,3.101225357249737,-1.3898569169073105,0.5871720867307484
TEST_02878,1.846545820490241,0.02964176768130064,-0.49715272895094753
TEST_02879,2.461658988627762,1.2423699146605731,0.41071859501369296
TEST_02880,2.8104421802060604,1.4837910628083348,-0.7405882078754902
TEST_02881,4.905070899491072,-1.832602657221079,0.39719417491906883
TEST_02882,4.039353720582962,0.09481512195950746,-0.7074283118600845
TEST_02883,2.310867934814304,0.2441803025612831,0.13586055820655824
TEST_02884,2.6197915663374665,0.10758177397888899,0.29768616023093464
TEST_02885,2.0817228099847735,0.23181922189322113,0.35073068135097624
TEST_02886,2.90977527959919,-1.037417628180623,-0.6831942038909197
TEST_02887,4.283415993495524,-0.0286368910831213,-0.6786150437126159
TEST_02888,5.848699036771774,-0.08954406935811043,0.9184792586092949
TEST_02889,3.862314126078308,0.46738351637113096,0.09086544495827704
TEST_02890,3.2142927690202443,0.25392890743136404,-0.062431585830688474
TEST_02891,1.4887811954462529,-0.019468111243486408,0.03835994531369209
TEST_02892,2.415756636153936,0.8800952264835834,0.8725300110145807
TEST_02893,2.8533776465809346,-0.24876440351486206,0.09561722245502471
TEST_02894,1.985040071962595,0.01558345880484581,0.06322499689495564
TEST_02895,1.73149033287704,-0.33180633387494085,-0.19653072608762978
TEST_02896,2.4573933675220014,-0.543727861941576,1.0489796328201275
TEST_02897,3.055757616226196,0.7424938568532466,-0.1809194863033295
TEST_02898,4.44797920907712,-0.544639025390625,-0.17318037014907597
TEST_02899,3.3283054122407436,-0.44910005211508275,-0.05294466584607865
TEST_02900,2.852343288543999,0.5200834474022389,0.30449541508370637
TEST_02901,3.663749206261873,-0.42431866369897125,0.03775982772517204
TEST_02902,1.471886563237995,-0.3731464049940109,0.291207144954443
TEST_02903,1.0749132307292224,-0.29900472003650663,0.2374389299865216
TEST_02904,1.8829026434248686,-0.31449529132544995,-0.2678929921310544
TEST_02905,1.5720112887146473,-0.04520867816722393,0.9192478286626339
TEST_02906,2.4325380535271464,-0.1805625906803608,0.3395270280125141
TEST_02907,4.492241703175664,-0.03923136668527126,0.6444485780322552
TEST_02908,2.5996676458702086,-0.1524718915274143,0.10422783369255066
TEST_02909,4.050770125809252,0.34304773389852045,0.46002677901887895
TEST_02910,3.582864108850181,1.7987857704633474,-0.14984358573937417
TEST_02911,1.6603816361086368,0.4683137836976051,-0.20507066857761144
TEST_02912,3.8086468589873315,-1.5785611856998205,1.8339504413853884
TEST_02913,2.8457248677015303,0.2559320917787552,0.5947677161319852
TEST_02914,2.453989822412014,0.1687123660917282,0.031100219168186186
TEST_02915,1.8951453284845576,-0.11011337074255943,-0.4082519334474206
TEST_02916,3.7296972114102243,-1.0877623635573388,-0.037624062537401914
TEST_02917,2.74313753584671,-1.475287208280325,0.6047364712364673
TEST_02918,2.9021906672886164,-0.5593932469016314,-0.7535340088461637
TEST_02919,4.371187011272788,1.4160562900768519,1.817765121644497
TEST_02920,4.248518705367804,-1.4293566378979683,0.8109484344588518
TEST_02921,4.613811476733923,0.21276205463504794,0.3195405454157591
TEST_02922,2.3537201321150065,1.7135042896484136,0.3258088854404092
TEST_02923,3.5866166458277555,0.3116604010248184,0.10254739525365829
TEST_02924,1.4348388812690973,-0.05254382100343705,0.48855316276144983
TEST_02925,1.113990092382431,0.23837137830460073,0.07313038538847863
TEST_02926,2.2544227422018053,-0.8418223287181854,-0.3028984931423068
TEST_02927,4.91258109594512,-1.151159955646336,0.22366136608296633
TEST_02928,1.530863224409163,0.26100560804533957,-0.29371311808401346
TEST_02929,3.7234714053628517,-0.13565851216626168,-0.4478754848241806
TEST_02930,2.1824765874500276,-0.007261827641010285,0.14775160265038909
TEST_02931,1.8315881584851146,-0.336783135581404,-0.14726779787491262
TEST_02932,1.5966957344599961,-0.12864254406547546,-0.02656792510855198
TEST_02933,2.6960840969672204,-0.18877994481885432,0.25726304250407217
TEST_02934,3.4151779652352334,1.5338306847701073,1.2924345759321452
TEST_02935,0.8318336599077583,0.05186826204168797,-0.27604822561323644
TEST_02936,2.0127302766118644,0.9923252543952465,0.24536989284586908
TEST_02937,1.4718077123200894,-0.5439517163491249,0.11492107462978363
TEST_02938,4.02669444077301,-0.19716074985742568,1.0947624372942448
TEST_02939,3.127299152132392,-1.443581763051629,1.0790601174074412
TEST_02940,2.47015746216321,0.2005697271873951,-0.05157930091494321
TEST_02941,2.291043542686939,-0.2615215748375058,0.11444183520784974
TEST_02942,2.2519073905334475,-0.7648149335250854,-0.7899885001301169
TEST_02943,3.991043041637063,0.6427036037651896,-0.9305721254240275
TEST_02944,0.9667360167865753,0.3258570758652091,-0.20390784122124314
TEST_02945,4.9519587768134175,1.4411920935986042,-0.865520647384882
TEST_02946,2.546379249113679,0.19246502742272614,-0.0393420537430048
TEST_02947,1.9961085562409162,0.3231662147157639,0.36148089083191753
TEST_02948,1.7049549409399032,-0.6092563772208691,0.2412933216186762
TEST_02949,3.5271105972657204,-0.6282520429959297,0.8200113901019096
TEST_02950,0.9647594282312393,0.3792869238921404,0.26963672142416983
TEST_02951,2.31227606761384,0.4366477065796852,-0.2501518344426155
TEST_02952,2.569217909575641,0.3536132058414221,-0.06437401287734508
TEST_02953,4.051259370950699,1.4007226401524544,0.7606916457265616
TEST_02954,1.5409879527258874,0.24719611536359787,-0.055753888451576236
TEST_02955,2.3879890327940583,-1.0354243828901053,0.07585068789508939
TEST_02956,3.7014596508546473,1.1778987947750093,0.8593021491113305
TEST_02957,2.761030890370965,0.9414700392172337,0.2657846712924242
TEST_02958,1.2871288819383382,0.48822256384015084,0.19979987577590347
TEST_02959,5.3388619668207165,-0.504096341488719,-0.3911686465566158
TEST_02960,3.9648049671888352,1.457189755632192,-1.1525092719380856
TEST_02961,2.863584948379755,1.1085770474553107,0.2071132903047353
TEST_02962,1.9416025840073228,-1.0965278700140715,-0.6580242282116413
TEST_02963,3.678915157141447,1.2532463274571897,0.8718388576381206
TEST_02964,3.393901348400116,1.0109709038848878,-0.062300118344545366
TEST_02965,2.638763855192542,-0.7137317689858675,0.5765030859129429
TEST_02966,4.324443608365238,0.4075942177597284,0.0030782906693816183
TEST_02967,2.2863122512169034,-1.076939478778124,0.5327033569045514
TEST_02968,3.5078199840461015,-2.0686866418321133,0.5252091414909958
TEST_02969,1.8896616361446381,-0.4684599704960585,0.09770919199049473
TEST_02970,2.994711064716339,-0.10577661507284641,1.0700242200891972
TEST_02971,0.9197777426288128,0.15755162787914276,-0.2856392952099517
TEST_02972,1.6869506069626212,-0.5854052455008626,-0.8104207344810516
TEST_02973,1.5417066436743736,0.22731196971702577,-0.038616568578004835
TEST_02974,2.8823201667412968,0.10324237590533494,0.2735092238562703
TEST_02975,2.697074766904354,-0.43795703574699163,-0.5639428287125826
TEST_02976,1.0015196821237504,-0.7957712413882018,0.3547645343771279
TEST_02977,3.2146380800298453,0.566093438010931,-0.6134307330425978
TEST_02978,2.3124352615671158,-1.0582526520068645,0.11412625623746589
TEST_02979,1.6210472814303636,0.2775359007642269,0.013113949675278739
TEST_02980,1.539650572556734,0.36304609995615483,0.03086241510559991
TEST_02981,2.4630903538592457,0.12257848234009744,0.44858269360029696
TEST_02982,1.5188157959883213,0.5282850175737143,-0.012667829792261123
TEST_02983,3.1037534081459044,0.5513289110005498,-0.12340184226942064
TEST_02984,3.4045342187929153,-0.11705259286808968,0.23252035337138177
TEST_02985,3.737118399077855,-0.584657883716464,-0.4065612359926701
TEST_02986,2.9418965917509796,0.56879298065871,-0.1901074610414505
TEST_02987,3.909399499798775,-0.3827596341199875,-1.1327669288705586
TEST_02988,1.5882760833406449,0.34097242576402426,0.22783037406867743
TEST_02989,4.466708252812624,0.07795339251315593,-0.9241023964512348
TEST_02990,2.395844294414997,-0.6606059842194318,1.0273990897664427
TEST_02991,2.63583625577116,-0.288521960805893,0.023383198250621556
TEST_02992,2.9387081453204154,0.9075078721787929,0.4264836750167608
TEST_02993,2.3147485939764976,-0.5857601627873182,0.4982334598394632
TEST_02994,1.5860126638655663,-0.5431487392425537,0.284950521484226
TEST_02995,2.070897784300089,-0.34259184511089324,-0.39817144777023794
TEST_02996,4.405607863544882,-1.333274720643878,-0.7749508154213428
TEST_02997,3.0394756542319357,1.965867370716572,1.0368733435561284
TEST_02998,1.537284433123231,-0.909740320035696,0.141099689036943
TEST_02999,3.400091242009722,-0.3456157402374446,-1.4201436200799347
TEST_03000,3.9365740844204424,0.3281745100884438,0.46884497655785085
TEST_03001,3.1863359537634848,1.356086264009744,0.28379033569297196
TEST_03002,1.8272808127946853,-1.254236918890953,-0.7379137115241885
TEST_03003,4.188054818211079,-0.541560362401843,1.3471399988684654
TEST_03004,3.181608771276951,0.9128295441887379,-0.7618896512204408
TEST_03005,1.343255210914731,0.47423222128090264,-0.05176085290254653
TEST_03006,4.922515492441415,0.42416258569866416,-0.31899591356897355
TEST_03007,4.364940659488976,-1.488967969270736,1.1972119695524572
TEST_03008,4.039820337667107,1.4718471554720403,-0.4649839886358976
TEST_03009,4.318970718613625,0.1817704469408989,-1.0046288973445892
TEST_03010,2.6692498088903127,0.017265485063314434,0.1990444588550329
TEST_03011,1.6994623670845033,-0.4219235059428215,0.29109300625893475
TEST_03012,2.901023624707401,-0.009359939443588258,-1.207093513919592
TEST_03013,1.229557095750332,-0.04975635012423992,0.05283734967437387
TEST_03014,3.104400835063696,-0.055477475646197795,0.1921660833632946
TEST_03015,1.4285128042482138,-0.019819104356527326,0.039503248550742866
TEST_03016,2.5140337980387213,-0.04593274613156915,-0.8852577178220749
TEST_03017,3.6443530825912953,-0.5701529660609365,1.1374854143070579
TEST_03018,2.3559274485235213,-0.42199801348748806,1.2243142895942927
TEST_03019,2.3677735034621956,-0.06564476447081566,0.7353617625110149
TEST_03020,1.1101704635760785,-0.5643255262993574,0.0763850991563499
TEST_03021,2.143552996486664,-0.6270517204308211,-0.2555891655807495
TEST_03022,1.3087711935315132,-0.3220394851939678,0.11385546165078879
TEST_03023,1.3571202409027814,-0.21548116635298728,0.44808247053194045
TEST_03024,3.3474631500492693,-0.39509067647987606,1.23659418666929
TEST_03025,3.675005888696268,-1.2593051226090193,0.7897063225687891
TEST_03026,3.1719584294998944,0.09436435855615138,0.37537850878329576
TEST_03027,2.7109078474063875,0.04500325890360773,-0.0745993753863573
TEST_03028,1.9487146593956948,-0.2651456830983162,0.196579999325037
TEST_03029,3.3556420770674347,-0.7495048734157086,0.9812137882726193
TEST_03030,0.9064941726584435,-0.4813256776947975,0.2517413594069779
TEST_03031,2.6761034005855917,0.7745218914589882,0.556077870464921
TEST_03032,1.9690717903876305,0.12310190006518365,-0.033626841737627984
TEST_03033,2.72288322402668,0.20898722348141668,0.0618025162718296
TEST_03034,1.5628472910432816,0.0706630528986454,-0.05215709776377678
TEST_03035,2.0433813198499085,0.6863515838588476,0.03772759847694589
TEST_03036,2.1545765681934355,-0.2588212502222061,0.62477037839216
TEST_03037,3.565041343232155,1.0055676782560348,-0.23746906192231176
TEST_03038,1.3663044020471573,-0.0056727998695373545,-0.2740827898874879
TEST_03039,5.229725113708437,-0.9198282565506697,1.7429055515220164
TEST_03040,4.622735955215454,0.29589195827654,0.13735659614354373
TEST_03041,4.43292757354188,-0.7166266322654485,-0.0052554041538983584
TEST_03042,3.8638703294115064,0.09808927495825291,0.19732522051751614
TEST_03043,2.8277802379978896,-0.7208272020516991,1.0700407522337436
TEST_03044,2.706679334227264,-0.5532784902006388,0.79923208177042
TEST_03045,1.1254146120785475,0.594905932210803,-0.1839562574724704
TEST_03046,1.3690684782996179,0.42118626346063615,0.2635577859507799
TEST_03047,1.8526466568864584,-0.7434796518285275,0.11166211031112075
TEST_03048,4.948584561249971,2.106320602468729,1.0320421517378688
TEST_03049,1.7484078685984612,-0.5128338369101286,-0.0239635608317852
TEST_03050,2.6620587634016277,-0.41688379415655136,-0.9502685290595293
TEST_03051,1.945378874803394,0.3648967948759794,-0.3254549325582236
TEST_03052,3.5424598465235233,0.011174675816893577,0.972518591362238
TEST_03053,2.627701811449654,-0.6490697152557373,0.6534648063887357
TEST_03054,2.041713365653753,1.0599873598757386,0.4077355999804586
TEST_03055,1.6783401870979666,-0.23898217297935487,0.118408562706545
TEST_03056,2.3123946169252396,0.8398937461867333,-0.8005280478506088
TEST_03057,2.5964072303349823,0.5197022931340933,0.6585275678487718
TEST_03058,2.9545637899744808,-0.7490627636327744,-1.0023759783393145
TEST_03059,4.295082359928131,0.7038978379784823,-0.05729726057755947
TEST_03060,2.54316783270514,-0.35980932948210836,0.6450184618992806
TEST_03061,0.7840675203869939,0.1055204309911728,0.2667685835825093
TEST_03062,1.7973806502263248,0.9548825982242226,-0.3222159877833128
TEST_03063,3.234062212223053,0.3653696784980297,1.1449401630403995
TEST_03064,3.1488360999498366,-0.3410571308247745,-0.2338711327896118
TEST_03065,4.326411847679436,0.41277958623976263,1.7320484979698658
TEST_03066,3.2613327648887633,-0.3704876152033806,-0.10472424065081776
TEST_03067,2.6335874634003638,0.7041114514607191,-0.570933330926299
TEST_03068,1.5353874334082604,-0.505791486631155,0.43132342251729966
TEST_03069,3.345449011528492,0.9428144099777788,1.1021298583214878
TEST_03070,2.318967983468115,1.6937988284584284,-0.6096511985850335
TEST_03071,1.2441455522372722,-0.2319099947811365,0.3301144970881492
TEST_03072,2.1838270496175287,1.308401871600151,0.7120257713977992
TEST_03073,3.0857891008521317,-1.2182524389310478,1.2396331195511818
TEST_03074,3.049989588027239,0.0884641406636238,0.8690100860207081
TEST_03075,1.3405868857127428,-0.15461433778488637,-0.22240958546555042
TEST_03076,1.5185783181416987,-0.12173435781729222,0.04108510590171814
TEST_03077,2.148913751385212,-0.272382711360693,0.4299277673214674
TEST_03078,3.630031614826083,-1.094518346282065,0.590122362967372
TEST_03079,4.982254481804133,-1.6354554780993462,-0.6177053747341633
TEST_03080,4.8227981524673105,1.0389018941182495,-0.6312914172077179
TEST_03081,3.9448376715984343,1.6666680979967117,1.366185667895317
TEST_03082,1.2584070444128512,0.16350989598700405,-0.03623223547881842
TEST_03083,3.7665311367402077,-1.6624114856252075,0.3342333169357777
TEST_03084,2.3182764546113015,0.7049585865464211,-0.2044881634464264
TEST_03085,1.0114269431085585,0.18701671682441234,-0.33667730039806665
TEST_03086,3.011440489165306,0.6461145492514819,0.25041216601261496
TEST_03087,3.58040959746933,-0.5143122408970594,0.6676957462260127
TEST_03088,1.125536231524706,-0.7727365246212482,-0.3024903563078642
TEST_03089,4.167854982951164,-0.13955424968338012,-0.20680664301419258
TEST_03090,1.7839040826494694,0.4388646600833535,-0.5486109074947834
TEST_03091,4.313142777747154,-0.31871750473308563,0.3354379334119558
TEST_03092,4.805193559207201,1.3269513194667102,-0.5638862431784868
TEST_03093,2.160442401807308,0.3946436398291364,-0.13394367325794695
TEST_03094,1.832603904218793,-0.6309271126132011,-0.30349636913990974
TEST_03095,2.501889597007334,-0.28744150389015677,0.1534907197782099
TEST_03096,0.9954915202023387,-0.2755449586158395,0.32538419494780896
TEST_03097,2.979367053328514,-1.1279740425009728,0.7515066101903319
TEST_03098,3.8524747619866133,-0.16262177827239035,0.23255394958677889
TEST_03099,3.753278063146055,0.25465502856481076,0.6583762498090268
TEST_03100,2.166899825690001,0.433605008587718,1.0222322469667195
TEST_03101,1.47907552220881,0.31739788014656306,0.34099272726877405
TEST_03102,1.9046294033055307,-0.07646057845044137,0.2142286908431053
TEST_03103,2.0083986784739496,-0.04087752186393738,0.3818261768270731
TEST_03104,2.488199503545046,-0.11188663809746503,0.5623382373994589
TEST_03105,1.6188496745905876,0.08690055628585816,0.22394123404860497
TEST_03106,1.854460250657797,-0.08767315166425704,-0.44898660255002976
TEST_03107,3.604033571093023,0.043422535545110705,0.5606611194314957
TEST_03108,2.8705069621884824,0.05335025044545531,-0.48979392030286784
TEST_03109,1.6448623851906656,-0.23583190986704827,-0.16244163500294834
TEST_03110,4.515621728323341,-0.39074852219766376,-0.24312327834904196
TEST_03111,1.6455163293318749,-0.6892975407844781,0.2552558053482324
TEST_03112,1.4627270211863517,0.7793143578958511,0.22996373489141464
TEST_03113,2.486489745303154,-0.9374883419482708,0.08363900808882713
TEST_03114,1.7742737980494498,0.0966652699494362,0.10963206718832254
TEST_03115,0.8685668164087534,-0.20228682703378797,0.2715406049507747
TEST_03116,2.178837287962198,0.9994600634205342,-0.4674788480280638
TEST_03117,2.9291846888366937,-0.24035185859316588,0.030912919840216636
TEST_03118,3.1960323301469087,0.36720989171242713,1.3017062475717067
TEST_03119,4.725031824446529,0.991025885560274,2.049396847159624
TEST_03120,1.4565803246874809,-0.05196201299607754,-0.23785754047459362
TEST_03121,2.6860062457817793,0.9751488742719293,0.45818894731569293
TEST_03122,1.5116347587519885,-0.47744770792055125,-0.7409806975021362
TEST_03123,2.465189089162171,-2.2412094463303087,-1.1660724288050532
TEST_03124,1.5277833592083454,-0.13281124740445616,-0.028089130362272265
TEST_03125,2.737043711178124,1.02950292695117,0.5872152310308218
TEST_03126,4.3069609368136526,0.09488479926347733,-0.5846754260034561
TEST_03127,3.0139661004835965,-0.4782820425635576,-0.8424805141794681
TEST_03128,4.617404143417001,-1.0290514854516983,1.056992167019844
TEST_03129,2.791567771033764,0.5223223936226368,-0.34910983488178254
TEST_03130,1.7885468753566742,-0.4582187257018089,0.3513915982840061
TEST_03131,4.355679157867789,-0.5805107959033847,-1.0491157585849762
TEST_03132,1.2849477916567325,0.5665446563624144,-0.27186064627343415
TEST_03133,3.3896065043836834,0.34740017745518686,-0.47507942197620867
TEST_03134,2.5765394675400257,1.3086193637048007,1.138823919228971
TEST_03135,2.1622232312049867,1.0297472590150833,0.4422352869918346
TEST_03136,1.9817805589565187,-0.5562261975533366,-1.0061304957501889
TEST_03137,1.6289880760731696,-0.11060754805707931,0.2159214432313442
TEST_03138,2.2591035525631904,0.692658498998642,1.2529581532789469
TEST_03139,1.4409144162528515,0.14516849607300758,0.15264957338541002
TEST_03140,2.999408051689625,-0.20594737664318086,-0.4996587900103331
TEST_03141,3.279573124205187,-0.11026137189018725,0.41198652691662313
TEST_03142,1.3435432899351716,0.39464368768596647,0.010608339082479478
TEST_03143,3.077560609067917,-0.9939443469954132,0.530691332855463
TEST_03144,3.6200937357251046,-0.0070726344658732405,0.5759746498759984
TEST_03145,5.206814273932696,0.7374767744812966,0.30467236834068595
TEST_03146,2.720840329404235,0.1825925936255455,0.707114659339428
TEST_03147,4.373007318329811,-0.5665030960546732,0.961233138641119
TEST_03148,3.29737846799922,-0.7250367591285706,0.739248335840702
TEST_03149,4.3536780946626665,-0.832998783985734,1.237890874487877
TEST_03150,4.203106827435404,-0.07952032501792908,0.5855828774838447
TEST_03151,1.242722175882101,-0.144772080011487,0.18458296147960424
TEST_03152,3.316543224400997,0.008238014602899552,-0.31677903076267244
TEST_03153,2.572581741588116,-1.480131470210433,-0.45889615817916396
TEST_03154,3.0565549217169283,0.4170254992821217,0.32114150287654997
TEST_03155,2.68778476079721,-1.0212567351562978,0.6968044491705299
TEST_03156,2.799278209713459,1.2688298880684377,0.31690311029232293
TEST_03157,1.758273337749958,-0.3003094482011795,0.3875651683026552
TEST_03158,1.3967848593871592,0.8781285111300349,-0.4454288030808568
TEST_03159,4.66457940220958,-1.6144300276020764,-0.9425781072933674
TEST_03160,2.66549524704504,0.2560434911901951,0.35477963481652736
TEST_03161,4.5982261381593945,1.2510116635589599,1.1174023958723545
TEST_03162,3.6339059957747386,-0.31422887899804114,0.06303442172187568
TEST_03163,2.7772527825543882,-1.6018918649094402,1.2445790829951764
TEST_03164,2.120993663923979,0.07815127008676528,0.9758054276263713
TEST_03165,1.8287368253766298,0.9924571085028648,-0.12044381345337629
TEST_03166,1.9608139131178857,0.0788527080245465,-0.43454092041313647
TEST_03167,2.487949458736539,0.3837784468590021,-0.6121669945914745
TEST_03168,0.7878436530044078,0.3251585441546589,0.06659217540833354
TEST_03169,4.495696038665831,0.4003260112005323,-0.08672712631352246
TEST_03170,2.849540316582203,-0.5691039478565869,-0.46964772196745874
TEST_03171,2.85853043113935,0.501622599938035,0.7227394542218447
TEST_03172,3.789028084049046,0.4107256961967945,1.2421449875023365
TEST_03173,1.2015627421991826,0.38186410789759456,-0.0006980829340219492
TEST_03174,1.7992394110143184,0.9727708875616417,-0.411094641633749
TEST_03175,2.4989699320615006,-0.22788273224055766,-0.5067831419799328
TEST_03176,2.504042334155634,0.6806593754029274,0.05097025129938126
TEST_03177,3.8780585379553436,0.9049381703038215,0.47349773618638513
TEST_03178,4.4154924383564,-1.0795748602275848,-1.0735971946833134
TEST_03179,3.7838420432555675,0.5647452927692086,-0.3984216759365201
TEST_03180,2.4755867159558536,-0.5069286177874803,-0.36090100420200827
TEST_03181,3.1014499357095957,0.05200080984687805,0.521751957777977
TEST_03182,2.2456202450740337,0.522863846693039,0.5264301332623958
TEST_03183,1.5197163779575824,-0.8232823630636334,0.29586969486153125
TEST_03184,3.4308959349784853,0.3643311527748108,-0.36700911047756674
TEST_03185,1.8164582477812767,0.316352196154356,-0.07682387217277288
TEST_03186,2.4899500029810966,-0.5358918904836774,-0.4909427559647262
TEST_03187,3.3274947490974665,0.4139276005977243,-1.1047311483254432
TEST_03188,2.592936871255398,-0.8039028908660412,-0.11186295876002311
TEST_03189,3.820649786083698,-1.1905576278185845,-0.6930167673814297
TEST_03190,2.7243667992733718,0.9376198157167286,-0.3106441842136383
TEST_03191,2.9166862157477738,-0.9048555834177062,-0.3269906873850226
TEST_03192,2.3598776987453105,1.2212488557941914,-0.47418910763841865
TEST_03193,1.3771880353355408,-0.4281515512940884,0.25902681180228293
TEST_03194,3.2522133659784793,-0.28379166564428804,0.9592286092629433
TEST_03195,2.2499872818549873,0.4285651102543771,0.40630753144824505
TEST_03196,3.267132605086088,1.0018531200963854,-0.3376895976383686
TEST_03197,2.5923571088972093,-1.081906406597048,-0.5261930797815323
TEST_03198,1.7101946318442822,0.34036719205266236,-0.5618781414003372
TEST_03199,4.60317417819798,-1.730451232609272,2.078389475717306
TEST_03200,1.3062388981096744,-0.19121655322635173,-0.3571430387214422
TEST_03201,4.974712400910795,-0.6418590842386485,0.7543733476404547
TEST_03202,4.687168711296916,-0.9041443675623536,-0.5700365741161108
TEST_03203,3.732048929780543,-1.6238506071476937,0.3045539234817028
TEST_03204,2.6807961588602067,-0.22068426386976242,0.06669780809289216
TEST_03205,1.303380467253208,0.04181041019260883,0.07230219712808728
TEST_03206,4.260528338673115,-0.9074825577944517,0.06462052010977268
TEST_03207,3.05155458598423,1.0519762660080194,-0.15811454727327823
TEST_03208,6.403763611430586,-1.4378825323710442,1.608887252361834
TEST_03209,2.9075441848454475,0.03084284989053011,0.25090266021466257
TEST_03210,1.7014434403681755,-0.46344331735110283,-0.019684246360123156
TEST_03211,4.088118548687935,-0.34202093225955965,0.7386666606252194
TEST_03212,4.192315145085097,0.5103703986926973,1.1284563904304505
TEST_03213,1.480225980824113,0.15545725500446558,0.2671495347375795
TEST_03214,2.1488839087304474,0.14222690244559943,1.1167284637252688
TEST_03215,0.9275901741267443,0.0937484864537716,0.16947926712293923
TEST_03216,2.3991143097088337,0.6958668592431545,1.0332990410642624
TEST_03217,1.4420875081706046,-0.09470165434980393,-0.02387135702610016
TEST_03218,3.449972351864338,-1.030407419972658,0.4641272055940628
TEST_03219,2.059967684884906,0.9598703277721107,0.2554750919494629
TEST_03220,1.2026625050371886,-0.1236279793100357,-0.14195410275030135
TEST_03221,3.1408374800148904,-0.19480865457236768,-0.10018659220564366
TEST_03222,1.4384726500426606,0.29170751914444565,0.2515959757162929
TEST_03223,2.7342560323963614,-0.5862946385838985,-0.006922918814361096
TEST_03224,1.9751702264041902,0.6186165934367179,-0.32829908769363164
TEST_03225,3.5897912376217245,1.5001148884074689,1.583888074201107
TEST_03226,2.114806658414006,-0.06680848831033706,0.058467334336340424
TEST_03227,4.161463518355966,-0.685429014017716,0.6418003963595033
TEST_03228,2.982252279892683,-0.5087059802255034,0.037065915709495544
TEST_03229,3.632997217625156,0.38905440754431486,0.5099632146300077
TEST_03230,2.6931049348430633,0.5322121877520084,-0.07097631142446399
TEST_03231,3.258530134563446,-0.33896069403719903,-0.13177035539388657
TEST_03232,3.218666636103153,-1.4347662084002495,-0.1295794627071023
TEST_03233,2.338093786846757,0.029630637637615205,0.49258453873193264
TEST_03234,2.4792479978234767,0.30348656737041474,0.09392922024333478
TEST_03235,1.0905894210306406,0.34639786712932585,0.004617540139738471
TEST_03236,2.6311136878218653,-0.5169649586610794,0.6379940491051674
TEST_03237,2.4261551729137896,-0.24047699443769455,0.5291414027658105
TEST_03238,3.272688635692537,-0.7557366309842467,0.8656722599240542
TEST_03239,4.548752125539631,0.6111934820752144,0.4662547993414104
TEST_03240,1.6606680277415513,0.7159964814724327,0.19036012634436786
TEST_03241,5.000315760492206,-0.7055792538554668,0.8942251829283238
TEST_03242,3.619465305862069,0.6065176979014576,1.1147915512939692
TEST_03243,1.5417862579507828,-0.30638312006151674,0.010440401083692909
TEST_03244,2.8717204428664447,-0.8199922170405388,-0.2527469789294601
TEST_03245,2.615230433956146,1.1672112609114982,0.9498811574407816
TEST_03246,4.468163499036729,1.373526987509191,0.050057665531016884
TEST_03247,2.34699029038918,-0.2519126141810417,0.4990912580738664
TEST_03248,0.8991781536050141,-0.8652097090330124,0.20414308606040477
TEST_03249,2.8739819085831644,-0.11823413941693306,-0.3703606175875664
TEST_03250,2.3318549148516654,0.6117297820935249,0.05247836873236485
TEST_03251,3.063186159564853,-0.07219838894498348,0.20159243433475493
TEST_03252,4.2245094541315735,0.8726877601416111,-0.964561829056263
TEST_03253,1.6110333406668305,-0.312343962860167,-0.1907555318529606
TEST_03254,1.7564118229127825,0.9877050903992057,-0.5557150973297655
TEST_03255,1.8280088477510215,0.642419933146596,0.24566156478410958
TEST_03256,2.750235479030922,-1.015492258182168,-0.8188142665657997
TEST_03257,2.8787400366830527,0.49574559012424946,0.7356004002477526
TEST_03258,2.431941353660822,0.17935410929381848,0.8984726830569506
TEST_03259,2.6340905734319984,-0.7495899490522743,0.18370725418071449
TEST_03260,2.4134252424673437,0.1417683244894147,0.8194302228494287
TEST_03261,1.7000403582189083,-0.12083410043656825,-0.03917857282912731
TEST_03262,2.122471875729859,-0.4031604781692624,-0.5828800726767183
TEST_03263,3.834523220979322,0.18768476248168944,-0.774319439496994
TEST_03264,2.663302009193003,-0.18914369806039333,1.003956774261236
TEST_03265,4.9208210268188495,-0.8201986384040564,1.6269921293455363
TEST_03266,3.3557350421088934,-0.4892093432133794,0.6637889565883279
TEST_03267,3.453454296013117,-0.2306272186424732,0.10654290943789482
TEST_03268,2.686595359679103,1.0841088630673885,0.7461106146656274
TEST_03269,3.216319545366108,0.005549703792214394,0.09668224816554785
TEST_03270,2.6763759483962057,1.0738223540363907,0.32416818947027626
TEST_03271,1.3303022904777526,-0.29852654364144804,-0.056140899372160435
TEST_03272,2.8276088853548167,-1.034541016443491,0.1299746761558652
TEST_03273,2.87209770833645,-1.066238976897478,0.5999432350147963
TEST_03274,2.453362000246525,-0.005212988725006581,-0.20286935008859636
TEST_03275,2.5612233166360854,0.804789312321663,0.19365753466826677
TEST_03276,2.442081048565626,-0.2396707531095743,0.5704692238582373
TEST_03277,1.6231537849667073,-0.6995755579843521,0.19588336880648136
TEST_03278,1.4629154360508918,-0.30976180560134353,0.11129958546072989
TEST_03279,3.9862134679621457,0.40384118469792607,1.6627377089352608
TEST_03280,4.954025565106243,1.4004678933564425,0.6706755300035476
TEST_03281,1.8931425725041628,0.9533511836685539,-0.491084349886179
TEST_03282,3.024875499825418,0.8180487808190584,1.0940824061468244
TEST_03283,2.912290513209343,0.5814740373449325,0.4106827692193985
TEST_03284,3.194217260784626,0.6307320196048319,-0.4416883325419426
TEST_03285,2.0585213560940923,0.9323117935643196,-0.11406953699409962
TEST_03286,4.192016958723069,-0.7529924245252609,-0.2629631026495695
TEST_03287,2.5025085340420605,-1.3005193295408488,1.1737450891708732
TEST_03288,1.8804733719284534,0.6189997464686632,0.25716327898824215
TEST_03289,4.395761654094815,0.25022795130324366,-0.1994379902472496
TEST_03290,2.0886235951189995,0.23540366342878344,0.22528963983070852
TEST_03291,3.3299695423656703,0.16998284296679497,0.7673622208623886
TEST_03292,1.5822452938196658,-0.2678793539569378,-0.01570105946484208
TEST_03293,1.6021468148329556,-0.508714908664301,0.19419080594864488
TEST_03294,1.3246933445546627,0.9143283579180539,0.3017863199910372
TEST_03295,0.9219490287157297,-0.27399398823308946,0.19403308367845415
TEST_03296,2.7735092929463385,-1.1562712506101132,-0.06284172629082203
TEST_03297,1.922903037375927,0.4334750334084034,0.41918661822378633
TEST_03298,4.07158016629225,-0.49803773073339463,0.8484923149507045
TEST_03299,1.8904218984189034,-0.6800028018269967,0.33599169952839614
TEST_03300,2.7352330587231517,0.23611073294460774,0.7048742649862766
TEST_03301,1.8582127514801026,-0.45702829027067127,-0.25948037590783835
TEST_03302,1.676724372552514,-0.2110090567820072,0.21781231255805492
TEST_03303,2.5888087435774803,-0.7399777529506981,0.5516531084590852
TEST_03304,1.8926404746654033,0.18270131430351735,-0.34965147439634797
TEST_03305,4.888195857334569,-1.7216573029147386,0.408667174972713
TEST_03306,2.3863685724232795,0.3192205015666708,0.7281899570494295
TEST_03307,3.0287984423742293,-0.09426779941397906,0.5996367149713635
TEST_03308,3.1320833528690337,0.15307164636754989,0.1691889870312214
TEST_03309,1.8731260463081598,0.47692798695921895,0.10418273454961181
TEST_03310,3.6470805779859425,1.0499287321383357,0.532042414152503
TEST_03311,2.6132849855163096,0.15501324044445158,-0.0887022404321134
TEST_03312,3.496425636372566,0.4070630629394054,0.7079311797184348
TEST_03313,3.199239472502023,1.3505400304851531,0.22817092416395246
TEST_03314,1.321881826884508,0.10590776014465093,0.12834805745082534
TEST_03315,2.0092099778450727,-0.659604485823512,-0.6917628911983967
TEST_03316,1.8907761556200982,-0.46930178185868265,0.24668111410200597
TEST_03317,3.5704967253023385,0.03875625826072693,0.2768236830111742
TEST_03318,1.4725938026275636,-0.36259849286359547,-0.19545713054722547
TEST_03319,4.538877452558875,0.6703333696303367,-0.22816167493221165
TEST_03320,2.3417427898607253,0.7270307653927803,-0.10314189341115951
TEST_03321,3.447424508906007,1.9284303559712173,1.2157643989863396
TEST_03322,4.494726744016647,1.4245513500692248,-0.2909018669846058
TEST_03323,1.453887356465578,-0.7381462402331531,-0.23605044228854774
TEST_03324,1.4511865650064946,-0.15135167140457034,0.1521177260622829
TEST_03325,2.3474710482257604,-0.6740726960642338,-0.2958783998423219
TEST_03326,2.861336267971158,-0.7030691756944656,0.21947419532246887
TEST_03327,4.434495711707473,0.7122495683295726,-0.44347824833917615
TEST_03328,4.997462120353937,-1.8727229747072458,-0.6545166147942543
TEST_03329,2.494361771416426,-0.06363608720541,-0.6482347754458189
TEST_03330,2.28504800971961,-0.20459464236620067,-0.5611207249884606
TEST_03331,1.6421900743391513,-0.3207982756551802,-0.21075612625560164
TEST_03332,2.2268153088536264,0.1181721518161297,-0.2928150209934711
TEST_03333,1.2127360178653002,0.41295507625591754,-0.005045110432654619
TEST_03334,2.8952939825191497,-1.7634687859711051,-0.8941001698038578
TEST_03335,3.893119601701975,0.2728942056983709,1.2480415330758095
TEST_03336,1.1600712826524378,0.3351072372903675,0.0920857444730401
TEST_03337,2.0320854161782265,0.25218927346777914,-0.051962589782238
TEST_03338,3.887470834806919,1.2722444835580586,-1.1845226327438354
TEST_03339,3.8784914719263317,-1.0898903862491847,0.2901202767531872
TEST_03340,1.798134692581892,-0.03308179386401176,-0.33254749901008607
TEST_03341,2.4652863839261534,-0.4013522937811315,0.8240014824527502
TEST_03342,2.0860486056880503,-0.28438883169960977,0.1296273434864208
TEST_03343,3.200581418048203,0.45158555546569823,-0.5691650070047378
TEST_03344,1.3899968857811689,0.432678914157629,0.6214655003999472
TEST_03345,1.7514526390200853,1.2371582199560405,0.6458604163970947
TEST_03346,1.5148651376276017,-0.29936781335067747,0.48345599832987785
TEST_03347,1.3273832467232942,-0.20388060861885549,0.12610714278927446
TEST_03348,2.7732161109749676,-0.6576381847006083,0.5787500961131453
TEST_03349,1.4282259943099618,0.48317902377128596,0.2197286157809496
TEST_03350,2.630017643384993,0.8354500140058995,0.5649263342894316
TEST_03351,1.9738357234258652,1.1287617240605354,-0.3500444864114523
TEST_03352,2.817563959316723,-1.2859177295525075,-0.7904610178622007
TEST_03353,1.579062002818823,-0.3541421298344135,0.015136884461641312
TEST_03354,2.5007335876379906,0.3982289075979292,0.24290691309148071
TEST_03355,1.8020766153749228,0.21529443524694442,-0.3236303725333214
TEST_03356,2.752622591226101,1.7549282940428779,-0.5982952861033678
TEST_03357,3.2399528041689396,1.0508285661375523,0.4158331727113724
TEST_03358,1.3234381966998576,-0.6239486446986795,-0.5076063551772833
TEST_03359,2.490065231848076,-1.5491003408389687,-1.4759353195671439
TEST_03360,1.281101588224411,0.8823574754868746,-0.07665565256101638
TEST_03361,4.235680777118564,1.44539667994833,1.0060355436663628
TEST_03362,1.480660795981705,-0.5154505069538355,0.12861033211678266
TEST_03363,2.9156362635873556,1.481173977537155,-0.31515607211399077
TEST_03364,2.5364039877614974,0.5632272046883107,0.8559886014305353
TEST_03365,2.106517647694826,0.08498283932864666,0.08775456123155355
TEST_03366,1.8749064905123711,-0.16684719513607024,-0.30868037500315904
TEST_03367,4.100756174231767,0.08016299638438225,0.15436043159151078
TEST_03368,1.406225241324544,-0.09402575098490715,0.7005503252755105
TEST_03369,2.3636410264976027,-0.1467560548648834,-0.08719024418306351
TEST_03370,2.030045383163929,-0.26713490212637186,-0.057679067543819545
TEST_03371,3.077174918165207,0.2590703793130256,0.05423076016783715
TEST_03372,4.000181058044314,0.4654192270640135,-0.20121826993227004
TEST_03373,2.3842946799913047,0.14313778929543494,-0.27571661807513237
TEST_03374,3.2038148736201526,-0.45051303768098355,0.6950968345104456
TEST_03375,1.2262099145950078,0.08179726010560989,-0.11564619476991891
TEST_03376,3.1143594929541347,-0.7137407281236052,1.7048903638878317
TEST_03377,4.00714496714282,-0.8659973426809311,-0.06819819870710372
TEST_03378,2.899625732111931,0.7448097706900835,-1.3210254271250963
TEST_03379,4.155716870260835,1.827364413913086,1.351511361771226
TEST_03380,1.3171470925676823,0.07294651402848959,-0.18734726452597975
TEST_03381,2.6442152541792394,-0.31689839412504434,0.19322630158010126
TEST_03382,2.098101953154564,-0.12334720907592772,-0.3302199139554501
TEST_03383,1.685752297792673,0.07585919757771492,0.5903380162858064
TEST_03384,4.027090778228283,-0.20433923825551756,0.1419940940386653
TEST_03385,5.621602437473059,-0.9986207929013371,1.8104948194681405
TEST_03386,2.241344708473086,0.19648301234084367,0.8943914310011863
TEST_03387,4.080369973570853,-0.6032792741362154,-0.5617542464282512
TEST_03388,2.4620463459777833,1.3396607545810937,0.25052270775565505
TEST_03389,3.2007002579921484,-1.7865424555830955,1.1793070816986562
TEST_03390,5.269264775653482,-1.7418253560067416,1.1278921118418574
TEST_03391,2.451619222318813,0.3820485387134552,-0.1893196637096405
TEST_03392,2.5470009761404993,0.9941998693530559,0.8036356099931001
TEST_03393,3.293798746288031,-1.8452494495699405,1.108128876977086
TEST_03394,2.3225366455888747,-0.6501086538371443,0.40796390071442723
TEST_03395,2.3235561248445213,-0.7626724521183074,0.649360924041152
TEST_03396,4.003932144468546,1.4480222685639859,0.071446436678648
TEST_03397,2.456419506610632,-0.8553451368858814,0.13999150627529622
TEST_03398,2.9789372271960377,0.02027412237930298,0.7755688507215976
TEST_03399,4.8146620128127635,-1.070684594279617,1.6729718455652594
TEST_03400,4.5291388810126785,-0.556905384330146,0.5822194167782069
TEST_03401,3.271715066452682,-0.6281190434122086,0.5191610544663071
TEST_03402,3.0775550542461874,-0.19292417877750098,-0.6426653854700327
TEST_03403,2.31297915553689,0.7044819815261364,0.9886258307483196
TEST_03404,3.2129953613095283,0.8766970822027623,0.05848871467661858
TEST_03405,2.4725505188664796,-0.7930473683502675,-0.3397465833893418
TEST_03406,3.3573780402704476,-0.15437979536132515,0.8566979853765965
TEST_03407,2.4136826584165094,-0.3665244083302021,0.27914512834110855
TEST_03408,5.636230462728977,-2.357509405675173,0.7174460473687648
TEST_03409,3.380362064178646,0.2160114433965683,-0.1978899533395767
TEST_03410,1.8391878344826698,-0.21250897555732728,-0.23420317740285396
TEST_03411,1.0239166782547235,-0.01238616664326191,-0.1775768661788106
TEST_03412,3.7173950489922167,0.6254259890582562,0.38773310213699935
TEST_03413,1.064057785799563,-0.3386682150017619,0.13910951127506793
TEST_03414,3.6660919061912893,-0.48710239931130406,1.8012366012911796
TEST_03415,1.0180580619184971,-0.416663843339473,0.0726805868653655
TEST_03416,1.3627029660477639,0.34207729432046413,-0.16584764522993564
TEST_03417,2.8269454722003937,1.2635434707485103,-0.24302415176320075
TEST_03418,1.1420039642976523,-0.1993176155159846,-0.26313487039870026
TEST_03419,3.0258983405750097,1.398929767444849,0.16501568934094907
TEST_03420,2.463543687108159,-0.5829776189227104,-0.20748342024782299
TEST_03421,3.314963800187655,0.17389102918708324,-0.2771964653439522
TEST_03422,2.3550668075666428,-0.1067671840415001,0.20496147220766545
TEST_03423,1.8240172867481708,0.7851492510981559,0.5410215339839458
TEST_03424,3.1123734353125094,-0.069790833406806,-0.4514291441299915
TEST_03425,3.8573843358314632,1.1361043904720545,-0.26474129145562647
TEST_03426,2.8939792498287633,-0.21976775251090527,0.5127816711781025
TEST_03427,1.9463399476796388,0.26595738257724044,-0.36641950458431244
TEST_03428,3.219946919696093,-0.32771841978383065,-0.2558870806593895
TEST_03429,4.210633069404126,-0.06519178919622302,0.08931045981395244
TEST_03430,1.903156432721138,0.9987889452411383,0.049217517442822455
TEST_03431,2.812812979305625,-0.9131173257887364,0.5576177979142666
TEST_03432,1.7020988934791088,0.7071554239176512,-0.07395164537322521
TEST_03433,2.889269623224497,0.458511273955822,-0.599281464831233
TEST_03434,1.2703884674935342,-0.39803012927651404,0.029466281345382334
TEST_03435,2.262722189057231,0.07058076411497594,-0.1945823182938099
TEST_03436,4.431912704619885,-0.18312559755825997,-0.03578023755908012
TEST_03437,1.2186927538967132,0.31497737308174373,0.3248013697023392
TEST_03438,2.7191091012321262,1.3306421186263562,-0.3248189279521704
TEST_03439,5.854662806410551,0.8715507913054228,1.2408090063892603
TEST_03440,3.6917840167889593,-2.0056129197359085,-0.8919971501712799
TEST_03441,4.216610839080691,0.2473658336994648,1.3358917530651093
TEST_03442,4.41111514793545,0.0306793568867445,0.5652365202115178
TEST_03443,0.9808494757573009,0.41949434130096436,0.35116758883441984
TEST_03444,1.941915563427925,0.30496819200325015,-0.28910048238658903
TEST_03445,2.1645357436814754,-0.4855572652205229,-0.27329450923457743
TEST_03446,4.808587360835672,-0.6033857217042446,0.9464833874149322
TEST_03447,1.867670190335989,-0.9702900011512041,-0.24825650052547454
TEST_03448,5.303854945190668,-2.50667169246912,-0.9338173534131049
TEST_03449,2.18853455413723,0.48215407226395607,0.06794800354933739
TEST_03450,1.0162566770262718,0.4494880512896776,0.26560937199646234
TEST_03451,4.2268497481277585,0.506847405175209,0.2525540218248367
TEST_03452,3.209588750112623,1.2630215123796462,0.38127274743269385
TEST_03453,2.200051524816379,0.5375761217291355,0.07922819171950221
TEST_03454,2.921233903939724,-0.21500470798420906,-0.2818518510544896
TEST_03455,3.668367651238382,0.7934465978455693,-0.4509669936929345
TEST_03456,2.0790938692976533,1.2306997857598065,-0.9409707430560589
TEST_03457,3.336112870902419,1.0710831800800562,0.16532389470881223
TEST_03458,5.454687451132059,-0.3696147662456036,0.13652297364103794
TEST_03459,1.6635180520054103,0.2038797271322012,-0.15273461033391952
TEST_03460,2.9254762721631526,0.7378973288980722,-0.07574392906457186
TEST_03461,1.4528620351679324,0.04249543100219965,0.027198470388948917
TEST_03462,1.9619818871626853,-0.1383840375417471,-0.4355168258810043
TEST_03463,3.278524668083191,-0.24290332749009133,0.0957924955445528
TEST_03464,1.4052142235053777,0.44688183272558796,0.586828961446166
TEST_03465,5.937687490065574,-1.7877645106897355,1.7353552429858445
TEST_03466,2.7891716312086583,-0.3740747861765623,0.7913847569997311
TEST_03467,1.7992245446367263,0.42258378083594145,-0.3049357244883776
TEST_03468,2.961305427810073,-1.1462900876113176,0.8878336003853082
TEST_03469,2.2280451703436372,-0.2565488020429611,0.5848178483846188
TEST_03470,4.731082327848315,0.6174910429880619,1.661191635998249
TEST_03471,2.087599615717113,0.4676474892706871,0.02504965222349763
TEST_03472,2.2464794019900562,-0.18512967801690103,-0.6239754363546371
TEST_03473,2.7388933612543047,-0.7158456441831589,0.055888968885421754
TEST_03474,2.699738770973682,-0.09265714758515359,0.05910945222586393
TEST_03475,0.9165182038812041,0.16882936760601402,0.09421783863945678
TEST_03476,3.418694221542895,-0.7623447215483189,0.431151499561429
TEST_03477,1.9635742546255588,-0.47096388015222546,0.13328454230570794
TEST_03478,2.938928885668993,-0.504840528758794,-0.3564570429426432
TEST_03479,4.860912080634117,-0.6115537279791832,-0.27200670133817195
TEST_03480,1.6611738449425697,-0.18487544017910956,-0.1815835426072553
TEST_03481,1.2091388766932487,-0.9442980619984567,0.06713001569329202
TEST_03482,4.545318034385115,-1.5905340669294,-0.3219031359436214
TEST_03483,4.167727518072605,-0.37972424370241165,0.002718575251981616
TEST_03484,1.7155803201675415,0.286800625726223,0.3102331059930474
TEST_03485,1.1034505845219493,-0.18473117125850916,0.23942715278756618
TEST_03486,3.6469273670758606,-0.8443174585534036,-0.6158251698921323
TEST_03487,1.5960724649825095,0.17516970683509112,0.7303196693874597
TEST_03488,5.153586082769156,0.9120988792695999,-0.18069943300533295
TEST_03489,2.1207694947943687,-0.1000210477579832,0.19168238199068605
TEST_03490,2.709756330209136,0.12241009702944755,0.10895573968607188
TEST_03491,2.5354136704581975,0.21277537790894507,-0.42429343308615686
TEST_03492,5.046772828306079,-0.9945892592947483,-0.5574417695000171
TEST_03493,0.9816086658124924,-0.33091120617496966,0.05902367005333305
TEST_03494,1.4565928421980143,-0.4841435194783211,0.22805697205227612
TEST_03495,1.5042481308569908,0.304323047224462,0.09209734625342489
TEST_03496,3.0929738314951956,-1.2282994973189831,0.31207171509307624
TEST_03497,3.753396072003392,-0.3606585795919658,0.11710632736447453
TEST_03498,1.0733206404895783,-0.6602194311645031,0.4866466543429494
TEST_03499,4.016313554249197,0.41797721310281755,0.3398762213881016
TEST_03500,2.5168403028276862,-0.5700106699340344,-0.7906128978971243
TEST_03501,3.542359386247158,-0.4652735766935945,-0.6114052790268659
TEST_03502,1.8704462283551098,0.5795557156412602,-0.4281371431235075
TEST_03503,3.078431804835081,-0.4357949411062002,-0.2307170101749897
TEST_03504,2.7008075953582527,0.23355523707020281,0.1955257178676855
TEST_03505,6.063649548644066,0.5855058012497425,0.9656913283433318
TEST_03506,2.361793662975967,0.179058216914773,0.6244751316316127
TEST_03507,2.5314890158517063,-0.11299205518762767,-1.0297946821781396
TEST_03508,1.7421951508750915,-0.5745293806410432,0.2628512355544567
TEST_03509,4.482718072489858,0.7807130641098022,1.076956851790905
TEST_03510,5.183047752142251,1.1339558224768043,-0.8895094536580965
TEST_03511,3.5288437663491963,-0.7701712831394673,0.2774916357463598
TEST_03512,2.3077565553566517,0.33593893150770665,-0.3165695615530014
TEST_03513,3.2060239190588,0.18248414554336667,-0.5748179475002289
TEST_03514,2.9692101766026022,0.2362886225219965,-0.7493276318759918
TEST_03515,2.101449836446971,0.40785174916434286,-0.7450268647222519
TEST_03516,4.4602213018684385,-1.0585646050699353,1.1823854473776818
TEST_03517,2.7682003684597016,1.3893901729195117,0.1924190227277279
TEST_03518,2.557647463193029,-0.5936344379070401,-0.40969327130949496
TEST_03519,3.0496917527793648,0.023919877203464508,-0.7091899604767561
TEST_03520,2.329365569197178,-0.06984277007174491,0.4599011161688566
TEST_03521,3.3390188017498255,-1.7141949370509981,0.4968760524278879
TEST_03522,2.834314451977849,1.0214633503223658,0.6420181376821399
TEST_03523,1.8570146131176948,-0.9490502890730202,0.21611682300132512
TEST_03524,2.8440123242038937,-0.9415918056873083,1.0909592726908028
TEST_03525,1.0507228640501498,0.03574767790234089,0.03215029964281619
TEST_03526,3.494591031158328,-1.0333612774352132,0.5489647793210148
TEST_03527,1.0801604599046708,-0.19281901825195552,0.31724306505670397
TEST_03528,4.778787476227761,-0.8311786861257553,-0.9193054618014097
TEST_03529,2.8168768072162567,0.4579204325351715,-0.27653842449736593
TEST_03530,2.8394119367302655,0.12160573668664694,0.39887152564299105
TEST_03531,2.7889932016204595,0.2708565236381441,0.7155805336457491
TEST_03532,2.750379933751047,-1.1174359116778374,0.9152685088617504
TEST_03533,2.6386346363245248,0.012467817501902581,0.1516626146725416
TEST_03534,1.3503550919129848,0.14469960890853406,0.34243408601751923
TEST_03535,1.6368895986719132,0.10523144557869435,0.12372680394224822
TEST_03536,1.9113020343993903,-0.2754123968800306,0.2533010518977642
TEST_03537,2.274621883976221,0.9987511307154298,1.2108283188595772
TEST_03538,3.785072157743335,1.5980153629300595,-1.35958255569005
TEST_03539,1.7583402319933177,-0.7262346120159626,0.17224073394739628
TEST_03540,2.2926899635896087,-0.05065216235232353,0.1996036314382553
TEST_03541,1.520086751213789,-0.6720921373230219,0.09487425854413212
TEST_03542,1.534570036975622,0.24711229013055563,0.22028784127794207
TEST_03543,1.7827878268592359,-0.07526520759046078,-0.5880479084795713
TEST_03544,4.005319819513678,-0.9047396126748621,0.24600844619894027
TEST_03545,1.2319040094407796,0.22028889643073082,-0.21345802813863754
TEST_03546,3.0109447547634764,-0.6989047571567893,1.090494382884264
TEST_03547,2.683276342527211,0.4635943893541545,-0.615511727732256
TEST_03548,3.4734027498534323,0.3350489278463125,0.2544857111807168
TEST_03549,2.98140116510123,-1.5344961257505416,-1.095003877283275
TEST_03550,4.838960964834779,0.23040842515707016,1.4064810976666808
TEST_03551,1.8457617204585075,0.120739430172801,0.34761762655985357
TEST_03552,3.424034245360613,-0.4924076375351548,-0.15592313694012164
TEST_03553,2.357400480782032,-0.7136262266324759,0.36898777094697954
TEST_03554,2.3844012426166534,0.3033886934168339,0.0022139520770311366
TEST_03555,1.1724237699651718,-0.43598401962846517,-0.12237717539680004
TEST_03556,4.510498412013054,-0.956710831186831,-0.034327673100233075
TEST_03557,3.4257772967932225,0.2931292154083252,1.0093092628557683
TEST_03558,3.610933420889646,-0.08955000690710545,0.6952937261645794
TEST_03559,3.6427150796295407,-0.07903452072167397,0.16204263886128367
TEST_03560,2.352493838748455,1.4936818041644095,-0.6575110625150203
TEST_03561,5.0030754468541145,-1.8509773365170956,-0.2363178361750245
TEST_03562,4.550433182390809,-0.4280697451481819,-0.16026446515238285
TEST_03563,1.2424998507591487,-0.49983770562398433,-0.2767501653393507
TEST_03564,2.633381145559013,-0.023103012161374094,-0.3692634597296715
TEST_03565,1.3157710668022633,-0.10590835050212592,-0.2569030521961376
TEST_03566,1.3240545853841306,-0.04631988586783409,0.23985181799668073
TEST_03567,2.2966173125462532,-0.04531289039635658,0.2872810250032991
TEST_03568,2.211257509672403,-0.49201832149899005,0.1662216289613247
TEST_03569,1.193030513654232,-0.0444839898622036,0.1204285843346119
TEST_03570,2.0341925678310395,0.4202247223277092,0.06013501604199409
TEST_03571,2.2204897738552094,-0.15089171019613742,0.29549880488222835
TEST_03572,2.6922225512924194,-1.373074532184683,-0.5676282226224318
TEST_03573,2.61212336465168,0.619103899538517,0.44427961990857123
TEST_03574,3.048338038820386,-0.856341212990284,-0.2544567035262585
TEST_03575,2.3631194883392443,0.6599759731891751,0.4322542874802053
TEST_03576,1.1774234258340597,0.4665813330783844,0.15888175712037086
TEST_03577,3.2938868321610095,-1.9465285908657313,2.1403141385908127
TEST_03578,3.9945918349084852,1.2121348827376366,1.6015330504459142
TEST_03579,2.194805316388108,1.0910533516802787,-0.351216598808676
TEST_03580,2.997780641796589,0.0325091902127862,-0.9504215231533051
TEST_03581,1.1778660655692816,-0.5890727105639875,0.2768213789215237
TEST_03582,1.2666966911016702,0.23591696638953685,-0.14919604225206376
TEST_03583,1.8908252697620391,-1.062318681990415,-0.4332156334364414
TEST_03584,3.8393173273109196,-0.6078417800917626,-0.12593532105690242
TEST_03585,4.175340206373512,1.577850876923263,1.3172884096886666
TEST_03586,1.917140399778664,-0.4065321920619011,0.12573049910807982
TEST_03587,3.2388380700540544,-0.5487018704047502,-0.40474535692751407
TEST_03588,1.8095334908308982,0.11567785645264388,0.2115065442637205
TEST_03589,2.9577193833670616,1.7146334609856606,-0.7839184712586403
TEST_03590,1.7070868949549198,-0.3798019312165901,0.0005457908152341848
TEST_03591,3.0962815385484173,1.0255376830117702,-0.5678998934429884
TEST_03592,3.2075621875532865,-0.8908452246923446,1.7746967654867172
TEST_03593,2.6270714150477463,-0.8693613515678048,-0.27823526252102854
TEST_03594,1.4830023080465793,-0.1329330108010769,0.1786474910679385
TEST_03595,1.4582875761737228,-0.462450576290369,0.42116109258943796
TEST_03596,3.5834365649988653,0.9541105196352004,0.7505099858256579
TEST_03597,3.2018059320805072,1.1345019295854568,0.28957339791822434
TEST_03598,1.85219215651232,-0.46327170929425954,-0.6939166194705367
TEST_03599,4.281220193258974,-1.6401523228487969,0.7438823156237602
TEST_03600,4.059411475063801,-1.0903163025803566,1.1204284660639763
TEST_03601,2.3851172607375384,-0.12017624234816432,-0.703637533054471
TEST_03602,4.060221218692362,1.7174074552168845,-0.8945192474069595
TEST_03603,3.5181431207894387,1.0015184740929604,0.8161881235070526
TEST_03604,1.7964843026866912,0.011276469715118406,0.23240131469241715
TEST_03605,2.4479074892492294,-0.8180074115889072,0.48188494999265674
TEST_03606,3.214802285290718,0.03580963289308548,0.3174678531238418
TEST_03607,0.8053112195397616,-0.350182659124732,-0.18817652882373334
TEST_03608,6.294090792443752,1.050302949580729,-1.1538031427693367
TEST_03609,3.646459660899639,0.5176724446836412,0.21740400716160424
TEST_03610,3.0086791664523482,0.5638603254058361,1.1842208103981018
TEST_03611,3.4632161356101783,-0.07627238350915909,-0.029187745132654905
TEST_03612,4.779455945121557,0.49760359925234315,-0.05119194262599945
TEST_03613,2.4476407654776575,-0.24488586090536416,0.08203605328631401
TEST_03614,1.6420706406984926,1.2065421720122098,0.808457442851007
TEST_03615,2.5867937270361745,0.8137506223936081,0.49932152047288414
TEST_03616,2.7416435911312105,0.2392920578567982,-0.20044266959142687
TEST_03617,3.9065734418985842,-1.6349996741745472,0.45267712589406967
TEST_03618,1.065373754888773,-0.26977121076869964,-0.39222852553522586
TEST_03619,2.750205299982071,-0.29112533142519,0.07312506637263298
TEST_03620,1.6215770021260978,-0.7435521347507238,0.2718569408503771
TEST_03621,1.7462215605896114,-0.6907656942009777,0.3586284923329353
TEST_03622,1.6686500470530987,0.21988657666063308,0.3099364598077536
TEST_03623,1.1947735787857772,-0.43000954269003866,-0.4579238298211098
TEST_03624,1.8826593089454473,-0.2519590078916252,0.6194098697899282
TEST_03625,4.880487988637924,0.14103388425409794,0.2309334548867941
TEST_03626,1.6498782751906513,-0.3003700463757515,-0.2579256429310143
TEST_03627,4.563609070903614,0.3236954115743041,-1.265428094271481
TEST_03628,2.8075527239249944,0.7046180688679218,0.3639503835592568
TEST_03629,4.505172126926899,0.6358572920114994,0.4725293894702196
TEST_03630,4.714998379501439,-1.8231059072505236,-0.9875273227775097
TEST_03631,2.3898029166779517,0.02392431137430668,-0.2017149596862793
TEST_03632,1.7434149554526805,-0.06860629631721973,-0.6911310323524475
TEST_03633,2.4499381451396944,-0.9983204467725754,0.6755397682936192
TEST_03634,3.04897871492219,0.6073284321140051,-0.9290309228820801
TEST_03635,2.4375459417464436,-0.9991865694298745,-0.537203520685792
TEST_03636,1.1642132366693019,0.6636733891484737,-0.4021806138334274
TEST_03637,2.087881431081772,1.3499386382081509,0.2790541140605211
TEST_03638,3.4549211521635055,-1.608881058556199,0.5756938415296078
TEST_03639,4.874244615714159,-0.2056332464117892,-0.9014172550793886
TEST_03640,4.843243284523964,-0.8059718310132027,-0.8697562948063612
TEST_03641,1.949190126809597,-0.4941273146826029,0.10062451578986273
TEST_03642,4.7133781030011175,0.04582863254064321,1.6072824201209546
TEST_03643,1.327599173395276,-0.16836539479346574,0.2883710073093176
TEST_03644,1.4877177079639434,0.4700145077984333,-0.2391929070005417
TEST_03645,2.7260446492804586,0.6966635403581858,0.9125585035936833
TEST_03646,4.867263589695216,-0.37147406860011817,-0.6010701834516525
TEST_03647,4.115984326167375,-0.2709980526971817,0.4318472420656085
TEST_03648,3.0155339281561373,0.7243338354518414,0.12297545096826554
TEST_03649,1.9118976390280724,-0.34591606429183486,0.24629875469613077
TEST_03650,2.3674754744853974,-0.13810825728321074,-0.034800653481453656
TEST_03651,3.666399508215189,-0.29623215312826634,-0.4106738857299089
TEST_03652,2.49506946639204,-0.3175781165652275,0.5176043191564679
TEST_03653,0.7872901588268876,0.19283668756735325,0.17751973907411098
TEST_03654,2.5075115304707287,0.5291949907090961,0.9236991590726673
TEST_03655,1.4771988722326757,-0.4152848598980904,0.38358360587626694
TEST_03656,2.8144569229974747,0.38405387435150146,1.1227128594124318
TEST_03657,3.0804725411387532,-0.6976876498316228,1.5440497412032486
TEST_03658,4.677065863150865,-1.0425529131481648,-1.207925947800517
TEST_03659,1.8363140913944245,-1.088079350285411,-0.5002439901862442
TEST_03660,1.1910164619678258,-0.07433095335721969,0.2326299590627551
TEST_03661,2.6445908663592337,-0.3154456450624466,-0.06008487567722798
TEST_03662,2.1014187493052483,0.32339132385241987,-0.5785902648551464
TEST_03663,4.256693590003729,0.36621507072353365,0.4838441066816449
TEST_03664,3.5796474444458486,0.033588962860465046,0.9041348026171923
TEST_03665,2.3836143389685156,-0.15113005511128902,0.6888577992759748
TEST_03666,1.6133080836030842,0.03582252946341038,-0.027032692483436316
TEST_03667,3.8656646823934318,0.48826060922200976,-0.3194594969285727
TEST_03668,1.6116143653349877,-0.1610300122488737,-0.024436968545138833
TEST_03669,4.054203155765146,0.22965576097285745,0.20262551121878625
TEST_03670,4.324535011984527,0.5768809395323395,1.4028748522492647
TEST_03671,2.4853791674780847,-0.1228883965859413,-0.04388867239936441
TEST_03672,2.038245059494734,0.6438124010795355,0.9546022709679604
TEST_03673,3.5435463529617786,-1.6028895346550494,-0.2009832976937294
TEST_03674,2.5241325618805885,0.3857335880422592,0.03812670846503973
TEST_03675,1.2632851566650867,-0.2553663670728803,0.43814131499549747
TEST_03676,1.4109371937973498,0.1645424083262682,-0.11780037132996321
TEST_03677,1.9274769197278023,0.19268379694437981,0.5235760261645317
TEST_03678,3.1862386260697844,-1.891367028088212,-0.7400148447954059
TEST_03679,4.818808110406875,-0.04708399907612801,-0.14355538597249984
TEST_03680,2.093222453308582,-0.46567672625112533,0.43121135496360063
TEST_03681,5.153467225924313,-1.6238413048209548,-0.5526296752562523
TEST_03682,3.627822148235619,-0.2816639078269005,0.549784861788392
TEST_03683,1.9815117528580128,1.7448911430339813,0.6326949143681526
TEST_03684,1.006633916985035,0.0677507226625681,-0.15668030269134045
TEST_03685,2.493617554774642,0.15389433463072777,-0.556923031761229
TEST_03686,2.8271695854563714,0.32191496786642076,0.35232042997176943
TEST_03687,3.8932448196258096,1.3503348080394268,0.9547209279455543
TEST_03688,4.545438114539862,0.25592011837601664,-0.6428417028946877
TEST_03689,2.6990852001178265,0.3637065296069384,0.4945560865089893
TEST_03690,2.4537186915382145,0.1539198427951336,0.7758584126605987
TEST_03691,1.8617473532937467,-0.40845924667161704,0.6157384763938487
TEST_03692,2.630853316057384,0.004594747001826763,0.09567691358712316
TEST_03693,1.0716376722970604,0.4539764449801445,0.08057153408187628
TEST_03694,2.128610632976651,-0.8022817026568652,0.64599676637806
TEST_03695,3.3110636454207896,-0.24033542490822077,-0.7139534913554192
TEST_03696,3.030253756222248,1.0266860389380454,0.05490841924715042
TEST_03697,2.794786621463224,0.6417536604559422,0.07935970641994476
TEST_03698,3.5799838790442347,0.38574209205682575,-0.6063871850978733
TEST_03699,2.6552333089256286,-0.8156058298475742,0.09380687567198276
TEST_03700,2.4945652425451277,-0.280532531668961,-0.1485799335861206
TEST_03701,3.0969446714510918,0.034123039892286065,0.1865274135889411
TEST_03702,1.7320707676808833,-0.0043084006227999926,-0.18374224712336062
TEST_03703,1.6835982258576154,-0.015514399994939566,-0.03822628887224942
TEST_03704,4.012205462216973,-0.21218904797029495,0.5236225013649761
TEST_03705,2.1494816219084263,0.4623438844842911,0.6375484624838457
TEST_03706,2.6833038841748236,-0.14567905432252587,-0.5372579917041064
TEST_03707,2.972782015788317,0.14376368441438675,0.12161583790278435
TEST_03708,3.0900268551131487,-0.15671121358680726,-0.16529328165435792
TEST_03709,0.9585466031090021,-0.5795617200510502,0.516767115352869
TEST_03710,4.506604729136139,0.7675063568462134,-0.7320431521131993
TEST_03711,1.1152135877840519,0.19784446026015284,0.09901717423157394
TEST_03712,2.8616528705268203,1.5899753417785167,1.1918035622486471
TEST_03713,1.3399758053359985,-0.5366305967020988,-0.07255122264695167
TEST_03714,1.4074248701951504,0.07224004940772057,-0.051449663766205314
TEST_03715,2.6177933415129186,-0.23343350756385922,-0.4649691164559126
TEST_03716,2.7140109430890083,-0.9295418479689955,-0.36490643704020975
TEST_03717,3.1627175854275973,-1.8400489999636411,1.0455177997920513
TEST_03718,1.3296357432615757,0.2542012335548401,0.014541883339688182
TEST_03719,4.098079068240136,-0.2689257905576527,-1.1170092375560998
TEST_03720,1.8112745662693976,0.07280580549800396,0.21579715214532613
TEST_03721,3.435404590193629,0.6468995384093523,-0.10274136038434506
TEST_03722,2.574184585159242,-1.16709446326828,0.9935206418077946
TEST_03723,2.581634932487011,1.7957195690262318,-0.7371785407114625
TEST_03724,2.376742193787098,1.0729514849524497,-0.2947882158870697
TEST_03725,2.4193220015010835,-0.1687386741449237,0.019415481413971633
TEST_03726,1.113481098533988,-0.09483987315523625,0.10302248083541356
TEST_03727,2.5904666110595764,-0.8896525188813209,0.660983251200974
TEST_03728,5.834252245102882,-1.7252740353319644,-0.7580004784078598
TEST_03729,2.9797218859205246,0.6764145577113927,0.011243081937670707
TEST_03730,2.557813295727581,0.11570066818451881,0.20159974431359767
TEST_03731,3.889461647195816,-0.5220329010476098,0.005371397544264793
TEST_03732,2.574061036338329,0.011438140409469603,-0.0893162761837244
TEST_03733,1.6518157796452047,0.5707911407376826,-0.026125641382843255
TEST_03734,1.7404521343438626,0.15073975007224083,0.3124643183132708
TEST_03735,1.7118127456384897,-0.43917411057314276,0.49064358351542803
TEST_03736,3.014730609014988,0.5588493424926996,0.4866356586880684
TEST_03737,2.4761417808289528,-1.0886830894161463,0.6674789705736339
TEST_03738,5.169976968816996,1.233106286271274,-0.303724379663229
TEST_03739,1.3819059734966754,0.6482343323005438,0.0917562503375709
TEST_03740,2.7478951241188048,0.1284414235561192,-0.016381524920122698
TEST_03741,2.137701978176594,0.2209562486485839,0.23432699330377577
TEST_03742,1.9256003531912564,-0.07683957473094388,-0.3294440853099823
TEST_03743,2.70912417733866,0.39858879075193404,0.4729757904189229
TEST_03744,1.175074694560051,-0.006466056980967522,-0.1098963057538569
TEST_03745,3.186116570436001,0.12899263841962816,0.14281776060317455
TEST_03746,1.1608202373164893,0.44233656616073846,0.04305493285833299
TEST_03747,4.3021648997844455,-0.8606903465654105,0.4688423385297656
TEST_03748,2.8832613445014954,-0.5693163459563255,0.3679424849481583
TEST_03749,4.150582179425001,0.06264053873544931,-0.3400169912986755
TEST_03750,5.625798235694945,0.7306417847335338,1.3160399862208367
TEST_03751,3.180815179130316,-0.6418264958354235,-0.5801855075702668
TEST_03752,1.554510365938425,0.6902287541876435,0.4812083436519159
TEST_03753,2.7259807205550075,-0.4666925837960243,0.6287529679172635
TEST_03754,2.8098779491233827,0.2621577121639252,0.3087253393141031
TEST_03755,1.8576764899609088,0.7895095277619362,0.5774488592305184
TEST_03756,3.7321958071698993,1.1184323230199813,-0.09139857879328728
TEST_03757,2.333165478996277,-0.002166476472258566,-0.022135749798536303
TEST_03758,2.650137884155983,1.0935582082388402,0.9758614381648303
TEST_03759,3.4471553376046864,1.3150667271262406,1.8399515964661837
TEST_03760,4.3746888895493745,1.3235019001529216,1.2792910904431343
TEST_03761,3.3063480043728055,-1.8687261017329693,0.5981915424882853
TEST_03762,3.7378202942979337,0.5147521249108314,0.2855848956517372
TEST_03763,3.0216143391953705,0.6402832936074734,-1.0248819918179513
TEST_03764,3.2753512760017514,0.19479562654423713,0.1018682439802885
TEST_03765,2.597157756450057,0.41485623032021524,0.590607092856288
TEST_03766,3.814207194973886,0.23264397436392306,1.167444667956233
TEST_03767,2.298300090682566,-0.1535840092689991,1.057874176982224
TEST_03768,1.6148457657568456,-0.15294304681402446,0.014382113758206368
TEST_03769,3.1386823303778173,0.31437966053724287,0.24354383832013607
TEST_03770,3.095696051242113,0.06263478656315803,0.05171520662784576
TEST_03771,0.8327047434577942,0.004583600387215614,-0.288813739044033
TEST_03772,1.7393587837781905,0.8633739849933386,0.3729723933548331
TEST_03773,3.171331440817118,0.6312691513029933,-0.47382407865428927
TEST_03774,3.413866000036061,-0.9701504880448579,-0.6157298997687698
TEST_03775,3.6885362597613334,-0.12554289762723447,-0.5045837238326073
TEST_03776,2.362127959355116,-0.024883098047554494,1.3223187334980964
TEST_03777,3.2774850343922375,-0.5762621877863408,0.9518713561190962
TEST_03778,3.0970504149674922,1.4266713583146333,-1.0373560787726044
TEST_03779,3.0518829793224334,0.5050492971391678,0.44300552644479274
TEST_03780,2.0118270828630926,1.1636549343348146,-1.025088095887065
TEST_03781,3.322202125160992,-0.39433263622045517,-0.18817766812044381
TEST_03782,1.2008967291707398,-0.1217783212005496,-0.2284843435639143
TEST_03783,2.778743852542162,0.40222022601297497,0.12257939418891073
TEST_03784,2.3443876735568048,0.05729822227668763,-0.0809485352756977
TEST_03785,3.7166234194147587,1.2050608169525863,1.5485990958251954
TEST_03786,2.3390600149688123,0.021834020229950547,-0.3764339232402444
TEST_03787,4.361220670424223,0.6180047394751609,0.2310282021274492
TEST_03788,2.538728853194833,0.0010191939345598235,-0.10918001607894898
TEST_03789,4.597371939511031,0.5496741899271608,-0.3930282144117355
TEST_03790,1.634699426267147,-0.6693900232217311,0.3722611352763772
TEST_03791,1.5389025315089226,0.35181719122242927,0.001429766672432423
TEST_03792,1.4047315874609947,0.42856765011262893,0.12678744441604614
TEST_03793,2.9019908285365106,-0.31594707663297655,0.6287557333027124
TEST_03794,1.713091278933525,-0.2175183395792246,0.09575313018235564
TEST_03795,1.5621322911291122,-0.3950734013941288,0.3261923068332672
TEST_03796,2.565369511363506,0.41972732988917827,-0.241195742906332
TEST_03797,2.8054284756721257,1.8153486787703037,-0.24632578320324422
TEST_03798,2.531500920933783,-0.5558139767968655,0.1782196609956026
TEST_03799,3.3133516156641245,1.6653019578726291,0.34461608449810743
TEST_03800,3.937451837074578,-0.12618126706707478,0.11267435878798365
TEST_03801,4.6032366713163855,1.7756461598732471,0.46419758916968107
TEST_03802,2.42415620566535,1.8314031023373305,1.5109205307230353
TEST_03803,1.007962194319129,-0.6927846613023281,-0.23308865231773257
TEST_03804,1.9538097110652923,0.6857274374217988,0.5165723779702187
TEST_03805,2.5053941163203715,-0.49678119893145556,-0.24530219370257855
TEST_03806,2.436726695680618,-0.6708917580376863,0.5883183187699318
TEST_03807,2.7712845699938238,0.25360721620357035,-0.7223914285969735
TEST_03808,5.503729894911528,0.20051808366340398,-0.5175950626950264
TEST_03809,3.762623282543659,0.05066310557514429,0.08993298463594913
TEST_03810,2.6898618559650185,0.08350359663009643,0.45980596315693856
TEST_03811,3.3777157224683165,-0.2653524582506418,0.016489867450475693
TEST_03812,4.845911327480078,1.4873825712319613,1.7260942819869518
TEST_03813,1.5451332870662213,0.3329319830274582,-0.24855233922433856
TEST_03814,1.4610310994443894,-0.7341177890343666,0.3085300821815282
TEST_03815,2.1318593060046434,-0.057871921056270606,-0.23137359870535135
TEST_03816,3.1473866720250845,1.0431368226591646,-0.00673959187066555
TEST_03817,1.4708944166773559,-0.11359977537357807,0.377002033572793
TEST_03818,5.422981983728766,1.5451877865872383,1.077296147172451
TEST_03819,2.696572876125276,-0.8233415563561917,-0.2365508889098689
TEST_03820,1.2459018090127707,0.15667744531196356,-0.04359907560319081
TEST_03821,3.174316637578994,0.07588437541246415,1.123102399639368
TEST_03822,2.156552788254708,-0.22252483663845063,-0.18063840208542348
TEST_03823,3.13560305096674,-0.9967129555140137,-0.26629471000403165
TEST_03824,2.858502123824477,-0.31279175974905493,-0.3243616363368034
TEST_03825,1.3479332915391922,-0.35495403515708446,-0.5471752934311628
TEST_03826,1.3669412665407659,0.22736842494010923,-0.0816013657759428
TEST_03827,1.3133013328706027,-0.10312576193058491,-0.24160715928977727
TEST_03828,2.554153323727846,-0.5862331123584509,0.3743416194281578
TEST_03829,3.600115058699131,1.4238927945330142,-0.19891096227425337
TEST_03830,2.8461283363450764,1.6434406784435511,-0.5432514645031691
TEST_03831,2.297200424945116,0.21294480740213395,-0.1426604953248501
TEST_03832,3.1667836037732364,0.22386252103286983,0.2393327071939111
TEST_03833,3.782403095358372,-2.513711944108725,1.0517349769560695
TEST_03834,2.0192027026371955,-0.11582791779398918,0.5154589232395888
TEST_03835,1.1013539333810807,0.00971057100892067,0.011106951256155968
TEST_03836,2.941846583874464,0.4383399140090942,0.8414275713548064
TEST_03837,2.7809372610723377,0.32891798142027856,0.42744391351246835
TEST_03838,1.1596277795155048,-0.19773227196478843,-0.2471483346014619
TEST_03839,1.7222110232864023,0.39453593801271913,-0.4569600921532512
TEST_03840,2.415085901652813,-0.746025237910688,0.8233410295954943
TEST_03841,4.68686751765728,0.07952740687656402,0.3726200286639929
TEST_03842,3.8152536029202344,-1.0938128011946677,0.533733265430212
TEST_03843,1.512973299305439,0.46580773801589015,-0.6178228456953466
TEST_03844,1.7070972123930455,0.031272004583597184,0.20748877260863782
TEST_03845,1.9858445920613408,-0.6844015443719625,0.5677372169407606
TEST_03846,4.595261194187522,-0.5847133355500698,-0.6802341700103283
TEST_03847,3.6562677396442442,-1.1905135705308914,-0.13573415125131608
TEST_03848,2.5347823376059533,-0.6653882999691964,0.41403228794808683
TEST_03849,3.4343497180662155,-0.14804116790473462,-0.03935731420505047
TEST_03850,1.7889843260300755,0.45683213162219527,0.1642918292354215
TEST_03851,3.081112116384506,0.17547118197140096,-0.2690283333234787
TEST_03852,1.1903410196547508,-0.4474605689460635,0.13029011346638203
TEST_03853,1.8899421798017024,-0.0742493373067379,0.11126411950305104
TEST_03854,1.7845987510675192,1.5533686538367868,-0.7394258823480309
TEST_03855,1.7137479136271476,0.7287455162158012,0.3984448699270934
TEST_03856,1.5701594331355988,0.9347430230318308,-0.3688890797054172
TEST_03857,2.3224540837488172,-0.3321988982684612,0.7943589021008015
TEST_03858,3.6670141436460018,-0.8682237149145603,-1.1076892585238218
TEST_03859,2.7943542807837725,-0.8291240559718609,0.5986494607625008
TEST_03860,2.8337146361832617,-0.03286695910435915,-0.30111660025310516
TEST_03861,2.6944911903051136,0.09623095782589912,-0.43181166006731986
TEST_03862,1.9150511291093826,-0.32383979218268394,0.03125521111339331
TEST_03863,3.689873549327655,-0.525062716548264,0.7157309312063456
TEST_03864,2.5746610761904716,-0.1969331091324091,0.7754850627081394
TEST_03865,4.232083953744412,1.2774174675883054,0.15418732930493353
TEST_03866,3.3333432561867236,0.17074670876258613,0.9048533686478138
TEST_03867,3.263788746579826,0.5964100086240769,0.4355255876469612
TEST_03868,2.9882257803528307,-0.4880711421550512,-0.17391970005643367
TEST_03869,3.0928519380640984,-1.415534487279892,0.16503223095941544
TEST_03870,2.06172737528801,-0.012891510365962982,0.4580499699903727
TEST_03871,2.813746536413431,0.7604051172202826,0.06208395184291899
TEST_03872,3.7476931421267987,0.9650535591636896,0.8665144409624338
TEST_03873,2.5978760168623922,-1.329367599912405,0.6824886189035178
TEST_03874,2.0478192957105636,-0.3138298526250124,0.3289044573103189
TEST_03875,2.018728626492381,0.0048016303125023845,-0.21524955618989466
TEST_03876,3.1568135910159647,-1.080187443189621,-0.2914898097610474
TEST_03877,1.5848689350595475,-0.078693041608572,0.3803161695411205
TEST_03878,3.7285609238311945,0.0416091366122067,-0.45689029592184166
TEST_03879,5.397564965791226,-1.6413038536334037,-0.5648657823512554
TEST_03880,3.6184810685553552,-1.818953084216118,0.6883732518612147
TEST_03881,4.884768218594432,-1.6708974829216003,-0.7841517955319881
TEST_03882,3.148708225458145,1.144274284730196,0.8694956217086315
TEST_03883,1.1935923937997819,0.49719708013391495,0.2215172822985649
TEST_03884,3.2212308739541173,0.9682652883229255,-0.7280432670383453
TEST_03885,2.54024708350949,0.9557043549227119,-0.4905440003782809
TEST_03886,2.2471728135519027,0.6593629972794652,0.26993119613695143
TEST_03887,3.998232207012653,-0.09939020358622074,-0.7126610969493389
TEST_03888,4.426120271345853,-0.8695593988511562,0.8776738689623476
TEST_03889,2.898728072666138,0.02055725792121887,-0.07904574998402594
TEST_03890,1.4664485929789544,0.03907859334659576,-0.14258954531121254
TEST_03891,1.8055799433192015,0.2580093207889199,-0.04594278448142111
TEST_03892,1.9787927406800985,-0.18629002699443697,0.4035069479472861
TEST_03893,1.3286141243261098,0.03544420742797852,0.30001642375766485
TEST_03894,2.7128077074762285,0.20349518020504714,1.3441901187763214
TEST_03895,1.9677213347082139,0.8707440961589813,-0.27379707215166094
TEST_03896,1.9682924395753443,0.1235572221723348,-0.6039250953869819
TEST_03897,1.797471084084034,-0.6632664223041534,0.19880555118751525
TEST_03898,1.0803186155246496,-0.47004366199964287,-0.20107312557239831
TEST_03899,4.519554602914989,-0.5208076188177466,-0.1596437733598985
TEST_03900,1.9526468005673885,-0.29207368566417696,-0.3934701036134958
TEST_03901,1.7963058923078776,-0.15211257346141338,0.2752908584733009
TEST_03902,1.8676937106690408,-0.16351256119969487,-0.3907205365842581
TEST_03903,3.2825094792170524,-0.7072718800731301,-0.8815473465914726
TEST_03904,1.5793006591109038,0.300289003929615,0.34135921699410676
TEST_03905,4.153880199656606,-1.0739606702009439,1.12975926086241
TEST_03906,2.5962368380692005,0.06789237247723341,-0.7416856609355211
TEST_03907,4.31558127240324,-0.15050957988888025,0.3436024835306406
TEST_03908,2.7083542324934005,-0.15769317134857178,0.2627750096386671
TEST_03909,2.275734589953184,-0.11018385540235043,-1.090041899476096
TEST_03910,4.58880336479032,1.5071721496460437,0.48918290509724616
TEST_03911,1.307008461318493,-0.31551332992196085,0.1470805539380014
TEST_03912,2.7045194587266446,-1.135091120343864,1.3026520969637632
TEST_03913,3.359508370501161,-0.7413983211174011,0.8476376017843484
TEST_03914,3.333896314130366,0.18280137084376813,-0.061467102779984475
TEST_03915,1.8492342763480842,-0.5207665373506546,-0.5307905277285576
TEST_03916,3.4762508730654718,1.9024359479150772,0.36997333584475517
TEST_03917,1.9369868025817871,-0.003046087610483167,0.31025418330478666
TEST_03918,2.559723209068775,-1.2217703000352382,1.063810962742448
TEST_03919,3.0658981643275918,1.300076536023557,-0.5860523597612977
TEST_03920,3.677987601040065,1.1660473256527186,0.6556615432832241
TEST_03921,2.342807098597467,-0.22124187157139183,-0.7209792257989943
TEST_03922,2.9291085609185696,-0.8620581409318447,0.9091139403683544
TEST_03923,2.435481100165248,-1.9482313549012245,0.5147894311464429
TEST_03924,2.020557416268349,-0.7446729169278741,-0.18645348438119888
TEST_03925,1.387885903614998,-0.11997750135648251,-0.03412098439358175
TEST_03926,4.276030803389728,-1.118369405551672,-0.6927450815826655
TEST_03927,4.456481655607462,-0.5757461002759338,0.6467984466841221
TEST_03928,0.767479180069685,0.14925193496644498,-0.11125595609349012
TEST_03929,2.8962275921387675,-0.3013484544636607,-0.1266069933644533
TEST_03930,2.0801325408763884,-0.21384410459822417,-0.1831108831819892
TEST_03931,1.7786456814967393,-0.29739515888893603,0.10567397981691361
TEST_03932,4.801805214022994,0.36390177578413485,0.37778062582212685
TEST_03933,2.695580436300598,-0.5162949616426229,0.29768517297144237
TEST_03934,3.1435008112097385,0.6702405558115244,0.2757819605434835
TEST_03935,2.1996078453245165,-0.2729664736430645,-0.5881704675891399
TEST_03936,2.8516525524866583,0.5377374335331917,1.0520261307825447
TEST_03937,2.1869779834227563,-0.3424773265268803,0.8751611382304281
TEST_03938,2.480397678449392,-0.893950175632298,0.30582800608223676
TEST_03939,1.4304000003288984,0.4943367131100893,0.03152365398398042
TEST_03940,1.5334583639039994,0.5481557914950848,0.12587379054510595
TEST_03941,3.1923715112683775,-0.27142915448904037,0.05760091407486796
TEST_03942,1.7645896756628752,0.21283757914066315,0.2056983818284273
TEST_03943,1.2064983086932897,-0.5363346078429222,-0.4267933891043067
TEST_03944,2.4784499734458922,0.15870299983119965,-0.06681162336939574
TEST_03945,2.4184420553925037,-0.820239318594873,0.18231184806445241
TEST_03946,1.4293010896652938,-0.32184149561011793,0.3079231480486393
TEST_03947,3.20173214015311,-0.010856498546838761,-0.5587174321961403
TEST_03948,2.8611364213359507,-0.671485768623054,-0.6591320464984178
TEST_03949,2.861711458194971,1.5997246803439855,-0.05429929465825856
TEST_03950,1.0475734533634187,0.7669071258112788,0.2504913401582241
TEST_03951,2.733854038991213,0.46697775846648215,-0.15272691782069206
TEST_03952,3.6458678100770117,-0.21782697435376794,1.6475388753232956
TEST_03953,2.390210142064214,1.030153845105052,-0.5830856452455521
TEST_03954,2.5002296276920437,-0.11577748114210368,-0.4465849712045193
TEST_03955,1.8048435637558102,-0.6222507788995504,0.22680295338493586
TEST_03956,3.056667050764501,-1.043986779537916,-0.7177694676735401
TEST_03957,1.6842466074094773,0.37741951373529437,-0.03797733519053459
TEST_03958,2.7615397767888306,1.2875208639261722,0.9422188411709667
TEST_03959,2.97540972211352,0.6342571628695727,1.308022379672289
TEST_03960,1.97993434771204,-0.6350135651140213,0.327821678335011
TEST_03961,2.6491707962818145,0.1228509312889576,-0.41752748028945924
TEST_03962,0.8749546187083721,0.37657800402331354,-0.3553808065558672
TEST_03963,2.5922935785121917,1.384507178961277,-0.7883106560833454
TEST_03964,3.0018957352428437,-0.037253830567240714,0.46390549691534044
TEST_03965,1.0029250067332982,0.34960072957116367,-0.3240384340425017
TEST_03966,1.5532618731376528,0.3589419336894974,0.31484054397327826
TEST_03967,2.5275871490778923,-0.04025246421766281,-0.13508800547468663
TEST_03968,2.1257126046533585,-0.8421596367202997,-0.17337608133661747
TEST_03969,2.110437013448715,-0.3232880794478655,-0.2893711129269004
TEST_03970,1.8968427564299106,0.3199916845986247,-0.6676371516661644
TEST_03971,3.6991143694143296,-0.7801338615872562,0.34069968517804144
TEST_03972,2.583233242122114,0.5105049818684458,-0.7947970496634841
TEST_03973,2.55046221755293,-0.013425478093028069,0.49337998019358514
TEST_03974,3.6700024961741566,-1.1519549043066502,-0.7817744162752628
TEST_03975,3.5305657958626746,-0.5705670248274803,-0.10197548399734498
TEST_03976,1.715716989976883,-0.9417725859595537,-0.3017818949884176
TEST_03977,1.5866547879528998,0.29933334954577684,0.0113382640004158
TEST_03978,3.962056733230233,-0.2868706669781208,0.10480452727597953
TEST_03979,2.096402351395607,-0.7629037369410991,-0.16618094010871648
TEST_03980,3.116341119072199,-0.8445243635554314,0.14897920467090606
TEST_03981,1.5847317377140522,0.35095124364173413,0.5455757606368213
TEST_03982,1.7324937313748225,0.6864253857303858,0.006731937000751495
TEST_03983,3.166377759891987,0.6388359683672525,-0.33931313982886074
TEST_03984,1.6860486415402889,0.3155162224956155,0.6363771289758459
TEST_03985,3.167997672498703,1.1314921172287167,-0.7006440088236332
TEST_03986,2.1860638854943515,0.3335294441234469,-0.34648099136677385
TEST_03987,4.483630268133067,-0.06895797102165223,0.5307471584970951
TEST_03988,1.4591141945576669,0.4634988402676582,-0.3518570296783447
TEST_03989,3.6651773083531856,1.2277783298914433,-0.6653308144578933
TEST_03990,4.800915737267494,-0.5123922122912407,0.4655442803555112
TEST_03991,1.5671829417657852,0.14690142639732362,0.024510891734033823
TEST_03992,2.1167152858322265,1.4108984977775811,-0.8698534965503216
TEST_03993,2.4185239561419487,-0.19387759593725204,-0.142207411118865
TEST_03994,2.815919073232785,0.3123277933423519,0.9381695714368821
TEST_03995,2.11913150061357,-0.3354639582197666,-0.011294268968880177
TEST_03996,3.011501485744953,-0.2128852495048046,0.6680864112509489
TEST_03997,2.204149098182559,-0.3619313955606222,0.07667904714238644
TEST_03998,3.3891058704365493,0.7104775924175978,-0.45216401523685457
TEST_03999,5.3843718221635815,1.2764981008315086,0.8378872354476452
TEST_04000,2.3856199750819207,0.11251586954331398,0.2701686263988018
TEST_04001,4.696189494953632,-0.16440305190056562,0.7609870175299644
TEST_04002,3.581798132723093,0.9545660467283725,1.3730755067608356
TEST_04003,3.1735805725586412,1.8195061603913307,-0.7945586009016037
TEST_04004,3.2692042356967925,-0.0799318015692234,0.24571399926583096
TEST_04005,1.4758983354878425,-0.31408721734929085,0.06006499272399396
TEST_04006,1.1756657499560117,-0.33907004523184897,0.3984306645395458
TEST_04007,3.5747928965398073,1.228222293353796,-0.47810495202445985
TEST_04008,2.012790378110528,0.9010229779229164,0.5145426738747806
TEST_04009,1.2616223594281673,0.09796013576912879,0.3049954290084243
TEST_04010,3.0831365040912626,0.027060048235328867,-0.8228821115415096
TEST_04011,1.4991468037264346,-0.0443053147380352,0.16069502600491048
TEST_04012,3.371671777004774,1.182343073058605,-0.6420916957502365
TEST_04013,2.5089038911025523,0.6997573045347929,-0.2703374025788307
TEST_04014,2.0158985580717474,-0.9223387634744644,-0.12395469494020939
TEST_04015,1.9110183934268952,-0.305760224655509,-0.21402975001990796
TEST_04016,1.170482874579042,0.23138213738274574,-0.356344983933568
TEST_04017,1.4753497497267722,0.4745044572516084,0.47853175476288795
TEST_04018,4.95859620308739,-1.030831969290018,1.6315963636600972
TEST_04019,1.8484942352352143,0.24292541302776338,0.3797656459562778
TEST_04020,1.9176553229880333,0.10193409676361084,-0.12098110445529223
TEST_04021,2.4085293263210747,-0.4506251837382019,-0.765348126183331
TEST_04022,1.583857057264328,-0.2880247402493954,0.24094094213926792
TEST_04023,3.5211601142349838,-0.16773035459828375,0.31090919882345197
TEST_04024,1.5336558325523137,-0.24243609918528794,-0.38492164820227026
TEST_04025,2.665448157683849,1.30386234122112,0.45675539625279604
TEST_04026,1.8342753134946823,-0.06679185882997513,-0.2628715657886267
TEST_04027,2.6402639850788714,0.2423294172000885,-0.7308428537429571
TEST_04028,2.8093778846764565,0.12282334898924827,0.3836479413588047
TEST_04029,4.127808152229667,1.3513468001148718,-1.0594090710918904
TEST_04030,3.10769968212831,1.4490334760139585,-0.7642859638710618
TEST_04031,2.8455728091094494,-0.21601486252450944,0.36020489958503843
TEST_04032,2.6913871480427756,-1.3227324695330858,-0.5375219835558533
TEST_04033,2.7626665369427204,-1.5193311108343601,0.804260698200211
TEST_04034,3.7541315898327827,-0.23611478459000587,-0.13957181201934815
TEST_04035,2.179020606379509,-0.8769955338864327,-0.8835826682093143
TEST_04036,2.8422778701548577,-1.2825737420864105,0.6645469332656712
TEST_04037,1.2861999105200768,0.38261136893451214,-0.15398536235147714
TEST_04038,3.2436829060462715,-0.04969694435811043,-0.2520740822775364
TEST_04039,4.881292689223931,-0.8728087876682281,-0.06573347175341845
TEST_04040,2.172983650088787,-0.21911461827778816,0.3960834135766774
TEST_04041,5.096974871380091,1.2299839276361466,0.8050472458837032
TEST_04042,2.944475831763506,1.093639658790946,-0.5687394741709232
TEST_04043,4.25144321017915,-2.232624771125138,-0.42067233473923804
TEST_04044,3.2059631768473387,-0.18868534446060659,1.1076548467475176
TEST_04045,2.255953670520246,-0.9353032131289244,0.7855772627544403
TEST_04046,2.632083401171446,0.6918476286904812,-0.5434652117387057
TEST_04047,1.4601033955442906,0.6359976089037657,-0.314099910859108
TEST_04048,3.391024498041868,-1.9345861189839095,-0.12264977018105983
TEST_04049,1.6559206115088463,0.44176609183621407,0.19333535470215976
TEST_04050,3.2186739449634554,-0.1410573142413497,0.23189827918368577
TEST_04051,1.4965338025212287,-0.3352048202419281,0.3431621582224369
TEST_04052,4.529509042789459,-0.981781496702373,1.4007852552598714
TEST_04053,2.3288856312940664,0.4589188180680275,-0.17602098735105992
TEST_04054,0.7730011802892685,-0.5493394120625258,0.4414667878143359
TEST_04055,3.0350502129383683,0.9517916275929809,0.7401077009451389
TEST_04056,2.931105752375722,-0.10878360674631596,0.23898977936971189
TEST_04057,1.576626647442341,0.2916675708961487,0.3246160645121038
TEST_04058,4.597278655445099,0.4527022426945269,0.8182115527672768
TEST_04059,4.691082731085658,-0.9211600896681548,-0.8006419014834761
TEST_04060,2.102052462821007,0.15631018018046766,-0.5399828327362537
TEST_04061,2.577915603199005,0.027611759771585462,0.9581058251719475
TEST_04062,1.3866810329289436,0.19014114730381965,0.257705719910562
TEST_04063,1.205004305885911,-0.07936863175712526,-0.21521257595154644
TEST_04064,2.6405407892496586,-0.21968750058329106,0.6463795814447403
TEST_04065,5.562523360119939,-0.07043791937708854,0.6861927955987751
TEST_04066,2.7857892099540233,0.510226147394631,-0.7722137491505146
TEST_04067,2.5601544730587005,-0.023583623685002327,-0.08740645553696155
TEST_04068,1.7279843329558373,0.4745229306579106,-0.2821086460775137
TEST_04069,2.072269295930594,-1.0443859346702098,0.8207383223536014
TEST_04070,2.263315592559099,-0.7906828832466603,-0.7552489622416496
TEST_04071,3.205944026603341,0.4815974709904194,0.38841537301409246
TEST_04072,2.868310489511728,-1.7574295819810033,-0.1890038982693553
TEST_04073,3.3833764422423838,-0.635239068706274,-0.10029745993542671
TEST_04074,2.7836650383810846,-0.3442483160067797,0.11558841216026247
TEST_04075,1.3113717427782416,-0.49235511880189176,-0.19254785515269637
TEST_04076,3.8899322674849035,1.0371000451167822,-0.05934051250493526
TEST_04077,1.904947292406559,-0.8262326842615605,0.11552182186627388
TEST_04078,1.303296798556745,-0.2127168598805666,0.4543025713085234
TEST_04079,4.917845979973763,-1.3093372407978774,-0.15897834754806758
TEST_04080,3.0935969023342134,-0.7747172868273258,1.0634070372319222
TEST_04081,3.1671464530375,1.0956984561214447,-0.34589376019740103
TEST_04082,3.4636725732830764,1.1051631547287704,0.34799582269001006
TEST_04083,1.977208299712062,0.6019567809290886,0.43581763384389877
TEST_04084,3.0319331671943663,1.006438437188387,0.9839398213738204
TEST_04085,1.4479189971027375,-0.21692616294801234,0.2175855565018654
TEST_04086,1.754094079417944,0.07701727508950233,0.3665632410543561
TEST_04087,4.552854090495467,0.556815575019598,-0.39876494416356084
TEST_04088,1.6127937842800022,0.8127105419898033,-0.36478623435375096
TEST_04089,3.697497666776687,0.05084435450577736,-0.31016632457757
TEST_04090,2.593280031320691,0.3021921686111689,-0.7191139197623729
TEST_04091,2.212195549528599,0.24752282605836168,0.0918710415135026
TEST_04092,1.2872989992589952,-0.1726492578407526,0.45278109665852784
TEST_04093,1.1159067163627148,0.06944683057594299,0.17234082506746054
TEST_04094,2.133411276873827,0.7702144005780817,0.44680775890254976
TEST_04095,2.6125749334631934,0.6053335737149715,-0.35540883503866194
TEST_04096,2.366209327486396,-0.6337520733027459,0.30988574886620046
TEST_04097,3.130460352570534,-0.7159396424778626,0.049588553112745286
TEST_04098,3.6106682074103356,-1.0717768790153266,-0.6179210269114971
TEST_04099,3.2421429065716265,0.060564046389222144,-1.0463143875170946
TEST_04100,2.094258357159853,-0.35261994956827164,-0.39827041024017334
TEST_04101,3.169707053713873,0.051439917383670805,-0.07955561048412323
TEST_04102,1.8080258925584256,0.03378177226725221,-0.14266561459887028
TEST_04103,3.1368079808101057,0.8217212417905331,-0.6821043849766254
TEST_04104,2.1281931199241875,0.03986964854979515,0.5025904552228451
TEST_04105,5.264146867607474,1.4248057837069035,1.8799040818619728
TEST_04106,2.2411481971190255,-0.534773044809103,-1.0658260975037217
TEST_04107,3.44746790310812,0.7040111874472499,0.7022769825217724
TEST_04108,3.257444788755794,0.40013538570904733,-0.9311092698440552
TEST_04109,3.338093237883687,1.0879742540371418,0.6928785554475785
TEST_04110,5.271288129971385,1.1131208235439063,1.9943566978490352
TEST_04111,2.6875648248392343,0.6581481857968569,0.36173671428084375
TEST_04112,2.273550166209221,-0.3830300682043433,0.7459906326569319
TEST_04113,2.509043815518379,-0.5500444391252994,0.18545265447425843
TEST_04114,2.595724184629083,-0.24184303749883174,-0.5953859209804535
TEST_04115,2.2458205981640815,0.9057664991807938,0.8548507674546242
TEST_04116,4.639300211759091,1.4494606998302937,0.08699061247420312
TEST_04117,2.012218520531416,-0.7864812033958435,0.08888630214577914
TEST_04118,1.3755961715419291,0.13255011720609666,0.19879131589057297
TEST_04119,4.493155803247497,-1.2169592028417586,0.5941311489194632
TEST_04120,3.8984735853508563,0.7652638601400964,-1.3273372069250942
TEST_04121,4.848588001622677,0.24634488806200028,1.1347058454580308
TEST_04122,2.2563559530451296,0.7252215441209078,0.913491307531476
TEST_04123,2.54914385148406,1.5272676211516858,0.06454707264259457
TEST_04124,1.7504278113455773,-0.3315613531217575,-0.17569894654154777
TEST_04125,2.1763434754246176,0.9845332234553099,0.1245581871483922
TEST_04126,3.6505926374359725,-0.6753225881724357,-0.1826815108757019
TEST_04127,1.235807155180931,0.30017916987740995,0.24952169291828571
TEST_04128,2.9805579553804398,2.493635178506136,-0.06052287171667814
TEST_04129,4.11406616154021,0.31583409797024725,0.750669591525793
TEST_04130,3.492230149901122,-0.14647621874022485,1.0176483464913368
TEST_04131,4.1573879913637635,0.26977606949210164,0.15109032664951683
TEST_04132,2.400736998753309,0.7130753680968285,0.7461276139655709
TEST_04133,1.505715044453621,0.3567171740812175,0.26358931306876243
TEST_04134,3.442246308149576,0.583913595797658,-1.008473918215692
TEST_04135,1.5277252934539318,0.647679446560502,0.0832023953935504
TEST_04136,2.569686420844853,0.15421465916478633,-0.55090009638381
TEST_04137,3.1616160499984027,-1.7961312804973126,0.3877012295851707
TEST_04138,4.800714437733919,1.3010189493160433,0.1277967350127697
TEST_04139,1.8656570960659982,-0.3361365989340544,-0.5216105162490904
TEST_04140,2.503192600143209,-0.12702369001698494,-0.034515929329156876
TEST_04141,3.0846883340321183,-0.5286366121118069,-0.6934522436291277
TEST_04142,1.9200273084454238,0.08518154966473579,-0.3494800623252392
TEST_04143,2.576163373343468,-0.12086769785785675,0.6803025498964786
TEST_04144,3.3417609535187482,-0.38949611254954336,0.3202108717574477
TEST_04145,4.651997365841389,1.5750737315262555,0.6521252414857969
TEST_04146,1.8496639526920617,0.5810783116688132,-0.7221801347670556
TEST_04147,2.7530678972718268,0.153373465169698,1.0042587024786471
TEST_04148,2.5376891039805414,0.03380294400501251,-0.11139171913599968
TEST_04149,4.214149387322083,1.5901357916709185,-0.42170078523385524
TEST_04150,1.5545230306317805,-0.5141304741573185,0.4251958609395176
TEST_04151,3.1207243338709474,-0.7921170509816409,-0.5761109121094347
TEST_04152,1.8700051731123923,-0.7691967666094303,0.7485226588539481
TEST_04153,1.8846757501456737,0.9889224993910417,0.5752443973271847
TEST_04154,2.747628377275467,0.008359676851034163,0.031247093986034397
TEST_04155,2.474720872433752,-0.11527909574258327,-0.3963120698852539
TEST_04156,2.7795767637238504,-0.20217437614369393,-0.1441356669113636
TEST_04157,2.2648821127787233,-0.33899432742226127,-0.6161208146921396
TEST_04158,3.5352677748116257,1.0681952023537158,0.2620765811558068
TEST_04159,5.068703136182785,-1.5201341135772466,2.0378867338098288
TEST_04160,2.695948343008995,0.29968838888299465,0.14682945435851813
TEST_04161,4.859347660742045,2.2629434954819083,1.1988688367246985
TEST_04162,4.160254784354091,0.7440917346118688,-0.5638563862851859
TEST_04163,1.156116140524149,-0.8147548115668297,0.24855560144612193
TEST_04164,2.248487790157318,-0.1817701617205441,0.16235009609925746
TEST_04165,2.589621816206932,1.0137743099001646,-0.6579036068925858
TEST_04166,4.679835211999178,0.9383462946555168,0.5313183713161349
TEST_04167,0.8978625430549979,0.2105780491258502,-0.12417672873499991
TEST_04168,3.886103453382552,1.6560796166819334,-0.06740523924601079
TEST_04169,2.0622386286554337,-0.4524936201636791,-0.2628042045545578
TEST_04170,2.881469142964363,-0.037710753415435554,0.037502878509998325
TEST_04171,2.110257592535734,-0.3467283992593884,0.4740730738111734
TEST_04172,4.323764792350553,0.4182922440577149,-0.22858146288824083
TEST_04173,1.2866485656558275,-0.40759475324910877,-0.013120161317966878
TEST_04174,1.3057892100001574,0.08886603393793106,0.5930374028532058
TEST_04175,3.9643667977347374,0.951899814975977,0.34175965736079217
TEST_04176,2.0760308272384407,0.1125234442704916,-0.31338641898632047
TEST_04177,1.6209243454036713,-0.3590244952787161,-0.33632102825808524
TEST_04178,2.0838736756432055,-1.4073707679666876,0.8999948419647217
TEST_04179,2.676649200077057,0.7077740858428478,-0.7776440432530641
TEST_04180,2.7818765156466663,0.4882814290404916,0.7617879662603736
TEST_04181,1.573206505858928,-0.3412873692549467,0.08257735364788771
TEST_04182,1.319237277654454,0.6390303036937713,-0.17994653490328788
TEST_04183,3.735766311563313,-0.165926221408844,-0.3006276662759781
TEST_04184,4.021100854871988,-0.13356110818552971,0.28989827372822163
TEST_04185,3.2271665868916513,-0.5710821335588694,-0.5627028004276753
TEST_04186,2.6602876407561302,-0.1105231860807538,-0.09190447956943512
TEST_04187,3.983520894621968,0.5089729358788728,0.3549966893710196
TEST_04188,2.135841886883911,0.9272555957968235,0.39986606355930865
TEST_04189,3.971985892981291,-0.5052483151012659,0.9188236842317581
TEST_04190,1.8311183716628552,1.1554417192794681,-0.5036040793724657
TEST_04191,2.5570990735766888,0.6731555631827116,-0.22211967576909064
TEST_04192,3.5730011965741517,1.4386798693358898,1.180318303088665
TEST_04193,2.7132174654335977,-0.09528520247617364,0.3982850319736004
TEST_04194,3.112603733074367,0.28246194326627255,0.3439596436683536
TEST_04195,1.4639260283972024,-0.602428952911973,0.47001698101782796
TEST_04196,2.055674930493355,-0.31669527873593567,0.020442917630434036
TEST_04197,1.7076177252759934,0.7405990700594783,0.2915895808902234
TEST_04198,2.174016550354004,-0.2752998490216732,-0.021108248997285962
TEST_04199,3.826715592534542,-1.6089482642440796,-0.18132758886137604
TEST_04200,3.143475798583031,0.09303214231479168,0.35296049865305423
TEST_04201,4.261434015770554,-0.30856445868074894,0.8960637323076726
TEST_04202,1.236217896514535,-0.4411735052268505,-0.5798294507013857
TEST_04203,2.032923340708315,1.3195566582677365,-0.6793776162161828
TEST_04204,2.6611507845255136,-0.48187170162412524,-0.39330431348145006
TEST_04205,1.95640975254941,-0.8295407431900501,0.1693798246295452
TEST_04206,3.4180837545645835,0.8067971294264793,-0.5414315927199125
TEST_04207,3.7540549286516756,0.6682237216675282,0.3224643587524928
TEST_04208,2.6659558081068995,-2.052041410789728,-0.4461706118890643
TEST_04209,3.7531458277447225,-0.02043510048699379,-0.08185679458117485
TEST_04210,2.182934445896149,-0.05716934109544755,0.4562577020918131
TEST_04211,2.3189458227293493,0.10339648995804787,0.007688398148655892
TEST_04212,2.4017572965512275,0.6487722890924216,0.42936389616030457
TEST_04213,1.0864259092286825,-0.09651491169476509,0.2970268142202497
TEST_04214,1.3994972074674368,0.6049138940918446,0.46128847666782885
TEST_04215,1.1134911471395492,0.4279962985832691,-0.12648569144520164
TEST_04216,3.2436700746968983,0.9616250323345661,-0.9653197109889984
TEST_04217,1.6761938493807316,0.4830904444336891,0.3310920284448862
TEST_04218,4.036211092226088,-0.1725589242889881,1.2444812594733239
TEST_04219,2.405373013474822,0.8080979170725345,0.9376794845104217
TEST_04220,2.456003335490942,-0.7018878143399507,0.6470100092548132
TEST_04221,3.2093049461874963,0.3370953097346425,0.38961893462502956
TEST_04222,1.3282692020214797,0.33263315005767347,0.316771638917923
TEST_04223,3.968906914097309,-0.29780202746391293,1.1937282758378982
TEST_04224,4.056880515451431,0.09749024182605742,-0.652762134219408
TEST_04225,2.5930785559830665,1.6973475732693375,0.5411930418042391
TEST_04226,3.340708014765501,-0.03482127137172222,0.767153820738554
TEST_04227,2.9510133913772107,0.6493671055083573,0.7230509137316793
TEST_04228,1.9470451652975083,-0.07280320261180401,0.27199008980572226
TEST_04229,2.568158130094379,1.6826766713567973,1.2359780686677695
TEST_04230,3.287889580123037,1.1156794640700818,0.10154191636151075
TEST_04231,2.4420647827435733,-0.20470075396239756,-0.08012592805099487
TEST_04232,1.5186293321211337,-0.24141743451690673,0.556351849121958
TEST_04233,3.3789666022787244,2.094687944848776,1.012328176449567
TEST_04234,3.1629741354198457,0.7668182621799,-0.898858592439413
TEST_04235,1.455018824943304,0.4855910828919411,0.03213431883555651
TEST_04236,1.37559948851192,-0.6716066026003361,0.21808311221063137
TEST_04237,2.1614620922710897,0.7340566876070499,-0.29836845119571687
TEST_04238,1.2021950370125174,0.20467691586056352,0.1492562026129812
TEST_04239,3.272170208989978,-0.8665299908536672,0.9797670514519811
TEST_04240,4.68097230184859,-0.45008537469267845,-0.12175061929422244
TEST_04241,2.5221699187973736,0.7643749992706179,-0.35883318218177557
TEST_04242,1.9496490962561368,-1.2005864932492971,-0.4424607934504151
TEST_04243,2.787628123053208,-0.7234477301803828,-0.0968029143615365
TEST_04244,2.486460822409153,-1.110717263352394,1.0178154643925428
TEST_04245,2.6202492952462433,0.9790016124966443,-0.5965748369026482
TEST_04246,3.5180241200311184,0.49833430155164005,-0.34349622738283875
TEST_04247,2.2996809291446207,0.43518776884895566,-0.5614974878617227
TEST_04248,4.80777051445572,1.9816580789031981,0.2138560550583005
TEST_04249,2.0975869061160086,0.05191204287195206,0.3179306537442803
TEST_04250,2.577741892457247,-0.02787621987593174,0.1551898412927389
TEST_04251,4.146871231640875,0.4084134030893296,-0.16857548116606474
TEST_04252,3.112195292531222,1.5964016483103036,0.2949881218854785
TEST_04253,0.7852495282135605,-0.03941683260154724,0.09962436616972088
TEST_04254,2.718835497358013,-0.48777119203150276,1.200156854100585
TEST_04255,1.045973744698763,-0.28253562670767307,0.2243384755680561
TEST_04256,2.7119771211500168,-0.5768548014781475,0.8556454382010922
TEST_04257,2.2597055855478048,1.3387396088992358,-0.595851678353548
TEST_04258,1.8243143055279254,-1.266351680194378,-0.4272703489380479
TEST_04259,4.096039350157976,-0.6749181687227488,-1.0989841587381364
TEST_04260,1.6145428945022822,0.1825718235627413,-0.4166550338923931
TEST_04261,1.1367033230904937,-0.500473969048798,0.12156810688735917
TEST_04262,1.7014925642950536,0.02108221174902469,0.07544114514839649
TEST_04263,4.024718001033783,-0.6478666917294562,1.192320373003006
TEST_04264,3.3676104363857506,0.2939581590232849,0.024715095392823218
TEST_04265,1.7606389850525856,0.5206555445332826,1.0345407964389324
TEST_04266,1.1043104776571988,0.2543990579625368,0.46234436638361215
TEST_04267,3.5619867183191776,-0.07317974162554741,0.022107265178114177
TEST_04268,2.6524649993655682,-1.0871197784448863,0.6270583856050372
TEST_04269,3.2256769301254153,0.8182030942459106,0.19612833126866444
TEST_04270,3.4229380295763017,0.7689124903261959,-0.38256179576224086
TEST_04271,2.4312713535995485,0.4934665308426619,-0.08903585907107592
TEST_04272,2.947955134026289,-1.3638410355095862,0.2666564396749437
TEST_04273,2.3271471320843697,-0.9070647932143211,0.5121292303910255
TEST_04274,1.4306023185515404,-0.47703497531235217,0.10394237621596455
TEST_04275,1.440341017868042,0.0574398412656784,-0.039021557421669364
TEST_04276,2.829089240847319,-1.998974517526388,0.6996197178997546
TEST_04277,3.320375398682952,2.185405182314873,-0.23535593291395904
TEST_04278,3.17664683089152,-1.6517002434611916,1.003230107599497
TEST_04279,3.182197094717734,-1.9274162075942158,-0.6870024188058674
TEST_04280,4.358112334120154,2.472526966451168,-0.14833058035719396
TEST_04281,2.625130469625294,-0.4856541733019352,-0.5876118753832876
TEST_04282,3.130329287992835,-0.7915637278158665,0.8742339549289345
TEST_04283,1.6689602908239365,-1.5114895340705217,-0.44972359369570014
TEST_04284,1.091236501549065,-0.38049011083126066,0.40341633559131623
TEST_04285,2.2903274610966444,0.20546416849327087,0.0696630112426281
TEST_04286,2.540702731644392,0.25835212170255184,-0.2808350889388323
TEST_04287,2.40533018020466,1.456395875679493,-0.8663305012501478
TEST_04288,3.300853925756365,0.26503090544331076,-0.9742199583375455
TEST_04289,2.702601060710907,0.48684515506350995,0.18729368791007994
TEST_04290,3.275725290602803,-0.4488586002820134,-0.7032769008262157
TEST_04291,2.5119654604037964,-0.1488743465204239,-0.4069299405062199
TEST_04292,3.5599250177423953,1.238729471945882,0.2636889887374565
TEST_04293,1.4236456544951797,0.01873155089664459,-0.007766427764952184
TEST_04294,1.1352997820665836,0.7521931298592835,0.4707153760580122
TEST_04295,1.3722781637632846,-0.4662034509546757,0.13646180849698186
TEST_04296,1.5345213403315545,0.37959077931141855,0.5016771808989048
TEST_04297,2.8984355513501168,-1.8648023505375386,0.26451254857140777
TEST_04298,5.39078113173747,-1.0057772783101797,0.880055949360013
TEST_04299,2.1946429489995243,-0.07698677176100016,0.7269638592294455
TEST_04300,1.6949568900983334,-0.29800918259596826,0.4551614187884331
TEST_04301,2.069120627579391,0.28482534210133553,-0.28858819667553903
TEST_04302,1.800844166793421,0.15107377649456263,-0.5160595071272254
TEST_04303,4.414716797909737,-0.5410101559039354,0.8334720805692672
TEST_04304,3.7177197020190955,-0.03335897519683838,-0.5438980095894337
TEST_04305,2.209697478420377,-1.4671147411477565,-0.7121444899311066
TEST_04306,0.8639851067233085,0.488525746733427,-0.10718963704854623
TEST_04307,3.870770931026578,-0.33341003660583496,0.10062762988466024
TEST_04308,2.7417408171241284,-0.06583257169767469,-0.4538218649930954
TEST_04309,1.904366758983612,0.4769103859601021,0.1388915346763134
TEST_04310,1.905288939693451,-1.3862141954300404,0.6410431413558721
TEST_04311,1.9373859072909356,0.20113902640628814,0.09560016926549282
TEST_04312,2.635162900495529,0.8005502823243738,0.5731519572561383
TEST_04313,2.0453933232669828,-0.09313723580011912,0.0641845628194809
TEST_04314,2.2496581522250176,0.19188114217174054,-0.16838253671741485
TEST_04315,2.269752921833873,-0.09323138603881001,0.008727049709260463
TEST_04316,4.270676593474269,-2.0583615467250347,0.7336045474061966
TEST_04317,1.491463983967781,-0.3218002431988716,0.1446972691421509
TEST_04318,1.529674917895794,0.6304259901728481,0.18168600232337415
TEST_04319,4.140861502397686,-0.27351210859701036,2.217771079323292
TEST_04320,4.458723443400383,0.44452966779255865,0.4867088312308788
TEST_04321,3.2858837264148293,0.9743809442774057,-0.05071743393971026
TEST_04322,2.811370585028976,1.6147781918250321,0.24844432881666723
TEST_04323,1.253765444337368,0.1733833044757843,0.16151871321868896
TEST_04324,1.7049244626364708,0.2207505329184532,0.17484323800954224
TEST_04325,0.8752187535581589,-0.2944145580539703,-0.1697525761370361
TEST_04326,1.2676406626667975,-0.344073906776743,0.030194431493159382
TEST_04327,5.1416103281195165,1.5679289239020349,0.628034654152453
TEST_04328,4.694169725647688,1.405142758627653,-0.9537129018948078
TEST_04329,3.325788595992327,-0.07462044018547982,0.16562200272858144
TEST_04330,1.6753952494820357,0.2519514725637436,-0.2452696180331111
TEST_04331,1.077387296920836,-0.2738397670866251,0.10839603038790822
TEST_04332,4.213120912350893,1.3713429377832413,0.7383705430198014
TEST_04333,2.1557264903504847,0.39979978120064735,-0.06496934134638309
TEST_04334,1.4130785585021972,-0.4109940851230621,0.32050794874697924
TEST_04335,1.2087496102685928,0.449367260653615,0.20885025426912307
TEST_04336,1.5205361198037863,0.40955582685637476,-0.21474025659513474
TEST_04337,1.324881237258196,0.25861176236987116,-0.3294612269785404
TEST_04338,4.377015957205355,0.007423457479357718,-0.8495814330544472
TEST_04339,1.2674639178586007,0.5888356786127686,0.2534286576527953
TEST_04340,1.3088406985921859,0.5638324265908002,0.0028157743028700355
TEST_04341,3.011758427588284,-0.47550301926243305,0.4131425894822478
TEST_04342,1.869686508507967,0.6333384034647942,0.18696917324897647
TEST_04343,1.2484066829936504,-0.21944343218711018,0.28958688969840857
TEST_04344,1.896351043866098,0.12980481632442772,-0.3914100862313807
TEST_04345,4.931001422643781,-0.44581503577673437,0.8709509886158705
TEST_04346,3.180920156795468,0.04871916648554801,0.01248046371757984
TEST_04347,1.9247442496745586,0.7072700461402237,-0.3853600224429369
TEST_04348,1.6900279203457833,0.435779729893446,0.39928413051342965
TEST_04349,0.9183037830528021,-0.1521461788380146,-0.16871364843847975
TEST_04350,1.9960238722462653,0.5609119206557274,0.08155281024414301
TEST_04351,2.411813979979776,-0.7427254906471967,0.5048594108411074
TEST_04352,3.8090387698643804,0.9475568905213475,1.6326893864539265
TEST_04353,3.8564877963378428,0.6760888786450624,1.9556344818508624
TEST_04354,1.9156296793532372,0.5170335466797948,0.12011878275728224
TEST_04355,1.5624250169644356,0.4049923730752468,0.23009466613179444
TEST_04356,1.9155852363324166,0.8026258604121208,-0.4802752634727955
TEST_04357,1.9617813518348932,0.6285088213626147,0.1298120868178606
TEST_04358,1.177423069132328,0.5653391063269376,0.2777497644135058
TEST_04359,4.658080690266609,-0.01762212815761566,0.5344255353412628
TEST_04360,3.747489161956668,-1.914961504664898,1.0608026139515638
TEST_04361,3.6184170548056365,2.228926053585291,1.2983011893761753
TEST_04362,2.948826603362799,1.078975913094759,0.7112988454796075
TEST_04363,3.3862701044135095,-0.5292025960563421,0.8275432723554372
TEST_04364,1.7747343243989944,-0.015860176813721656,-0.40089596764612195
TEST_04365,2.0610950515565873,-0.494853938174963,-0.20499857531273366
TEST_04366,1.7623979104704857,0.020963094348669054,0.06927990365662426
TEST_04367,2.7594759459030627,0.1270141861589551,0.6119850388405323
TEST_04368,2.5759636569644213,0.5248107095000744,0.944770722367689
TEST_04369,2.532596047331095,0.03734374250125885,-0.21882198497557642
TEST_04370,1.4212738980739117,0.3675167480429411,0.2596043432360888
TEST_04371,3.0779686780540945,0.1996755093829632,-0.0823868521642685
TEST_04372,4.0676522973040345,1.630878842521012,-0.6634715350753367
TEST_04373,1.2702211048998833,-0.02359197866910696,-0.09366706887900829
TEST_04374,1.926602749847889,1.5272930630571246,-0.4052552144326568
TEST_04375,1.733700842241347,0.1957639320335388,0.1871177558864355
TEST_04376,2.657021129103303,0.6382986308242381,1.5857649318685532
TEST_04377,2.9493786362257004,0.533651834156096,0.5951866843848228
TEST_04378,1.4848373712596894,1.1879402158560157,0.3701893459263444
TEST_04379,3.7634015119811295,0.8290363754244446,0.06047348961362429
TEST_04380,0.9866933609783649,-0.3071513471904993,0.10847031040238217
TEST_04381,3.3535549208476545,0.07454585581982136,-0.14185908314853907
TEST_04382,1.8183255787347554,0.2030695808492303,-0.16921782952594758
TEST_04383,2.611504272547007,-0.584844865474403,0.6516312248445153
TEST_04384,2.1674938038749696,-0.013575466236829759,0.3834681377075911
TEST_04385,4.464527651813746,0.4358237504262924,0.30784086314576864
TEST_04386,2.6385855553950073,0.6643560634710193,-0.8265027529303431
TEST_04387,2.094190524395585,0.30876271880573036,-0.5973147534388303
TEST_04388,2.2418952360301017,-0.6170400815371275,-0.35426760874891283
TEST_04389,3.061015958524585,-1.7551570026923418,1.3597046932774781
TEST_04390,2.4263192850129602,0.676048150592804,0.8674876421841681
TEST_04391,1.8414439493095875,0.4311563432545662,0.036805398061543704
TEST_04392,3.1447615032986405,0.7393555174597204,0.9595078843101263
TEST_04393,2.7070479024317264,0.31283419634568693,0.0703104873059988
TEST_04394,3.687132026182413,-0.759548271115154,0.5750751609760523
TEST_04395,2.3830022223232983,1.085683911296487,-0.901552001324892
TEST_04396,1.5516359658904075,0.6617257223789692,0.4977656399163008
TEST_04397,1.8521556412243843,0.023304031485795976,0.5100302224764526
TEST_04398,2.6127744517149925,-0.13475098046803474,0.18612738636806608
TEST_04399,5.307426429171086,0.6292200483596325,1.4042016787972451
TEST_04400,4.125556059944033,1.2162461705500482,-0.07888272322583198
TEST_04401,4.527822437109232,-0.6265406182264089,-0.2797779335869551
TEST_04402,4.307685229581177,-0.8170515076419115,0.4101822781827897
TEST_04403,3.035551934879422,0.06519971306240559,0.4279615179121494
TEST_04404,2.2347402800408602,0.3293033459178805,-1.0071421002011298
TEST_04405,1.8724778297076523,-0.3957687411031723,-0.4160620554256737
TEST_04406,2.1183460632811784,0.6830871053718328,-0.24239339190715553
TEST_04407,4.969193786841512,0.03853086998653412,0.2459435483085662
TEST_04408,1.28704252472198,0.5468840455951095,-0.5817167178272009
TEST_04409,3.4781383458851276,-0.11800413630610704,-0.15582799040937423
TEST_04410,1.1370241088535786,-0.12350165960097313,0.05629753961268067
TEST_04411,1.9509523056237101,-0.4168688843318224,-0.32480979860093445
TEST_04412,3.7097762374441623,0.9467807605332136,-1.1882781947340966
TEST_04413,2.7669438856429456,-0.24351068178269267,-0.17061142042565347
TEST_04414,1.4821575793063642,0.2450141965174675,0.07925845798158646
TEST_04415,3.7974191596791744,0.13627646434116364,-0.6494923110013008
TEST_04416,2.129600248782933,-0.7216711739045382,0.25474641248095037
TEST_04417,4.1083779916453365,-1.7068345774070621,1.927319221007824
TEST_04418,4.633493952490926,-1.360245202706337,0.6784921174756289
TEST_04419,2.5922203056569098,0.7094851711554527,-1.0417575690437555
TEST_04420,1.7039036365113258,-0.30999395615160463,0.15955564012551307
TEST_04421,3.2532197219747303,-0.3743466163686514,0.36371802226674554
TEST_04422,1.1709826909258365,-0.22626850385832786,-0.10147922542573512
TEST_04423,3.716962646249294,0.5191580788860322,0.6690236013901234
TEST_04424,2.5389755901794433,-0.3356875304518342,-0.35675454449915883
TEST_04425,2.075081534697175,-0.7071332757792473,0.5878143698987216
TEST_04426,2.26099057431674,0.066839026743114,0.40954763227975366
TEST_04427,4.232589757178545,-0.1889454299029112,0.989458457768321
TEST_04428,3.1893652634509206,0.1735815375265479,0.15472002317176758
TEST_04429,5.001758304805338,1.366804320195198,-0.1998364411804527
TEST_04430,5.311859308731198,-1.7382964983346463,-0.9359376590957046
TEST_04431,1.9862541282052995,-1.2211474916060567,-0.5395459382206201
TEST_04432,3.3393346114654543,-0.6105423746230603,1.5645090656793117
TEST_04433,3.81271221144709,0.13551666283988953,0.7698391932911873
TEST_04434,2.955721983523607,-0.4010241510300636,1.0054740865348577
TEST_04435,1.4032569218816757,-0.11481009885144233,-0.05190697313833237
TEST_04436,1.919194945827961,-0.1265062437695265,0.6881989379276187
TEST_04437,1.6379794863815307,-1.0563541779325007,0.27916060375443846
TEST_04438,1.999459693628788,0.14477608746516704,0.46277439179313185
TEST_04439,3.9855566652539225,-1.5651267135970592,1.4460854344143868
TEST_04440,2.448467145519495,-0.9508363006420135,0.5572286040563583
TEST_04441,1.3928686542348863,0.47321004296290875,0.14456769532951713
TEST_04442,3.851810221115291,0.2809138680040538,-0.8716709403975605
TEST_04443,3.6938488760216237,-1.3107915134022237,-0.3220654595810473
TEST_04444,2.3965387741065025,0.5842945702162385,0.40226222445821763
TEST_04445,2.36467195730865,-0.028445340604901313,0.08418045332360267
TEST_04446,1.6503406160855294,0.4283901958210468,-0.19142874139612914
TEST_04447,4.234746557099819,1.4094784685266017,0.9993501024651528
TEST_04448,4.296132484292567,1.6211343408280612,1.5049220073565244
TEST_04449,3.2790152145218254,-0.35348073257786033,-0.5050854419927597
TEST_04450,1.2692266022350789,-0.05262124214816094,0.1929891371590495
TEST_04451,3.0062445412228107,0.5426115957061053,0.16140175387126207
TEST_04452,4.731137413175583,-0.21331214284825326,1.6169129521012306
TEST_04453,2.3181665161580445,0.08275450101780892,0.38785799201560023
TEST_04454,2.3083807232445777,-1.5283640854229927,1.4175086534793377
TEST_04455,1.8613108529058695,1.0434945603175312,0.13807681191062926
TEST_04456,3.419422284508705,-0.3699440497504845,1.0286316983154415
TEST_04457,2.2891324942777156,0.07973105880081653,0.10676296937167644
TEST_04458,2.7164609694008828,0.22126395847469568,-0.11605323580369167
TEST_04459,4.605264550344512,-1.4423850386856794,1.0409023473644257
TEST_04460,2.453478612453759,-0.1851863179076314,-0.6939523946635723
TEST_04461,3.1833613967175483,-0.4690446538965702,0.7683124303724765
TEST_04462,2.026454956069231,-0.22631526638221738,0.14373926540261506
TEST_04463,1.856522959129095,0.026078198677062986,0.5858821668916643
TEST_04464,4.292010987448454,0.2966774271000028,0.694056335991025
TEST_04465,4.2832734324328605,-1.659790970594406,-0.31712111032772067
TEST_04466,2.0974436657037736,-0.05979271281433105,0.29756429233890774
TEST_04467,3.663660674858093,-0.7904734210853577,-0.5891795470511019
TEST_04468,2.5728031539488043,-0.7799966979193688,0.47947024102556707
TEST_04469,2.633240302847385,0.08515749171864986,0.8033007802345753
TEST_04470,2.3052439251534937,-0.10326968033385278,0.6268369683103711
TEST_04471,1.265750736061573,-0.5984882256643772,0.21433192840969562
TEST_04472,1.2095392078373433,0.4781251220276356,0.022153288654804232
TEST_04473,2.224106564786911,-1.0399970764332414,0.8766011091080308
TEST_04474,1.5194689357862472,-0.20932544614386558,0.10901299442535639
TEST_04475,2.349636525877923,0.7345049275997877,0.509516560402751
TEST_04476,2.8803894442360995,0.4362405987829268,0.8309796113612614
TEST_04477,3.069647823075116,-0.24095332423257826,0.9765473448776006
TEST_04478,2.942013241184354,-0.8789576224775761,0.7693051285074949
TEST_04479,4.2171452069857125,-0.17566631843996047,-0.08569820822331309
TEST_04480,4.368801413450718,0.5084513120909891,1.4744497173011304
TEST_04481,1.3937168396125437,-0.20661532270228863,-0.11148027680383343
TEST_04482,2.4878602193427684,1.4593486640167237,1.6181027634931804
TEST_04483,2.4251390633852483,-0.9705321858083009,-0.8657606710386276
TEST_04484,2.119065934744537,-0.2996049923975468,0.07430248348164559
TEST_04485,0.9446141845721007,-0.020454552504658698,0.2941749438178539
TEST_04486,3.799539654142648,0.49431358363714817,-0.663557305698514
TEST_04487,4.233783895149425,-0.6909606390907764,0.21488128727407008
TEST_04488,4.602236834596634,0.4425501324982643,0.2399407275825739
TEST_04489,3.168091652810335,-0.0857064431744814,-0.08240051630079746
TEST_04490,2.59342811709857,0.25540304493415356,0.5927660533604622
TEST_04491,2.8640007783118486,0.19172228845464437,0.5134293473396301
TEST_04492,4.639691410705984,-0.7910145579853057,0.7610120446708203
TEST_04493,2.554130355934203,0.030281904566168784,0.009967789326548578
TEST_04494,2.2058751377382277,-0.1807217271015048,0.011035088405013084
TEST_04495,1.4580100607361794,0.8319559459511637,-0.20241820432019234
TEST_04496,2.9788813615378142,-0.057238806980609895,1.32644435991776
TEST_04497,3.5444408611082436,-1.8476598181312085,1.8296054324262143
TEST_04498,5.0808404222644565,0.628185369451791,1.6286531614890098
TEST_04499,1.9907193785712718,1.2230321297662259,-0.42899048421951386
TEST_04500,3.0446199502016307,0.35650253187566994,0.5120027344658374
TEST_04501,1.1718465981060266,0.07425808326566219,-0.12539096501235664
TEST_04502,1.948236261316225,-0.28074395121622087,0.4972768167431354
TEST_04503,2.2058039906864164,0.11359198005676269,0.5930288387825787
TEST_04504,2.7165811899625734,-0.13768805402165651,-0.6044094637143612
TEST_04505,2.7639417927684784,0.9483314247958065,1.0460550160740614
TEST_04506,1.546505653194189,0.5102908797604442,0.31212024117791654
TEST_04507,2.072512184560537,0.516930919590652,-0.1460108052289933
TEST_04508,2.7952688612535,0.3378844926700592,0.6316493499360084
TEST_04509,3.317366550846301,0.48995345628436165,-1.1708127819579839
TEST_04510,2.6917989148830177,-1.1671776866550445,0.72101519047633
TEST_04511,1.1412937969266177,-0.40684954919695854,-0.11325017509299516
TEST_04512,2.2083481811724304,0.7358785295424759,-0.30689581862729787
TEST_04513,2.080973046846628,0.0557970371441841,0.30212477315545083
TEST_04514,3.0619210878071783,0.14111325558257104,0.010294845771551132
TEST_04515,0.9809922864501476,0.4962638491138816,0.07213537491038442
TEST_04516,2.9085305988230705,0.7116957088036537,0.45356484125006197
TEST_04517,1.4646091908402443,0.3921807852629423,0.3980356315630674
TEST_04518,3.513045131317228,0.44132208595085143,0.8809160824300051
TEST_04519,5.4685241123998765,-1.021689707415819,-0.9382854372681976
TEST_04520,1.9345422391145228,0.9548312393140793,-0.1706200428159237
TEST_04521,1.6578033475649356,-0.6752319196077585,-0.19415718484401703
TEST_04522,2.600699319749832,-1.4338834977793693,1.3571818854553699
TEST_04523,3.310412516959429,1.923634050400734,0.14011665647184476
TEST_04524,3.643699647930503,1.159425630059719,-0.5377850974283218
TEST_04525,1.8210956489486694,-0.08574119291615487,-0.03395266505080462
TEST_04526,2.955254223187566,0.29407088988283275,-0.31191904652550817
TEST_04527,2.8879509052853582,-0.6010333221716285,1.3195184851472974
TEST_04528,2.755105073063195,1.1239984397928715,-0.4847822533926964
TEST_04529,1.9753570341258049,0.4409634956433773,0.067758485592179
TEST_04530,2.5670531162638666,0.46881074352377655,-0.30852487872219087
TEST_04531,1.1527417302913665,-0.12313187881159783,-0.31131046792629363
TEST_04532,2.665395735466838,-0.5999819570823908,-0.9619906000649929
TEST_04533,0.9294169942054749,-0.05629588943022489,0.19266972000193597
TEST_04534,1.6030949836568833,0.23782318930232527,0.2163291525785327
TEST_04535,4.143475256061077,0.36453122289001944,-0.1290406961581707
TEST_04536,3.224825401443958,-0.8638866813982725,-0.6513629505257607
TEST_04537,3.565539371311903,-0.35621847219967845,0.7403067386283279
TEST_04538,2.9793060651978256,-0.9055813703866005,-0.3343762777894139
TEST_04539,2.1432681312910318,0.13055624490642548,-0.7291707503722906
TEST_04540,1.5802771897218226,-0.6853849798265099,-0.13617949541646243
TEST_04541,2.299729295947552,-0.010718264465332032,-0.3342123935571313
TEST_04542,1.5458663217765092,-0.3776810596743822,0.43583395922207835
TEST_04543,2.3037113548158406,-0.41310829063177107,-0.6269451797724366
TEST_04544,3.778065913440704,0.5426227937228679,-0.22855211330962183
TEST_04545,4.437149239649415,1.5887280376091004,1.6860016996581555
TEST_04546,1.2484641622796058,0.19849435115349293,0.040326659428656104
TEST_04547,3.9442331491880416,-0.506283909242332,0.673364392246008
TEST_04548,2.8228968911390306,0.5878630056807995,0.20878662611496449
TEST_04549,2.634865265932113,-1.2482047092697621,0.2092100251223743
TEST_04550,1.9519340633051396,-0.49103308352699876,0.6153081249785777
TEST_04551,1.4013805148870946,0.2008391407068968,0.04594590377283096
TEST_04552,1.7211643742551803,-0.661016869950056,0.046105210165858265
TEST_04553,3.664764100658536,2.083396014778972,0.7041837213200629
TEST_04554,3.6875974904699325,0.29712143099880217,0.3331497561444044
TEST_04555,0.741380270352602,0.3719640677291155,-0.2284407458744049
TEST_04556,2.7536225874814986,1.1209608399214745,-0.7783011997222304
TEST_04557,2.88080638292446,0.9771012206999063,-0.6291919265116453
TEST_04558,2.3042775558178423,0.8160824838293791,0.3296805742020607
TEST_04559,5.628639255693913,1.5647899998176098,-0.5327543706458807
TEST_04560,2.879760962003708,2.3839498415634632,-0.10140713920035958
TEST_04561,1.530854193873167,0.29377168424034117,-0.4716651027453393
TEST_04562,3.715530907458067,-0.5016880703670978,0.64785284989205
TEST_04563,2.4036051891774983,-1.653783337694645,1.2253934959539174
TEST_04564,3.0985113132795394,0.2278784554817453,1.4610379354416132
TEST_04565,1.0991500983084441,-0.20253549004244806,0.33112399128562214
TEST_04566,2.7591067015713455,-0.08134487450182439,0.8454468584963083
TEST_04567,2.8993277946901324,0.6256451782703399,0.7047438906932771
TEST_04568,4.717863887438178,-1.6955793811297417,0.9585107129064798
TEST_04569,2.5210238494281767,0.705501997412622,-0.1354543307723999
TEST_04570,2.0135693079199193,0.5839115356074571,-0.3131667622463703
TEST_04571,2.8178642293484213,-0.2661875454800129,0.7937212645696402
TEST_04572,2.411270974913478,0.18580031980741024,-0.760071483625412
TEST_04573,1.5432763566776515,0.18068061664503812,0.021902103102475406
TEST_04574,2.2595589790980815,0.10990873837274313,0.40488866719460487
TEST_04575,1.4484665266828538,0.5075870857970715,0.28487522330603005
TEST_04576,3.1192507171554564,-0.1461814242348671,1.0489964976000785
TEST_04577,3.2806605027799605,-0.06838982726669313,0.6473177612074613
TEST_04578,4.867536113664128,-0.635927768312335,-1.1586564563737511
TEST_04579,1.7308344678966998,0.33793708122754096,0.5323062870105356
TEST_04580,2.4247401178749204,0.09143908873403073,0.005406757185548543
TEST_04581,3.482548381469369,0.2977927088114917,-0.6973158585520983
TEST_04582,1.6186835622944982,-0.5578122774681449,-0.49605647146362064
TEST_04583,2.0576630291357043,0.6387595332831144,-0.36998724821662904
TEST_04584,3.084777656298317,-0.5349962241311074,-0.5134808505302667
TEST_04585,2.141446705559552,-1.741145738411963,-0.47401099026951193
TEST_04586,1.9246272492027283,0.14594790187716483,0.2068735501179695
TEST_04587,2.5278948708280327,-0.3193226192167997,-0.38280207126927374
TEST_04588,2.345248631916523,-0.8371004715883732,0.09364634315252304
TEST_04589,2.827806431844294,1.1753921294802725,0.5285055978552103
TEST_04590,5.098520271016836,1.4950178974770307,-0.021982793977808206
TEST_04591,2.155228388604283,0.23514835748338697,-0.09351950412344934
TEST_04592,2.2756248223702906,-1.2618710449436308,0.037669250625669955
TEST_04593,3.5344864405201672,0.7277030835610628,-0.3062549765667915
TEST_04594,1.779940769809723,-0.04827708990049362,0.2577828086435199
TEST_04595,1.0682709309878946,-0.3353768078172207,0.4219882300750315
TEST_04596,2.2155738843393324,0.6523679120648951,-0.12453984058856965
TEST_04597,3.48776850491035,-0.8946369291382972,0.7799195159059763
TEST_04598,1.3024769637622833,0.34557686577808855,-0.0552172874673903
TEST_04599,5.472033707879886,-0.20135790325689315,-0.2612444108496904
TEST_04600,3.8882215278162957,0.36155273159241674,-1.0279539051876068
TEST_04601,4.539573937597632,-2.1441473828110693,-0.32184427461744847
TEST_04602,1.8877398542667627,1.1016150157079696,0.175979035551548
TEST_04603,3.488265143407822,-0.8559541087433695,-0.07281732400140166
TEST_04604,1.435829782162428,-0.13202596426153182,0.5107553896252811
TEST_04605,2.6170077887827756,-0.024488778989613054,-0.6607962558137178
TEST_04606,2.9371255877308844,-0.6850988688123226,-0.6724996282984614
TEST_04607,3.185474220053196,0.9229137028501332,-0.6968371664697528
TEST_04608,4.220518671141267,-0.6720546535125375,0.5324054907298088
TEST_04609,3.4066895485339166,0.1710727441703081,0.4672486654947996
TEST_04610,2.936151618165682,0.3232480792181492,-0.2940760086083412
TEST_04611,2.6286314495226146,-0.01047590526522696,-0.21322336166262626
TEST_04612,4.6243101892580984,0.1446059202877283,1.2389343629748821
TEST_04613,1.376707940721035,0.0915405076560974,-0.03934842060440779
TEST_04614,1.7961718159017563,1.1381336786802412,0.3318689907207489
TEST_04615,4.063573443458497,-0.8419442082945109,-0.639363037582755
TEST_04616,1.7372383428523541,0.25247653548944,-0.24383505657714605
TEST_04617,2.8881356856298446,0.04232992966938019,0.9325789748063087
TEST_04618,4.734051817932129,-0.7744229680020809,0.49823176591676477
TEST_04619,2.2470200860266685,-0.4208920626411438,0.10884705775120854
TEST_04620,2.8335628605544567,0.20041196476751566,-0.010046794387549162
TEST_04621,0.7707841839020848,0.1415605319404304,0.08354133521065116
TEST_04622,1.7202795180395842,0.49096407707059386,0.5245308137034774
TEST_04623,3.3268480004551413,-0.2615061474465132,1.0987176744321585
TEST_04624,3.2790554410742523,-0.04359855677402019,-0.14401919067561628
TEST_04625,2.697077361729622,-0.6909303636397719,1.517661879220605
TEST_04626,2.632032284550786,-0.2783411920814514,-0.3981324528977871
TEST_04627,3.960983438087702,-0.13400988058137894,-0.13751950728857518
TEST_04628,1.7492735399546624,-0.2242089074549675,-0.0245342760848999
TEST_04629,2.0098719315626026,-1.0854823531863689,0.36443718569791317
TEST_04630,1.1512932366580964,0.0919373942810297,0.2930166521744281
TEST_04631,1.5228702513244152,-0.7277352756842375,0.45350609265083075
TEST_04632,3.335539145068288,0.4802990514442921,0.16245311500141024
TEST_04633,1.7259450601986646,0.5123165021619797,-0.21284980207526683
TEST_04634,1.7240665405039788,-0.3866205847712159,0.20121682005894184
TEST_04635,1.05432551328969,0.6054536654684246,-0.35793643647545575
TEST_04636,3.9177037852890493,1.8669257972819955,-0.7817086071903706
TEST_04637,2.3749053284959794,-0.4583294792924225,0.04410671177077293
TEST_04638,1.3198745122494697,0.7282314324458837,0.17544264564810694
TEST_04639,3.4338373395643997,-1.1130360761816502,-1.2224996227478981
TEST_04640,4.781540222063959,2.3051385989897253,1.062526000963092
TEST_04641,2.79304956613791,0.27252518885004523,0.5577262674165666
TEST_04642,2.7447671140310765,-1.3864629155163766,0.1678683763947785
TEST_04643,3.709151992397666,-2.2562934143635034,0.16628149273374676
TEST_04644,3.3999430141265394,-0.7063821515650749,-0.8680180480980874
TEST_04645,2.814045346301794,-0.6724872361063957,0.1947360477631092
TEST_04646,1.5364754329030514,0.2665750156647563,-0.2320275365240574
TEST_04647,1.921504238503337,-0.23970651180982588,-0.1134262979285121
TEST_04648,2.860728399916649,0.5216917220857143,-0.4722218198027611
TEST_04649,4.051142437149316,0.6194265522972197,-0.5334524492020011
TEST_04650,2.7625394205756186,0.6245024294834137,0.2599983610469103
TEST_04651,2.4992081065668463,0.19441206620436907,-0.5302955114754438
TEST_04652,4.289788240282714,0.6981913558179401,-0.3259105032365322
TEST_04653,2.3440741331032515,-0.04610899920654297,0.2099199922013432
TEST_04654,2.010282683102727,1.6283045394551754,-0.16218766732615233
TEST_04655,3.210950360920131,-0.5858839770183564,-0.741875035943985
TEST_04656,1.975840328202188,-0.04965681316947937,-0.35157993557652834
TEST_04657,3.2994097704992296,0.5083710183113813,-0.2690882492854595
TEST_04658,3.8462891877542735,0.548342408861816,-0.841932316241622
TEST_04659,1.5444060307602883,-0.5139509760472626,-0.15952149048289657
TEST_04660,0.9808045629549027,-0.18299866280031205,-0.10792319365280867
TEST_04661,2.0531950406621693,-0.03418918193930387,0.5479275272948145
TEST_04662,2.0886347753317356,-0.6686129014799594,0.022777415725693105
TEST_04663,3.830348551225543,0.20545142837518454,-0.10393715247786045
TEST_04664,3.99627118504858,-0.5368223221105337,0.7148871844680309
TEST_04665,4.101728450953722,1.1972414725373388,0.08785800207924843
TEST_04666,1.784671756869644,-0.5650518555673361,-0.7922528682280778
TEST_04667,3.3833305884200335,-0.1878612179505825,-0.06967852967400849
TEST_04668,2.7973249657304287,0.19962209853744506,-0.14350209929692745
TEST_04669,2.8740787615974543,0.23607280036911368,-0.5663279929921031
TEST_04670,5.0355668154152635,-1.1747496393440737,1.1787585608383417
TEST_04671,1.303824373124361,0.3293404904325604,0.16497905700655283
TEST_04672,3.08641842956841,-1.3560430141563415,1.517814663766384
TEST_04673,2.5672678760943413,0.4785482887449265,0.3689211913473606
TEST_04674,2.935559150324762,0.14272531677663325,-0.048181938827037814
TEST_04675,2.4163297429409027,0.9704926114728452,0.5758424813921451
TEST_04676,2.2340079189119337,0.18319423971736432,-0.05570612434697152
TEST_04677,2.215545317592144,0.5253482989649773,0.024351648885130882
TEST_04678,2.178885951380253,-1.1349197757948637,-0.5243967091900706
TEST_04679,4.9752559287497995,-1.5956881964173912,2.158357937467575
TEST_04680,2.2622069602379797,1.8022042226829529,-0.3782580070666224
TEST_04681,5.061024453092933,0.9038004832363129,0.983903139525175
TEST_04682,4.909414558444202,-0.03039536908698082,-0.8155471764707566
TEST_04683,2.615576731256008,0.7076628016228675,0.20983359323763848
TEST_04684,1.811183442433387,-0.32777577504730226,0.7029944255468399
TEST_04685,3.0582114213244913,-0.044590404498338704,0.06612446868538857
TEST_04686,3.905326534530282,0.3635153775945902,-0.2197017411491871
TEST_04687,1.3218563177797795,0.2650063607288003,-0.45695888724690675
TEST_04688,2.4947186012555362,1.3235159749250411,-0.9722198205022812
TEST_04689,2.377860981417656,0.3238576019818783,0.09397719894398004
TEST_04690,2.5542931697707174,0.7157162355691195,0.47191755524778367
TEST_04691,2.933128470121503,-0.1506967136029601,0.650698833913207
TEST_04692,4.035469885291457,-1.1831458882205486,0.5092965615547895
TEST_04693,1.3165715975025891,-0.45258514694646,0.42477808543409407
TEST_04694,3.1970012016961573,0.059254116166830066,0.5426873772234917
TEST_04695,2.7232823294574025,0.18633600013637544,0.21238048960590364
TEST_04696,2.705440766306162,0.5526746258354187,0.006182892552137375
TEST_04697,1.4696917971396446,0.047560589866399765,0.2144650591658354
TEST_04698,4.3624123547468185,0.06350415426790715,0.8317563379224538
TEST_04699,4.623830700534343,-1.4929152074658871,1.4214937155395746
TEST_04700,2.8632580428110956,-0.506014074883461,0.48762538080477713
TEST_04701,1.4996212082976104,-0.3848823677638769,-0.11084911329692602
TEST_04702,1.3620847076997757,0.3297858211507797,0.368840139533639
TEST_04703,1.5156450497364997,0.0958735838809237,-0.1946641732700467
TEST_04704,1.2353289903719424,-0.554475033501029,-0.27473863892406225
TEST_04705,1.981301690547645,-1.5768593739657402,0.9917033461951614
TEST_04706,0.9779602486608029,0.030866380044162277,0.33089389891809223
TEST_04707,1.7284142412464618,-0.7100557270892859,0.025576058744530193
TEST_04708,2.5379622149160506,0.0029029870671480893,-0.18578860652041435
TEST_04709,3.33675762291646,-0.0641570043131113,1.436049191370249
TEST_04710,4.2412404376401005,-1.14171735410738,0.060286959289491175
TEST_04711,1.704232541276455,-0.28789532527303696,0.1809562293179035
TEST_04712,1.8421269121084214,0.40055995910215375,0.5294691566295325
TEST_04713,2.3485048373765944,0.46403513246274,0.02322260783278942
TEST_04714,1.2297775228390693,0.11323558804249764,-0.10399182267415524
TEST_04715,1.5519088588091134,0.39072700427365303,0.32678430769085887
TEST_04716,3.789320586059868,-0.2940568402772546,0.08036950688177347
TEST_04717,1.7346929187045097,0.023294044649600984,0.15465546777248385
TEST_04718,1.9962416850118636,0.3883257958381176,0.9119455721653104
TEST_04719,4.16001143582809,-0.5567785436484813,0.6004631249491572
TEST_04720,4.051028708185076,-1.2737922049335242,-0.5744124045701027
TEST_04721,3.5112693668398856,2.2738301729050874,-0.4473353526301384
TEST_04722,1.7142971504395008,-0.7700185069764852,-0.570964484764576
TEST_04723,1.4772625156848431,1.0811466783810855,0.42369569189837575
TEST_04724,2.752051293516874,0.6686559534144402,-0.35398103787231444
TEST_04725,2.7909149194377663,0.23593128733968732,0.5678998749711514
TEST_04726,3.492631702140093,-0.010765044902086261,0.16223610306501388
TEST_04727,2.4753329967894553,0.5367812226681113,0.8709402449276745
TEST_04728,2.53361882218764,-1.6313768136180042,0.570428358792752
TEST_04729,2.8717414782015087,0.4237740208244324,0.09305190305685998
TEST_04730,1.0812403784708977,0.07465279058265686,-0.22947808210629225
TEST_04731,3.8178434005491733,0.08708216329407692,0.3576414493963718
TEST_04732,2.853480007241666,-0.793471555163145,0.7126244289930165
TEST_04733,2.2388497188796253,-0.3039529376108646,0.6231465574381948
TEST_04734,1.918707628241852,1.5508511781626344,-0.3188031660756469
TEST_04735,3.9861639426443576,1.336444384978354,-0.46338797119414804
TEST_04736,2.8663359481549264,0.030479955349683757,0.9283667733855545
TEST_04737,2.997444475345373,0.02775262826731801,0.15568255059432984
TEST_04738,2.3693305648658276,0.09500767513418197,0.4091455810508132
TEST_04739,1.2453403947255612,-0.42181734586679936,0.1578438993794322
TEST_04740,1.4269160855745078,0.2587530517631769,-0.14783261592786015
TEST_04741,1.050490833733201,0.13277739787220955,-0.34958234899654983
TEST_04742,1.9908477247038485,-0.20938251803803443,0.321625450478971
TEST_04743,2.1532444662441015,-0.7374047011607885,-0.8254395030463934
TEST_04744,2.8967913526883127,-0.3427327961491942,-0.03626923772525787
TEST_04745,1.4962440362876654,-0.08723593515872956,0.47134350332805514
TEST_04746,1.2343548531134128,-0.02083037761068344,-0.1617467692809701
TEST_04747,2.34023436601156,-0.08479694596675039,0.07538090792688727
TEST_04748,2.7751989726799726,1.0252758646034001,0.3135557328094244
TEST_04749,3.371669107905865,-0.4456611662371159,-0.32739887320399286
TEST_04750,4.14993675917387,-0.10728276179420948,0.7643782524464726
TEST_04751,1.2801044047927856,-0.7046894549227058,0.0684855749951005
TEST_04752,2.152896947846174,-1.3321679659478067,-0.8039407797379494
TEST_04753,2.524112409707025,0.8045414315533638,1.0731596986908913
TEST_04754,2.266252669992447,0.30069891028288753,-0.007465806349396706
TEST_04755,1.4664725139387846,0.4441790060737133,0.24363178717048467
TEST_04756,3.465134989675045,-1.2482040228227078,1.4875009072870016
TEST_04757,1.8298149703383446,-0.22466788813996316,0.31933248445916174
TEST_04758,3.017805943605542,-0.389212717337966,1.160986676686883
TEST_04759,3.8606555688940882,0.36880856065285206,2.1420409027187826
TEST_04760,2.0008563547554017,-0.8314350810592771,0.269193137414217
TEST_04761,2.525214046092391,2.265760411089778,-0.6199426141133905
TEST_04762,1.7272415843898057,0.4679920236955881,-0.7152805842893124
TEST_04763,3.1421605735064744,1.4923794685192109,-1.2444776167218685
TEST_04764,2.5358459948842524,0.07767007638835907,-0.5261181488575936
TEST_04765,1.0299565203635692,0.09914117222642899,-0.20212854686820508
TEST_04766,4.44497605302,-1.0154212076380253,0.5238934606721103
TEST_04767,1.313436803015113,0.704231445208311,0.48179696151864526
TEST_04768,3.2415123571766316,2.2396476386562587,1.6100490053410381
TEST_04769,1.862073809624195,0.11505795659029484,-0.0835052532838583
TEST_04770,2.2546333315854072,0.18198183694791795,0.3032476925109625
TEST_04771,1.0684348765553235,-0.41896938938754796,0.11637013543918728
TEST_04772,1.1514885586398245,0.5358490807642191,-0.5789316057431474
TEST_04773,2.303495442424178,-0.8194310983235538,0.1389248652561605
TEST_04774,1.8929803311809301,0.666828621496439,-0.18604799381625653
TEST_04775,2.759787149969578,0.5071769748393298,-0.10051512220948934
TEST_04776,1.8431232115975602,-0.04931405650782585,0.8262678153759241
TEST_04777,1.9817615428614617,-0.8745292292764187,-0.012759937087893483
TEST_04778,1.7851126984570027,0.3596552680232301,0.583991065037489
TEST_04779,2.2404956749076845,-0.42460857746851444,0.24773729016637802
TEST_04780,1.4836584163262845,-0.6829281777237057,0.4774229320135713
TEST_04781,3.361517710805893,-0.5407584628276229,-0.09920614998626709
TEST_04782,1.8524651363527178,-0.27726003145718575,-0.5700366316847801
TEST_04783,3.0971940111148357,-0.41047138435053826,1.2418552428519727
TEST_04784,3.2649456854465604,0.20005800043565033,0.21488822410872205
TEST_04785,2.8232474938590526,1.7739899888900221,-0.5886205414826869
TEST_04786,2.81948749519819,-0.577836506007433,0.2830565384588838
TEST_04787,1.6534747849218845,0.3211524147899151,0.37546787216353417
TEST_04788,3.4460163436894713,0.19600479484891892,-0.0968787796177268
TEST_04789,4.69763360531044,-0.41886191318154337,0.405611256090641
TEST_04790,3.579271720744848,1.1840261584128737,-0.25432640065607426
TEST_04791,2.172620355545402,0.05545884166489542,0.6090181804147363
TEST_04792,3.3245994057071804,-1.3095586374413968,0.5663142475176454
TEST_04793,2.965097758153856,-0.01086926489931345,0.9794007350188494
TEST_04794,2.1312823383941653,-0.2264032889213562,0.028562238265872
TEST_04795,0.8337004992153645,0.0023284191460609463,-0.03805683190125599
TEST_04796,3.548951470930338,-0.8581718070316314,0.5180357603324205
TEST_04797,1.8787218097429275,0.25733375561237337,0.5113820348639488
TEST_04798,2.160857106256783,-1.1852081515135766,0.6430463767300845
TEST_04799,5.0253401664747,0.06049904124176503,1.685016294798851
TEST_04800,5.008068068074107,-0.23052082764911652,0.6226098296263218
TEST_04801,4.852791342505455,-2.435201765062213,-0.9578047278372646
TEST_04802,1.355665744788766,0.8840561904860884,-0.19034960026812553
TEST_04803,2.384675503049493,-0.9811159191166758,-0.25229362472605704
TEST_04804,2.119099757742405,0.18051791054201127,-0.1542096981523037
TEST_04805,1.1250428334193825,-0.17918215642619134,0.19050359213972093
TEST_04806,2.450073181307316,0.029042113586485386,0.15562287320227922
TEST_04807,4.058588164944887,-1.0040091513845921,-0.6290597389230133
TEST_04808,5.874070480127096,-2.2630002085108756,0.595086210983932
TEST_04809,1.7976653128898143,0.4554831005191803,-0.30658829717993735
TEST_04810,2.059257017952204,-0.4270747823884487,-0.5481987548468112
TEST_04811,2.089518580371261,0.10752556557345391,-0.4725553095472157
TEST_04812,3.0062261730424167,1.3203107734771222,0.4578541373628378
TEST_04813,1.0260529215683043,0.11133644165050982,-0.22229165247008204
TEST_04814,3.889590709653735,-0.17302315869498253,1.1734886275879144
TEST_04815,3.9148305778073667,0.34524027386415007,0.4125415138489008
TEST_04816,1.400816075822413,-0.7292135291501581,0.4074440816562176
TEST_04817,1.6433661344621182,-0.3996913066769838,0.6005478982321024
TEST_04818,4.762277728689336,0.6751227460302115,1.5722698915252686
TEST_04819,0.8035845070032477,-0.045674090205967424,0.17797745364433526
TEST_04820,1.3265427586922645,0.6209077688603402,-0.03870458929401031
TEST_04821,1.1581116718432902,-0.22953822831231355,-0.07490894010904431
TEST_04822,1.4911278008249997,-0.012440096582382917,-0.20613402668368816
TEST_04823,3.7501623085359337,0.063767249543041,0.21345472100389004
TEST_04824,1.6090233063514232,0.45452448887085917,0.5456661323788911
TEST_04825,1.7809807395112514,-1.0986308847978712,0.22449648920971155
TEST_04826,2.5612748377091883,0.32623562389856575,0.13237101094794274
TEST_04827,1.7536517965368628,-0.29552423894613983,-0.5805799349499643
TEST_04828,2.752941363763332,0.9206846887528897,-0.8233842646605969
TEST_04829,3.4575373429082634,-0.660401819114089,-0.9108025715618133
TEST_04830,4.565334654161096,-0.06838264360237122,-0.7635887037891149
TEST_04831,1.3767965674610139,0.07909298779660091,0.04681677694600821
TEST_04832,3.200277844657436,0.5376939669145941,-0.4257751871811152
TEST_04833,3.701359798248287,0.6071788794982433,0.6755330539066351
TEST_04834,2.365914703614712,0.16482380474054814,0.00025198115491867
TEST_04835,2.4115190082920788,0.16529837329381705,0.3718220998712778
TEST_04836,3.617094098970413,-0.3752101903309822,0.8518198690057993
TEST_04837,1.761528979424715,-0.1719138684077263,-0.13263084121584892
TEST_04838,2.104903853248708,-0.9527641987632514,0.0832337179789096
TEST_04839,5.349290767366886,0.9630634325766564,1.2841652577733993
TEST_04840,2.099912255785942,-0.7040568363993168,-0.18286760374069214
TEST_04841,2.9387069440739153,-1.330350693523526,-0.07827419385272265
TEST_04842,1.83021351025033,0.1721105378434658,0.10840856025040149
TEST_04843,1.9502479730243683,-0.32324763884174823,-0.7679973646930456
TEST_04844,2.545772233207226,0.3116849419053793,0.2650135935893059
TEST_04845,2.2676191703875364,-0.3273346018192768,-0.24062911015766858
TEST_04846,2.22588382158494,0.3518867641329914,-0.3023133081012368
TEST_04847,4.083187490223646,-0.7316262637923956,0.44810742211258414
TEST_04848,4.067834362366438,-0.3192706612776518,-0.6666595913298726
TEST_04849,1.8734336188130378,0.09116402628016472,-0.042608145880460746
TEST_04850,2.095985196163416,0.24123851694703102,-0.26770166428774594
TEST_04851,1.7969664403972625,0.08117188142353296,-0.027324934791833164
TEST_04852,1.6271858253760338,-0.2185829546958208,0.20131576283952593
TEST_04853,1.0475668942010403,0.1924764245505631,0.03886390932160616
TEST_04854,1.0242960797803402,0.33254151481065153,0.17643063585089333
TEST_04855,1.176081915104568,0.623027224719882,-0.1969416888306737
TEST_04856,3.3943892053035496,0.655675726782769,1.5321707324552536
TEST_04857,4.2690206901692225,1.5069995979254245,0.15568858037096261
TEST_04858,2.1810204407093523,0.1307136082894802,-0.0002260705699920658
TEST_04859,4.362733500770092,0.9416644168624878,1.0491550517365933
TEST_04860,2.8698204581998588,-0.8859634525490999,0.6644909344155788
TEST_04861,1.7013086371824742,0.01410335141158104,-0.34703613678848744
TEST_04862,1.311696764687717,0.36694133240544796,-0.043132736263990404
TEST_04863,3.2094625782089232,-0.6261818496792912,0.8005700111081601
TEST_04864,1.783688580895424,0.6384697078667879,-0.00431685016694665
TEST_04865,3.068162686032057,0.7282173241647482,0.35355932253035904
TEST_04866,3.186483210599184,0.02812334058856964,-0.08121687832146883
TEST_04867,1.475734028374791,0.6357182626593113,-0.0586128097653389
TEST_04868,2.9774372816228865,0.023574403060168028,-0.046388259778022765
TEST_04869,4.59029873976624,0.24573457809770105,-0.6917880429947376
TEST_04870,2.4991706553872826,-0.4596870698516667,-0.2101538919376135
TEST_04871,2.300162455048323,0.5267437144613266,-0.456474556624651
TEST_04872,3.2033086663821937,-0.19940015027901345,-0.9075606374725104
TEST_04873,2.8536307547468542,-1.0036978068162203,-0.20560627765822412
TEST_04874,0.9909629479660987,0.02716858812260628,-0.14323614057546855
TEST_04875,1.4401761028473377,-0.3323862110894024,-0.21535704331243039
TEST_04876,3.7418874246246516,-1.3954735757040604,1.0682620360881836
TEST_04877,2.3571686665798426,0.3054612187191248,0.25401976653099057
TEST_04878,3.173867959894061,-1.1845247085031272,0.13217557378852368
TEST_04879,5.552381654600739,0.9375546172831059,-1.2717258295531273
TEST_04880,2.494447820463896,1.568583914373219,0.05991154460261389
TEST_04881,1.6376486025378705,-0.05055067149162665,-0.050256671966187653
TEST_04882,3.189013113149583,0.9243498520333432,1.395910498614073
TEST_04883,2.5096077877784966,-0.259427662065506,-0.7085427047570944
TEST_04884,3.3478460297157766,-0.2466958291697502,-0.5862864706950187
TEST_04885,2.4654812869305536,0.14064897414898872,0.1795873963383436
TEST_04886,2.547776101379633,0.25673383450067044,0.01059381937146932
TEST_04887,1.196848933229208,-0.18155372791475058,0.44723868975374104
TEST_04888,2.2408362570400238,-1.7645701484869718,-0.647422127828598
TEST_04889,2.901467220656395,0.4632227975376844,0.19804540184207262
TEST_04890,3.0829791387708188,-0.1763723036017418,0.17419461523795127
TEST_04891,2.4443012793338896,0.004064745531082152,-0.13774598039382696
TEST_04892,1.524855397115171,-0.38613077416443825,0.29140908185118436
TEST_04893,1.7077195347059966,0.030917510018527508,0.01979463623943925
TEST_04894,1.9341015537526607,-0.5775765932475329,0.5899443494386226
TEST_04895,4.010339430523604,0.6796037288152575,-1.499485708666563
TEST_04896,1.169201150849253,-0.8171848917677998,-0.6082996384826302
TEST_04897,1.5487067469165325,0.09705853772461415,0.3345137316673994
TEST_04898,2.9320794754800796,0.4983210293823779,1.3217583782789708
TEST_04899,2.7367465924806593,-0.827870408034563,0.22194786804610492
TEST_04900,2.4879311629886627,-0.496107409095645,0.24918041949796677
TEST_04901,3.101569357343078,-0.12452460073626041,-1.0964014778368474
TEST_04902,1.623761090718746,0.3463032927936017,-0.2034832079037428
TEST_04903,2.004194779919863,-0.6841560260163546,0.7142976866372228
TEST_04904,1.805277783684969,0.44910965167433026,-0.4330073829639554
TEST_04905,3.9680781004985572,0.6572736056785583,0.636995949450016
TEST_04906,2.5358491463181974,-0.17410205932688713,0.28665276882219315
TEST_04907,2.1281930708228947,-0.21922078316253424,-0.7321739344037771
TEST_04908,2.094011369579792,-0.483930986579895,0.023374010059475897
TEST_04909,3.5599296842114927,-0.7852465830197334,-0.30251692097067834
TEST_04910,2.265770871482104,-1.7405926623618602,-0.03859620847707987
TEST_04911,1.8143353025546074,-0.7369733777749539,-0.04761914766156673
TEST_04912,1.8655747910068035,0.15926200228357315,-0.3904410839009285
TEST_04913,2.969108335773468,-0.2608867379834652,-0.001882355517387392
TEST_04914,1.9841075115242004,0.3687799252362251,-0.2678419621959925
TEST_04915,2.2627928967707156,-0.41636334192061425,0.2506661568295956
TEST_04916,4.31229159358716,0.48537446703580206,-0.11505816555881501
TEST_04917,2.325933277090937,-1.612528831281066,0.7897080394258499
TEST_04918,2.463153290766954,-0.6839248577094078,0.4022354719094038
TEST_04919,3.674868355821103,1.2593588555767536,-0.22586401232397557
TEST_04920,2.558861748849392,0.5864054732808024,0.7649454602843523
TEST_04921,2.12534464465642,0.07639672550541163,0.49283585218039155
TEST_04922,2.478851987271607,-1.0239321675498485,0.000734138728022575
TEST_04923,2.025931413278699,1.5619278794190883,0.686555058604002
TEST_04924,2.640119444740057,0.08779150650429726,0.053660049122184514
TEST_04925,2.5932083887087702,-0.4531744535665512,0.16499901664805414
TEST_04926,2.248204536001444,-0.5163110238814353,0.337898061622113
TEST_04927,2.1051965642730592,0.13207135205841064,-0.47924460085117815
TEST_04928,3.0158007191769483,0.31286271332526205,1.255514858354032
TEST_04929,2.3462292394557,0.6156984111864902,0.05195712701278925
TEST_04930,2.222194765027046,-0.3374901900556683,0.4156700027348995
TEST_04931,2.177563018050194,-0.022545257527709008,0.11812900591933728
TEST_04932,2.163001002770901,-0.9440881577796936,0.3078630907509029
TEST_04933,2.4032402934291364,-0.2143031938661337,0.3449975512762666
TEST_04934,2.1900885422570706,-0.27664107406288385,0.7092951161135435
TEST_04935,1.8169894566129445,-0.0386478396474123,-0.182756714353621
TEST_04936,2.4824804017517565,0.9481619521222114,-0.08279853276741504
TEST_04937,3.2049541097974776,-0.7705798884057998,0.020882296350717547
TEST_04938,3.4975311381909253,-0.01436435876262188,-0.8076231588541866
TEST_04939,4.463494932135463,0.9734868550959825,-0.9561194552460909
TEST_04940,2.0320996084387004,-0.8046704004864693,0.8833027159834504
TEST_04941,2.7748084305532275,0.4235336804821491,0.7176534287925959
TEST_04942,2.478302516556263,-0.0999295121383667,0.5604399884514809
TEST_04943,2.707111418432236,-0.25038785237669947,0.10171849344721437
TEST_04944,1.4455372222126723,-0.6662027869663387,-0.5159396013131737
TEST_04945,5.334422204666361,-0.49464033904534577,0.10821853256201744
TEST_04946,2.484857171950698,0.36026372060287,-0.3353889376575947
TEST_04947,3.9358564016864896,0.22984668547677994,-0.1690498239361942
TEST_04948,2.799843344158262,-0.5004401837162376,0.22950113956105708
TEST_04949,4.145074167087555,-0.32398589701795577,0.06909097238871455
TEST_04950,2.7581323424305917,1.001105854091227,-0.5651904441426993
TEST_04951,1.230397649412632,0.21565126878035068,-0.2342085011128187
TEST_04952,2.6104943992061242,1.5952086247799397,0.11102586142167449
TEST_04953,2.270294045477867,0.7577052401077747,0.5724040330530406
TEST_04954,1.8303775083251,-0.041303521879673004,0.2652901294077635
TEST_04955,1.2514071094807386,0.028800449618935582,-0.06610381586429477
TEST_04956,4.373944509730816,0.5312759221932888,-0.17400559723079204
TEST_04957,3.516348609847784,1.7288854320014715,0.011575455178320407
TEST_04958,1.9948833894821405,-0.49429339512979986,-0.27870143996417523
TEST_04959,5.698391091660023,1.5152543458486796,-0.5770474470137358
TEST_04960,2.528164992822647,2.0325243938353674,-0.5645074221259355
TEST_04961,4.766982079982877,-1.5661070918464661,0.942673260560751
TEST_04962,2.008715291684508,0.8741362918182611,-0.38982698194372656
TEST_04963,2.8245085883817636,-1.653751779984355,-0.8287546994245052
TEST_04964,2.057231064189911,-0.3530021798993349,0.5165438366581797
TEST_04965,2.573758754795551,-0.5362150136537552,0.4593725897943974
TEST_04966,1.6843306464050412,-0.22220100045722724,0.37186834483536335
TEST_04967,4.957081561782837,1.2023875891388656,-0.506175660841763
TEST_04968,1.4130645323352218,-0.6412078951858282,-0.06977226852560044
TEST_04969,2.556329805100918,0.08832444097852707,-0.5487220540719032
TEST_04970,1.7157233446080684,0.5665574327485562,0.5498574833093286
TEST_04971,1.7014733318408728,0.11969561197733879,-0.37686257490754127
TEST_04972,4.746207744076669,0.8168584484632528,-0.207209257021904
TEST_04973,3.0359158052332402,0.4895672547581792,-0.5138286255273223
TEST_04974,3.376176880732566,-0.799657207125187,0.8004534035030604
TEST_04975,3.331019725426197,1.1581785259382724,-1.0589227570080757
TEST_04976,2.3453750887513163,0.4370253983700275,1.1509715194764136
TEST_04977,1.9259115059497356,-0.08050625042843818,0.8537242104463577
TEST_04978,4.130402083411813,-0.17211884917366504,0.36105617097234727
TEST_04979,2.0739617063388827,-0.38048961889886856,0.2765345330207348
TEST_04980,2.63913035898,0.11524678094744684,0.004564422821134329
TEST_04981,0.9699609955724477,0.5660693041773438,0.05858501099824906
TEST_04982,1.9226048531665803,-0.751651586518526,0.5960623897407651
TEST_04983,1.3757947928435803,-0.2966542613133192,0.30714181020861864
TEST_04984,1.245813948628962,0.5061242821371555,0.4486747822611034
TEST_04985,1.3353705502098798,0.5223971083546877,0.12413379716789723
TEST_04986,2.008010875493884,0.48751633561336993,0.5678907878243923
TEST_04987,2.279532789905548,0.5898562509038449,-0.40277615231442454
TEST_04988,2.5855279360594747,-0.18163624808388948,0.6877312092274428
TEST_04989,3.923267569345951,-0.0067386423017978675,0.3179871097035408
TEST_04990,4.563760398059726,-1.0258779951038361,0.4858292328738868
TEST_04991,2.88980577558136,0.6295622597967386,0.26213414439415933
TEST_04992,2.4248906660552025,1.0939443558328152,0.6038778533610701
TEST_04993,2.970139312899828,0.79454280002141,0.09835993720376492
TEST_04994,1.2431266201305389,0.28646879885625837,0.21390594911679625
TEST_04995,2.0022137692181468,0.6000667577862739,0.2652558653930426
TEST_04996,4.113821551157117,0.4723041307094097,0.8846448208673596
TEST_04997,1.6865801655273438,0.42215242165231703,0.012883924635171892
TEST_04998,1.3668512600951195,-0.43269678920531274,-0.46280300736138225
TEST_04999,3.1798139757715016,0.2873920902017951,-0.16189074739512802
TEST_05000,2.0273347727732656,-0.11881422249412538,0.35285670852819084
TEST_05001,2.758119831527531,-1.7782963157583476,0.8073434247360528
TEST_05002,4.0075092799575325,-0.16022516590657832,0.5708874382902384
TEST_05003,3.9384538990609648,1.7936407225692272,-0.6330873395773172
TEST_05004,2.806675495307088,-0.16562788030101358,-0.2940999268296957
TEST_05005,1.799665724413395,-0.8278460512769483,-0.6565631808351279
TEST_05006,1.5838296950471402,0.31300322486847637,-0.33202726750920714
TEST_05007,4.000914984755307,-0.9038958302989006,0.7267747287294268
TEST_05008,5.408447915853142,-1.117659030661583,0.1324590722849071
TEST_05009,2.0171119438586236,-0.6397474944491685,0.299247158187598
TEST_05010,1.5568905709793568,-0.554974926077187,0.4704030159062445
TEST_05011,3.078587414168775,0.20024203105068206,-0.49457831543374065
TEST_05012,1.7112332240066528,0.11905592729341985,-0.5952151906743646
TEST_05013,2.5300147124537826,-0.0686201993521899,0.17731280012488365
TEST_05014,2.0525876922082307,-0.10709706375563145,-0.9939396583704352
TEST_05015,1.9858510267658234,-1.1459751830263287,-0.41899359452593327
TEST_05016,3.3823814967283012,0.7076407139548212,-0.4527262413191795
TEST_05017,2.4328842622349263,-0.6164621807601451,0.02984493872332573
TEST_05018,4.2231607706865075,-0.8826428800837248,1.6666624879664182
TEST_05019,2.196615131646156,-0.6097379074828625,0.5989431164351106
TEST_05020,0.9700961221684218,0.1348000054561496,-0.4575071358908713
TEST_05021,3.333268997834325,-0.07437080224198103,0.13623005264639854
TEST_05022,1.9895533972226083,-0.2627047050282955,0.35240866442149876
TEST_05023,4.372008776382864,-0.667549366419971,0.23346319693404435
TEST_05024,1.7006647215919495,-0.3468347170315385,0.11704925332760811
TEST_05025,2.7477320528556706,-1.4417313532876967,-0.5108463579002619
TEST_05026,1.6611653360927106,0.20470379054796695,-0.2765941903666258
TEST_05027,3.1306084466623663,0.5191806729170084,-0.03482138205242157
TEST_05028,1.5882666331524848,0.15625121914231777,-0.3450713565151691
TEST_05029,2.2402915095901785,-1.455960464171529,-0.35222452654093506
TEST_05030,4.620289180927395,0.3156570458106995,1.664039957915306
TEST_05031,2.7112399191435874,0.2669582249121666,0.2820322932218313
TEST_05032,3.122559170877576,1.0599151620420217,-0.14211032082140446
TEST_05033,4.223783682396412,-0.5975441205123663,0.6296883434565067
TEST_05034,3.434599613728523,-0.11532335339403152,0.52889540752697
TEST_05035,1.0386119125339985,0.3370462283074856,0.25814957839761676
TEST_05036,4.4677269971964355,-0.7772786995826662,0.2609345923987329
TEST_05037,3.7570238058798315,-1.575404282466054,0.09583431517863274
TEST_05038,3.052709538591385,0.025567626539342105,0.23185810315728186
TEST_05039,4.551102133940697,-0.31214318939054014,-0.1668621305487156
TEST_05040,4.671992732646942,-1.6482266540884971,1.388752620628357
TEST_05041,1.2940408509230614,-0.23374041731873155,-0.11658382508096099
TEST_05042,3.0106287511731984,-0.38738335804104806,0.7641899612815977
TEST_05043,3.464926935801402,-0.15079504129600524,0.19244757137203217
TEST_05044,2.8923939065702333,0.9563719018006325,-0.6022005923850536
TEST_05045,1.8031155497119427,-0.4535270975273028,-0.29820989253906904
TEST_05046,1.3641894986978769,-0.2538904669299126,0.46105113383033874
TEST_05047,1.1554424369869232,-0.315363566139698,0.012876957501336932
TEST_05048,5.293696793552637,-2.0918620358422997,-0.47970802421498293
TEST_05049,3.4893739046263694,0.020083430066585542,-0.5207297246465683
TEST_05050,1.2121360948388578,-0.44861365784168244,0.08257676779556275
TEST_05051,2.7737566080191134,-0.3339865175130367,0.009495643229484561
TEST_05052,3.1359000295596124,0.5286458712809086,0.5755340191750526
TEST_05053,2.3653922142498494,0.32325804620856047,-0.3584489942088127
TEST_05054,3.2465289657633303,-1.121725139544964,-0.5890805411775112
TEST_05055,1.5168951582955121,0.7640592618761063,0.1921453289898038
TEST_05056,1.7158585365523695,0.8757357943258881,0.9563962803556622
TEST_05057,1.6409208726050855,0.6632145467001795,1.0578446427942811
TEST_05058,2.4304200773589613,-1.274414630618453,0.5795198129169344
TEST_05059,2.311276121258259,0.432621447240293,-0.28141600346684453
TEST_05060,2.9184913320088386,0.3343840924372673,0.6160736203911304
TEST_05061,2.2380997641209364,-0.13117057328415663,-0.21351244143223763
TEST_05062,1.5619502107863426,0.15468041713678837,0.11889706776168943
TEST_05063,3.5639492074377537,0.9690514703713506,-0.8836947241023183
TEST_05064,1.1187714640586377,-0.47321971286296843,0.053897519852906466
TEST_05065,5.063385960479975,1.4134897184522748,0.616393724393338
TEST_05066,2.9057657995122077,0.08238440841555596,-0.9767592982696295
TEST_05067,2.4474035176063778,0.0781868116953373,0.48668344328391555
TEST_05068,2.8210733862518667,0.4256504329317212,-0.3807047273446321
TEST_05069,4.496364762225151,-0.5226894087022245,-0.9046853706429229
TEST_05070,2.4475999197229146,-0.4147456299700439,0.5409417987027466
TEST_05071,2.333463866286993,0.4358266073600054,0.2472470079011917
TEST_05072,1.1510995306518077,0.38687094077295064,-0.2536092689532042
TEST_05073,2.042441411860466,0.3932272557499409,0.14645434554672243
TEST_05074,2.9996327345342637,0.15351841704893113,0.141158989051342
TEST_05075,1.615479571972549,0.4189165666394234,0.6637082042194009
TEST_05076,3.167806489751339,-0.34315985098516943,-0.20530092264103889
TEST_05077,1.568675589595318,-0.5838882685899734,0.11592963373613357
TEST_05078,2.6942247798802854,0.6351310219798088,-0.8852691773781777
TEST_05079,1.9581222196237855,-0.14694044632163644,-0.9614989534608424
TEST_05080,2.8903428662586212,-2.1141456823551654,0.8152495278309584
TEST_05081,4.251745245613336,0.5790897526385784,0.35034637955701353
TEST_05082,1.8898472505021096,-1.1377816787213684,-0.2464112049821615
TEST_05083,1.129135552797079,0.815028784025371,0.34471837265980243
TEST_05084,1.91828406026721,-0.04885220136737824,-0.13392244575345516
TEST_05085,1.9207047282192706,-0.6614208322860002,0.26014020244002345
TEST_05086,1.2958885297932625,-0.45087877310287955,-0.35227243063893915
TEST_05087,3.5168626986248492,-0.8244376074990034,-0.8707621246006488
TEST_05088,4.613599059902787,-1.017734255071044,-0.5686207074980736
TEST_05089,3.5331178438856603,0.2378142537354231,0.045163973062694075
TEST_05090,1.2295676929841042,0.25338298785591123,0.19052439236733318
TEST_05091,3.335482700211525,0.28836070115256307,0.6685338587498665
TEST_05092,2.651357042075753,0.18502684666186572,0.6639344507719726
TEST_05093,2.063005901178807,0.564459136893034,-0.1331372361935377
TEST_05094,2.7736105155324937,-0.6036550869057179,0.7819665824156702
TEST_05095,3.9390157991986277,-0.33300122912549973,-0.26339894673621655
TEST_05096,1.2573915020425022,-0.7304672202364206,0.03288311056244374
TEST_05097,3.830128234684169,0.013222483515024187,1.6625444652519226
TEST_05098,2.9917177123157384,1.3177717406101674,-0.8197733041131496
TEST_05099,2.4917186552876234,1.4442282461458444,0.366997207503356
TEST_05100,1.5406274496114254,-0.46742244588553905,-0.15081124279312788
TEST_05101,0.9486934149932862,-0.0460552438634634,-0.19713196954610943
TEST_05102,1.9627750513622761,0.056166839931741354,-0.020234324816942213
TEST_05103,2.550983632525921,0.18422757333898546,0.304761531575121
TEST_05104,1.397851470086336,0.04735519579696655,0.0341423123389408
TEST_05105,3.796380054021895,-1.5240048051345347,-0.025536773180007938
TEST_05106,2.1747659478967933,-0.34243309325104954,-0.9501170595298409
TEST_05107,4.136277347346067,-0.3111315583641827,0.9804598548398018
TEST_05108,2.464728410187721,-0.7919241246497631,0.3324807676095963
TEST_05109,4.869300250496775,1.5691356492424606,1.555952020394206
TEST_05110,4.205483279336453,-0.31350527524888516,-0.29506710850858686
TEST_05111,1.8091918180778026,-0.8656535475296974,0.14787502060397575
TEST_05112,3.37440013656044,-0.3769592478070557,-0.9118489734727144
TEST_05113,3.646549319782257,-0.2963885403892398,1.1293024180464744
TEST_05114,1.4680813101676702,-0.35655183352327346,0.49978998579412703
TEST_05115,1.0711828044859768,-0.04524699229836464,-0.25521998600900175
TEST_05116,3.421494667392969,-1.8975347047557831,1.5317496098046304
TEST_05117,3.067421603738278,0.3956420423500538,-0.8515330900230408
TEST_05118,3.147583446258247,-0.48196055681669714,0.47369820188719036
TEST_05119,3.6632681968317033,0.7654489974181652,1.2237668624954223
TEST_05120,4.079449606628508,-2.0113707198083475,1.3584660835090876
TEST_05121,2.2087600919771195,0.6008712057632208,-0.10059202569484711
TEST_05122,3.044253118563503,-0.8703156392033696,-0.6062506316897273
TEST_05123,3.804523580962181,0.5790248562595844,-0.2353378039500713
TEST_05124,1.8160189414105414,0.5294247493114471,0.128370961042583
TEST_05125,0.9151173613138199,0.16794944499409198,-0.07754835560941696
TEST_05126,5.233577900019407,-0.854112260141015,-0.4716865776975155
TEST_05127,3.602642080958933,0.4831261175129414,-0.8507923034607172
TEST_05128,2.9788251882480083,2.4852998263612984,-0.9507219945749045
TEST_05129,2.8109484948024153,-0.27051833764505384,0.42059130140817164
TEST_05130,2.169185194308281,-0.5121791362640857,-0.26164658396661283
TEST_05131,3.7870753825321795,0.46524122883367536,-0.015960628175258635
TEST_05132,1.4778946592588424,0.10296194433426857,0.634369580845423
TEST_05133,1.5684831105448604,0.06888388431584835,0.06760018910309673
TEST_05134,2.6746877314326167,0.058404185497760774,1.3848496518185138
TEST_05135,1.9918490280717611,-0.15591412031874619,-0.35235973457849024
TEST_05136,1.0420725917872042,-0.614890785450697,-0.5301614994636774
TEST_05137,2.116050815527439,0.13397284320509434,0.7798541077414751
TEST_05138,1.18884597017169,0.4329937880375385,-0.03914445651194453
TEST_05139,3.031344276700139,-0.424919687477231,0.05658974051821232
TEST_05140,1.0834775267515182,0.09397934558022022,-0.09431674479886144
TEST_05141,3.4879877594025137,-0.21387398372721672,0.7822460647921562
TEST_05142,1.6261061166336537,-0.5816404150801897,0.21759551719126105
TEST_05143,2.816533173826575,-0.6231931334884167,1.148729969816208
TEST_05144,1.6601419418964385,0.46407293187332155,0.3288391609659791
TEST_05145,4.093552863410264,-0.6623253398094028,0.44002996843522785
TEST_05146,2.51492095026505,0.3183546476586908,-0.5204869892640114
TEST_05147,2.8406973430714606,0.03430472923833132,0.2763547883717455
TEST_05148,2.212187818031311,-0.19860179526686667,-0.10885791610272229
TEST_05149,3.317849321978837,1.9498261434253454,0.5170393680154681
TEST_05150,4.456300434489295,-0.48945801957511903,0.7450593470420838
TEST_05151,2.2662689366488458,-0.19081706215035915,-0.1841221290631294
TEST_05152,1.6592946817615033,-0.47980945048141477,-0.31932544647437333
TEST_05153,3.013755915369749,-0.8291322999413013,-0.3520793520278931
TEST_05154,1.7835369519581794,0.4199816241291761,-0.16179662505960465
TEST_05155,1.63675976396773,-0.7348826679990291,-0.5535102429561615
TEST_05156,4.035554951745033,-0.48603559788942335,-0.38690088627505304
TEST_05157,1.8103263760170936,0.46680615790462493,0.010388438077569008
TEST_05158,2.6572319497962,-1.2233116381980778,-0.13481894913566111
TEST_05159,6.112635150084048,1.6762791192039848,-1.2294493393492996
TEST_05160,1.6548102546967267,0.25786083490067724,-0.2957819271915555
TEST_05161,1.408248976392746,0.21643120630562304,0.027970462636709215
TEST_05162,1.7358050071210862,1.130699483121395,1.0165085264641047
TEST_05163,1.8748689806425571,-0.5964120602653027,-0.373934765272975
TEST_05164,1.620432705137968,-0.017614980976462365,0.4334206640807446
TEST_05165,2.9257406926107405,0.6186092969937325,-0.41182990199661257
TEST_05166,1.98824826930511,0.4978162489824295,0.12007591108492016
TEST_05167,4.810579637518883,-0.7874611173230409,0.2290215579781532
TEST_05168,2.6343434924285414,-0.734390817016244,-0.377304049562037
TEST_05169,3.532982829583421,0.18982301043903826,-0.18932762138229609
TEST_05170,2.2524481057472228,-0.38727721795586495,-0.24549119091475008
TEST_05171,3.5209444832611085,0.10283759753602743,0.07378817198133468
TEST_05172,3.208710391064763,1.2032029242225886,-0.6707056338300705
TEST_05173,1.9854691858301163,-0.3890701176347732,0.37167038006251074
TEST_05174,1.651094141405821,0.46496143817961216,-0.04944362754917145
TEST_05175,1.9591823729901314,-0.8296835503549576,-0.22330276088118553
TEST_05176,2.952889594426848,-0.5691173641041517,1.1711219047816992
TEST_05177,1.6662542926487922,-0.5199721749305725,0.7001062449242771
TEST_05178,4.931716301737666,0.1852300846195817,1.50527148696661
TEST_05179,1.9701923248437048,0.05756233549416065,-0.5284298079498038
TEST_05180,2.221773611781597,-0.15656817185771466,0.10714817452955247
TEST_05181,0.964011552603662,-0.4532429602808356,0.07823826377944648
TEST_05182,1.8698951466163396,0.6574648862528205,-0.4533708641885519
TEST_05183,2.958311213458061,0.40487903207111353,0.4413116195709109
TEST_05184,1.8556131340464355,0.4341156563228369,0.6215140244486183
TEST_05185,5.358253142518759,-1.1964300859080552,-0.7612811690419913
TEST_05186,2.5527471039060354,-0.12087198213297129,0.7761323300961852
TEST_05187,1.6269104353852273,0.519624722805202,0.5369925589650273
TEST_05188,2.6058874152150153,-0.71734604575181,0.45624719109654427
TEST_05189,4.800449271197676,-1.4695458994617463,0.7759560699598789
TEST_05190,2.565479380252123,1.5896790423554779,0.09324375199341774
TEST_05191,2.6221381082749367,-0.2550182807583809,0.6122323545851708
TEST_05192,3.5549399205267003,0.6482388350481987,0.6396956481623352
TEST_05193,1.8893657101240158,0.47812484619879725,0.03742729134458303
TEST_05194,2.442608907590926,0.1348434298272729,-0.24580264522743223
TEST_05195,1.741038411077857,0.11687050550532341,-0.564039257632494
TEST_05196,3.596936416460693,-0.09424513864910603,1.2561154548721314
TEST_05197,3.1252391381638516,1.0955942329548598,-0.5355399238610268
TEST_05198,3.317127782358885,0.9664465035382509,-0.1928075314052701
TEST_05199,5.3527331948338155,0.9560157060779333,-0.5596553489373326
TEST_05200,2.5820540371809004,-1.0577656492860317,0.23080304509842395
TEST_05201,4.352576572318971,-0.9090834859487414,-0.4893646544820368
TEST_05202,1.5584742926511765,0.3914823803588152,0.7598704150504172
TEST_05203,3.568723903413713,-2.066270915004134,-0.3441507012105882
TEST_05204,3.2958603652387857,0.8428129877064228,-0.49781180259919167
TEST_05205,2.1946489679656027,-0.501482721778512,0.14157826009750366
TEST_05206,2.563041421811819,-0.18468929048931598,0.5475454383428097
TEST_05207,2.809584754873991,-0.2039864039695263,0.9976885062026977
TEST_05208,1.6695293359318972,0.3904531346180439,0.7237844454905391
TEST_05209,1.7310002181911468,-0.3511718187687397,-0.1858015057297945
TEST_05210,3.1131050353417398,0.45759825152087213,0.4016959332330227
TEST_05211,3.1535657445139886,0.0006686238538622848,-0.009405433893591166
TEST_05212,2.3644771501283643,1.2852501933783442,0.31180785113015025
TEST_05213,1.259926866045475,-0.4726491883507967,-0.06363817161688208
TEST_05214,2.977168281241849,0.12503224100530147,0.21887853243613242
TEST_05215,2.4911797165011764,-0.5962179971356392,0.2077659896430671
TEST_05216,3.145821011862278,1.0043414463298321,0.25929965670967103
TEST_05217,3.222890744618416,-1.3094216443514823,1.4631233829990626
TEST_05218,1.1722826198496819,0.7929986285307408,-0.4048149095340371
TEST_05219,4.416341242922067,1.0242579223957657,1.1502272371146678
TEST_05220,1.9910111082897783,-0.8954068780007363,0.1425568505256325
TEST_05221,2.2845863776511877,-0.14116175381045068,-0.8107679340839982
TEST_05222,1.2349471758915187,-0.4067082072132826,0.17643381960535423
TEST_05223,3.5256803997592927,-0.4027226192755699,0.02369407930278778
TEST_05224,3.1001635242915153,0.09786824437236787,-0.49897992128753665
TEST_05225,3.35539643960309,1.8485277311339379,2.0090474397990703
TEST_05226,1.47047369923532,-0.3593540803525448,-0.3696182492244244
TEST_05227,2.7940304027177243,0.22121030643132328,-0.9612774437389374
TEST_05228,2.9014454570960404,-0.3715231512978077,0.4468048717846274
TEST_05229,4.873098638979614,1.3353302817718982,0.6842359893973767
TEST_05230,3.574742300687313,-1.0677281725537777,0.965351853020072
TEST_05231,2.612694587083876,-0.06679525849866867,-0.10532288606810569
TEST_05232,2.7289048689187765,-0.1489769986768961,0.24373690400099754
TEST_05233,3.135443469283551,0.22090161795437335,0.5280246994167268
TEST_05234,2.7783705867304205,0.023354467069696634,0.08607122368557751
TEST_05235,1.388904159283489,-0.30165992635548117,-0.2006751376094073
TEST_05236,2.7866139099559786,1.1363202005732282,0.009899925250589848
TEST_05237,2.4336451857066153,0.8394898036378622,-1.075115424478054
TEST_05238,2.5653158367124944,-0.5225754172542095,-0.40908560907524827
TEST_05239,4.2467722943478226,-1.4934523984758854,-0.39335042017996313
TEST_05240,3.4741280122594835,1.134952511356281,1.3251345128387213
TEST_05241,5.275772773487359,1.9723239118874072,-0.27450173416817186
TEST_05242,4.443212209233284,0.027953838976740836,0.92638895189929
TEST_05243,2.6043415708773137,1.456608231093645,0.8487168346289397
TEST_05244,1.781964497838974,-0.22637975774413346,-0.2175360838907957
TEST_05245,1.8904484285838603,0.5143914442180991,-0.33381029091286657
TEST_05246,1.6415298735414743,-0.5729231234871149,0.13737010395923258
TEST_05247,2.22918747563605,-0.9186962389485837,0.7866839237334728
TEST_05248,5.653313245199204,-0.0022223608322143526,-0.6679403032312393
TEST_05249,3.519549428121328,0.08240064554214478,0.15433867822122574
TEST_05250,2.6381061284251213,0.6137231407953501,0.03993023748397827
TEST_05251,3.9964250637705323,-0.1648424533483982,-0.26551995452904703
TEST_05252,1.4577620953383446,-0.1766743872257471,0.04603414483135938
TEST_05253,2.782555610721946,-0.06257263438081742,0.23134055113250018
TEST_05254,1.142018561090231,0.8133423545993567,0.4298172002054751
TEST_05255,2.5951053112516402,0.008369578170040623,-0.1157600796368122
TEST_05256,1.1358454490079581,0.35882032467471064,0.08666680790290236
TEST_05257,3.1427281059947014,-0.25514302254533766,0.5438411762853861
TEST_05258,1.7071284925410524,-0.8826231377730965,-0.7646701141966581
TEST_05259,1.8465700429526568,0.7957731829913258,-0.46870908140058815
TEST_05260,1.655127380739212,0.040733581944346425,0.3566125877649337
TEST_05261,2.748684075225711,0.06920355992805957,-0.012484916457951068
TEST_05262,1.3282728373930455,-0.3600501032145023,0.28609859706264734
TEST_05263,1.9635236528947353,-0.6970074264870882,0.2895467378967479
TEST_05264,2.2917573257160186,-0.06796494073787332,0.5134708430125118
TEST_05265,4.079040936176181,-0.735702661522448,0.7098655724050105
TEST_05266,3.2964975126253666,0.4054524729297161,0.2563700162680149
TEST_05267,3.7959180431537627,0.7613414875283837,0.32562170872804524
TEST_05268,3.0418650056123733,-0.5883500975145847,-0.13359935184264182
TEST_05269,4.091835554587916,-1.0036827724229098,-1.1991083923248052
TEST_05270,4.92206885794048,-1.3216436586294174,1.7571678549686671
TEST_05271,3.036509663580954,-0.0674314570298791,-0.14671913030034303
TEST_05272,2.7638234347011448,-0.7661721387326718,1.386512887612462
TEST_05273,2.470193669547081,-0.12220917964458466,-0.14679396019148827
TEST_05274,1.4128559408574104,-0.0363494982868433,0.5147841748250276
TEST_05275,0.8143207613090873,-0.28412861286985874,0.13960009409609436
TEST_05276,3.507933689036131,-0.7673012381355763,0.24206254642927647
TEST_05277,3.0040704378995895,0.44538202451592684,0.8224349065753221
TEST_05278,1.6292252528607845,-0.44518916452836993,-0.567251040063262
TEST_05279,2.4931516242141725,-0.008121580092430115,0.7972306164953112
TEST_05280,3.934016640491009,0.4242275167027116,0.5263822023124695
TEST_05281,2.9660864999658165,-0.22555493897876144,-0.8843070887549221
TEST_05282,3.992801251246929,0.49287846176415684,1.3874979047369957
TEST_05283,1.6861275568549634,1.271342042791903,-0.42788892662236094
TEST_05284,2.0843382477173806,-0.7978889681866169,-0.12484400634205342
TEST_05285,2.548800861075759,-0.8975048399169445,-1.010175233218547
TEST_05286,3.3779191124379633,-0.17644497038400173,-0.20407695139348506
TEST_05287,2.2471095221933126,0.022249918662786482,0.8042165537602305
TEST_05288,3.855950923860073,0.8092991579765976,0.4941940182906091
TEST_05289,3.004853006092578,-0.20959375722646714,0.31305173783761264
TEST_05290,1.8221858736088277,0.2459552427276373,0.3659023153848648
TEST_05291,2.577798915013492,-0.04287019131106138,0.4155238404456377
TEST_05292,1.299659607105255,0.14945945699352026,0.17510634540060163
TEST_05293,2.0786923970013857,-0.05918221752882004,-0.04239321610724926
TEST_05294,1.250923046572566,-0.32581813295313716,-0.09192464080154895
TEST_05295,3.458529167306781,0.5717151344559193,-0.6218605854207874
TEST_05296,2.4481927979297042,-1.2044514767723085,-0.7231299513970614
TEST_05297,2.9656649144990443,1.0188318961658478,-0.6330477080984116
TEST_05298,1.9959127752033472,0.38634807583224773,0.048180352474048734
TEST_05299,3.3543387826526163,0.5974715172479153,-0.5754370361660719
TEST_05300,2.782450678732455,0.3277695510504246,-0.8448903443496227
TEST_05301,2.0378003754601477,-0.6005948313031793,-0.09775805259271711
TEST_05302,1.7082530941113234,-0.22958023090195656,0.07266982205337286
TEST_05303,3.1905816250556707,-0.60748059729141,-0.8604977295242549
TEST_05304,2.8300549921450613,-0.5448523110100031,0.26566864265194534
TEST_05305,5.034040653470933,0.2498533636562526,-0.770594083901763
TEST_05306,1.6587381670792103,-0.06237874793851375,0.12159664243945478
TEST_05307,3.987165472226739,-0.6985537092710733,-0.4531498642647266
TEST_05308,2.0168676945700645,-0.5599516340813637,0.3793881634822376
TEST_05309,1.8191723885493278,-0.820082344120264,-0.51882328343153
TEST_05310,3.3256934695988893,0.02643593046987057,-0.2403411928553581
TEST_05311,2.553837890664101,0.9142732748191357,0.6290580819599628
TEST_05312,3.9150410342161654,-0.7685779255859851,-0.791089107558012
TEST_05313,2.5906738356708288,-1.5720163166084886,-0.5465946780686378
TEST_05314,1.5860446039795875,-0.3747998724734783,-0.11926940140002965
TEST_05315,1.8789539262969495,-0.13604828259530663,0.05766430227853358
TEST_05316,2.3622505947716235,-1.2105617971260547,-0.70451571261549
TEST_05317,2.9469479556031226,1.2331649548149108,0.6969151183273792
TEST_05318,2.434674359806299,0.33823376980933545,0.3785867134937048
TEST_05319,5.503854828902006,-0.08654160016512871,1.5961669622700214
TEST_05320,2.9476100297650696,-1.032739076314226,-1.0686603448482155
TEST_05321,2.081192707679689,-1.1082874447921067,-0.637655005494669
TEST_05322,4.001880940339923,-0.09554445759224892,0.13650698095560074
TEST_05323,4.44224108970952,1.5521272250051499,0.04685403591823578
TEST_05324,2.3970469978151323,0.9725336699753999,0.01009488145198673
TEST_05325,2.0395119675402045,0.2924935332018137,0.6385065226342678
TEST_05326,2.782056051736951,-0.5437168235063553,0.5438064381135106
TEST_05327,3.5217461828838585,-0.45074327417707444,0.6573668115234375
TEST_05328,2.272703497759819,-0.6032991279452741,-0.7996420649471283
TEST_05329,2.573274708311558,0.33815184075164795,-0.20234199358582497
TEST_05330,2.307657391925335,-0.4795950455856324,0.1464790570102036
TEST_05331,0.785401670754671,0.33602199438607694,-0.05448755882017314
TEST_05332,1.1565429682917594,0.2547947191695571,0.05996518395215273
TEST_05333,2.019929393996477,-0.7381296483461857,0.20405192249891163
TEST_05334,0.9852994887566566,0.36377882753370705,0.022562123306244613
TEST_05335,1.2271190131411553,-0.04978446315860748,-0.14567033212751151
TEST_05336,2.7606245557172224,-0.3995867739037126,-0.047922839670091866
TEST_05337,2.8937111934885977,-0.9286210978455542,0.7648758110260964
TEST_05338,3.3918651574020386,0.1256174527631402,-0.24013950348496438
TEST_05339,2.3960915440132617,1.1559942963389718,0.44924865093266964
TEST_05340,1.7034671022979022,0.0675442400058508,-0.10937091458886862
TEST_05341,2.7769980771915614,-0.4261707684490681,0.621110049420476
TEST_05342,1.6162016353393793,-0.018445481048583984,0.1318627532158494
TEST_05343,1.759771239738226,-0.6703696986505985,0.35295357000744343
TEST_05344,1.1082287733933927,-0.22081640732455254,-0.0843460470122248
TEST_05345,2.0643343599163293,-0.4833838888260126,-0.3571752091614604
TEST_05346,1.871284650557816,-0.5612377083641291,0.5045495707188845
TEST_05347,3.4739193694646358,-0.24993193018317222,0.1111776758312583
TEST_05348,2.3169922424883844,-0.42676934218764306,0.3640118842507601
TEST_05349,2.7883973024299147,-0.543018678246379,-0.18944489718797802
TEST_05350,4.3748734816932675,-0.7383818527398109,0.5548164291390181
TEST_05351,2.44291025980404,-0.5296533898683786,-0.7055308682861328
TEST_05352,3.056820909603834,-0.7652595110913515,-0.9636829000644683
TEST_05353,3.4536940194318295,1.7626437814028264,0.8538593336192369
TEST_05354,1.1481559095959664,-0.23814103410691023,0.2245110246226713
TEST_05355,1.8075192206983566,0.09328289720892906,0.07936261119711399
TEST_05356,2.8440544881316425,0.22099886649906636,-0.4317733786008358
TEST_05357,2.1122675225529672,-0.26055719174468517,0.37872282774305344
TEST_05358,3.9808838838782012,-1.0767880225026607,0.880930295399189
TEST_05359,4.253909370184422,-1.3461694494712353,1.7187264130371214
TEST_05360,3.6225559632151723,2.2714397167036533,-0.5762307907600999
TEST_05361,3.9656448547286987,-1.908121239339888,1.5410688734169602
TEST_05362,3.2678564165293573,1.2160017151415348,1.1721897272850275
TEST_05363,3.608797121412754,1.9788115687923433,1.0202347335464954
TEST_05364,1.9920066827201843,-0.28633998383891585,0.34283911616057156
TEST_05365,2.038290154393077,0.41895267539644243,-0.41756861773592235
TEST_05366,4.031416217679262,0.04723898409795761,0.19567041256156564
TEST_05367,5.210698248576403,-0.30418532136678694,-0.24843497180771829
TEST_05368,4.098455482912094,-0.7623713567797691,0.6401204732808917
TEST_05369,3.5130580731811376,0.2744294380066395,0.5005014176251888
TEST_05370,2.8344122249566017,-0.1299656261715889,-0.17487358823233842
TEST_05371,4.005828550393105,-0.5422330851633846,-0.10715045670294762
TEST_05372,2.539683483813524,0.2917598239802122,-0.09369698422908784
TEST_05373,1.6388535356266796,0.4640491171539426,0.1554910926297903
TEST_05374,3.2809155108048915,1.2282867806771993,-1.193470001555562
TEST_05375,2.2636821889448164,0.12462238915753365,-0.17517190442347527
TEST_05376,1.9043603667606712,-0.4450672607752085,-0.48769646842503545
TEST_05377,3.8296221708108185,-1.8977674643528462,0.4963998921046257
TEST_05378,5.613277342333078,-1.3552920174132586,0.5165644969554544
TEST_05379,2.8436067079636866,-1.2006999977822304,0.5283006081861258
TEST_05380,2.2358069979662893,0.51234530484581,0.45374131474757196
TEST_05381,3.7180250239705144,0.29348997890287637,0.4933977764673233
TEST_05382,2.0995533397461177,0.35104841514632107,-0.39626693421828746
TEST_05383,3.8959266856342554,-0.5959687731211185,0.23277032679224013
TEST_05384,3.826482945197761,-0.6337256392959356,0.19305680024051666
TEST_05385,1.7171162158346176,1.2889047204493658,-0.9612571193166375
TEST_05386,2.3721985396574734,0.27079361459362505,-0.40161809772250057
TEST_05387,3.748505670021653,0.7913240754266679,0.33354122796052693
TEST_05388,1.9362443472046853,-0.6786354128417372,0.05502289590168
TEST_05389,4.163397098405123,-0.5361663092296124,1.0077665287632942
TEST_05390,1.0938823867645264,0.06530663241130114,-0.12386679125961661
TEST_05391,2.0583287188892365,0.15951431627607346,-0.30426032951533794
TEST_05392,1.6349981853103637,0.8011550093587637,0.06859305954957008
TEST_05393,2.2866155349580644,-0.7289979480166435,0.06127261529791355
TEST_05394,2.667819642762184,-0.28094067690730096,0.16515295037051103
TEST_05395,2.2574132794132233,0.2992225742485523,0.7983130650224686
TEST_05396,2.3018585081404446,-1.0310570525516272,-0.17059272897857428
TEST_05397,1.3904143557741642,-0.1884600674698353,-0.13024793897938727
TEST_05398,1.110628036796093,0.009724728205919263,-0.23436094359436632
TEST_05399,2.723647952940911,1.222313192010522,-0.5266322534160018
TEST_05400,2.472121879739523,-0.452220221613422,0.6063139845025539
TEST_05401,2.223899671300292,0.6540041195352674,0.22786713331649452
TEST_05402,2.037905740564346,0.4473742260988951,-0.11857972200536729
TEST_05403,1.3085223906536996,0.6615309659214615,0.21278312707835437
TEST_05404,1.8735543614840509,-0.3639219533082247,0.2246291445375234
TEST_05405,1.0284335049848556,-0.026219141723632815,0.13135594568157197
TEST_05406,4.2253881306350305,0.6212212716796398,1.1489556272892951
TEST_05407,3.838301001955509,0.6324025344000459,0.46377116566586496
TEST_05408,3.16420660672611,1.2234109456994533,1.3283765513318182
TEST_05409,2.978691090939045,0.4614829625816345,0.1695324468500614
TEST_05410,2.6448153874335287,-0.26348932081472876,-0.21584945014476775
TEST_05411,3.2129367510905267,0.27552900597405433,0.12344663833796979
TEST_05412,1.9486383794865607,1.1772123228342533,-0.745167917859435
TEST_05413,2.398677255268872,-0.21734458501696588,-0.03989302697777748
TEST_05414,2.242436855314016,0.7310888179537914,-0.8947962962019443
TEST_05415,3.0296615454256535,-0.12166867317557335,0.044563491648912434
TEST_05416,2.1291738231836557,0.1893208987493515,0.8958477589038759
TEST_05417,2.717863439846087,-1.4435908220214844,0.5572928568301201
TEST_05418,1.9450414719278812,-1.547910602092743,-0.851831392015338
TEST_05419,1.5228101460599899,-0.5405775880956948,0.10209763777333498
TEST_05420,1.690177620164156,0.04237192089569569,0.038287350109994414
TEST_05421,2.2885460534581914,0.14766765808469057,-0.8854194867706299
TEST_05422,1.1681880559920073,-0.09059970824360847,0.11286683237922192
TEST_05423,3.0740018709568977,-0.5292120798705816,-0.7009906993923187
TEST_05424,3.155645664752364,-0.0447857125685215,0.1045370614976883
TEST_05425,4.8937720770449635,-0.38701806931620836,1.1315079573796987
TEST_05426,2.6852248083572388,0.32562644351375103,0.09849279355275631
TEST_05427,2.5843606682260036,0.10803929751747847,0.7231206246455312
TEST_05428,1.7844012626973391,0.532201202630043,0.05800558879663423
TEST_05429,3.438712969775975,-1.3008358867312073,0.8478549844720662
TEST_05430,2.239536735760927,0.19838389848554133,-0.5120900548890829
TEST_05431,1.1314365587228536,-0.012021781718730924,0.08119024572038651
TEST_05432,2.3767943463214936,-0.7978382076265812,1.2361925877194404
TEST_05433,2.5868231918792723,0.21739522952109575,0.5492231247043758
TEST_05434,2.999141136816144,-0.30605371067249776,0.09162868480181693
TEST_05435,1.9159120548465252,-0.5886611159737111,-0.11319391280514002
TEST_05436,4.58165399316287,0.37565784486579895,0.7868998699044436
TEST_05437,3.440771427569747,0.1383605687055588,1.0249069157435895
TEST_05438,3.9661336788912416,-1.3722504769568444,-0.14968992271125317
TEST_05439,4.668136015504625,-1.2782184330476523,2.4359691746977568
TEST_05440,1.8124759895334244,-0.6590824519934654,-0.24493231215026973
TEST_05441,2.65980543497324,0.9517595736091733,0.6118884816155881
TEST_05442,3.026153681404024,-0.7125677308332921,0.3279521266596466
TEST_05443,2.885677390819311,1.1134474811450243,-1.3545737093777062
TEST_05444,3.295510243076682,-0.7697770449391603,0.7474218470846414
TEST_05445,2.6721580851917266,0.5074459190644025,-0.008358798984050751
TEST_05446,1.8263292457489968,0.613500986730516,0.3763785921808481
TEST_05447,4.296080084573507,1.2366395039207936,1.209658743668616
TEST_05448,3.026273738259196,0.4835450148904026,1.1689513602871149
TEST_05449,3.2055222276570796,0.1449940162332058,0.5306252479757071
TEST_05450,3.2345951296777726,0.2013737805452347,-0.112155168456316
TEST_05451,1.8434425119924844,-0.39644025628596546,0.5561230659413636
TEST_05452,4.575874938582778,-0.7326709037108421,0.9806570490447282
TEST_05453,1.5324752975109817,-0.2268267889969051,0.19525422809696197
TEST_05454,3.442905663232565,-1.105239577277422,1.1364499601415397
TEST_05455,2.8697843440283535,0.46446530598592756,0.4857967451028824
TEST_05456,3.0301151975598337,-0.17629869939315318,0.570054037614584
TEST_05457,3.561926498680472,-1.5017641250231266,0.814986562042959
TEST_05458,3.1630118390300273,-0.7107111711511612,0.4976859377566576
TEST_05459,3.549281376498699,-0.9066418448505401,-1.1145322978008985
TEST_05460,3.2005292028796672,-0.5035353325283527,-0.38079182087111474
TEST_05461,1.235774807157278,-0.5004241190541386,-0.4213447361575365
TEST_05462,1.7240715327430367,0.5374379516201019,-0.5840245555411577
TEST_05463,2.0341873618454933,-0.22077414022362232,0.6962484910030365
TEST_05464,3.1214239173300267,0.013619954894602299,-0.49654642960500717
TEST_05465,2.276051812730789,-0.7425439754550756,0.17832000316742064
TEST_05466,2.759580857053995,-0.007551091780006885,-0.1379437941570282
TEST_05467,2.5508642531283496,-0.6034278047439158,0.966837200488627
TEST_05468,3.1591382096917333,0.3556884523842931,-0.029701974899321797
TEST_05469,3.6078455257601143,-0.3108168002476692,0.12893243464744092
TEST_05470,0.9161553628294468,-0.2987506677880436,0.18648126800362766
TEST_05471,2.6761046324572564,-0.6127305706243515,0.11053193121522292
TEST_05472,1.9856538377689124,-0.8481314922394753,0.07160945651268959
TEST_05473,2.8023639221227468,-0.3660336981499195,0.1458051615381241
TEST_05474,2.8869028241328003,0.543864210983254,-0.48610581159162525
TEST_05475,1.3921980537617207,0.298534661267519,0.33786538557815554
TEST_05476,4.428693422297597,-1.1183750996246338,0.66516342971766
TEST_05477,3.035397577179432,-1.7173786446238757,0.42976247905015946
TEST_05478,3.4447940632021425,-1.280231909831941,0.018170959751725196
TEST_05479,6.117365755922079,-0.13843297017097472,0.3664820595217943
TEST_05480,1.240359817434311,0.2368003439157009,0.12219902745234221
TEST_05481,4.299774947523594,0.17930050168567896,0.41795961819934846
TEST_05482,4.1921263647786375,1.2519640469493867,0.5957326718151644
TEST_05483,1.9883419536271096,1.293925272996068,-0.6027765268690288
TEST_05484,2.487093464413643,0.06841560999679566,0.358238868983835
TEST_05485,3.053818945885539,0.6098174410117865,-0.03880054219873995
TEST_05486,4.429665553329289,0.03370385232341289,0.2642352240409553
TEST_05487,4.902966485373974,1.3342363433151245,0.3164180004184768
TEST_05488,2.2371146112526654,1.0485928738026022,0.8506873352551013
TEST_05489,1.979119072869122,-0.10062618670916558,0.22553002043855191
TEST_05490,2.1779806615457535,0.09706065454411507,0.3688386550706625
TEST_05491,3.4745038098469974,0.04151173224294186,-0.2537504289711118
TEST_05492,3.7919632816841604,0.9180646610329151,-0.06280655233591795
TEST_05493,1.5099769928881823,-0.6420883552459479,-0.3954996456436515
TEST_05494,2.140380593876958,1.579399570946455,-0.33062046293234826
TEST_05495,2.9646769156290294,0.06065180154973268,0.20314415697720647
TEST_05496,1.5868099712982178,0.13101628692913056,0.8735642834794521
TEST_05497,1.7100497291111947,-0.11469647727966309,0.6626961598939896
TEST_05498,2.96879123906374,0.3524315297664404,0.26208646494707466
TEST_05499,3.495892057956815,0.4252236539521068,0.7281334206017256
TEST_05500,1.3903976344927549,-0.44208991753065585,0.06024531110381335
TEST_05501,2.956400184216261,0.4698776449831724,0.29712984539783
TEST_05502,2.2774411905524135,0.47764978719124196,0.6609831251242161
TEST_05503,3.3890760778163207,-0.8084552237634659,0.40995712548619506
TEST_05504,3.5434107011544707,-0.5416316851323844,0.16105688289928438
TEST_05505,4.532733509576082,-0.41252376682245734,0.5330154196867943
TEST_05506,3.185578400594711,-0.5090184951974154,0.08371015687090158
TEST_05507,1.5508839952754974,0.14736030911907555,0.3704168226731308
TEST_05508,2.578031778220981,0.3876243336622715,-0.3873135855307579
TEST_05509,3.44038601556468,-0.8699115327157975,-0.024882386264540254
TEST_05510,3.9757846924273967,-0.0980933703442812,0.8241328345443011
TEST_05511,1.3891026324481963,-0.5054972458789349,0.3478557099953592
TEST_05512,1.237920630587101,0.256189476917386,0.00813456181704998
TEST_05513,2.6602080390928386,-0.5941932025177479,0.6238375575450659
TEST_05514,2.2918237405571937,0.40003661127614976,-0.08370037700867652
TEST_05515,2.1512394515464304,0.14014983079624177,0.037935865824460985
TEST_05516,4.833190288701474,0.9983027752461433,0.7312666781916022
TEST_05517,2.360487286614001,0.8961065211598873,-0.1947419259325266
TEST_05518,2.5782522862050534,0.16582544564938545,0.7047039552878142
TEST_05519,2.778746110999584,1.5749192744027376,0.1299134719972536
TEST_05520,1.4949598658018113,-0.6203196303742528,-0.29420122259533404
TEST_05521,3.0773908557534218,2.160230845932722,0.13045037449397145
TEST_05522,1.2351765320384502,0.043286102629423145,-0.5444199652161003
TEST_05523,3.6966089890042544,-1.1060117190868854,-0.7348889089838266
TEST_05524,1.443150594787836,0.33988914529693126,0.26790676001089814
TEST_05525,3.075611689936757,-0.22681935218894483,0.49077239609575274
TEST_05526,1.546364018471241,0.21523279009836913,-0.3969546651890278
TEST_05527,4.195915855347991,-0.15718164942288398,0.6902959923374653
TEST_05528,2.2153257800552844,0.5231796891884803,-0.0910107710814476
TEST_05529,3.2874592520843744,-0.16775225002384186,0.2698447898442745
TEST_05530,1.635884633014679,0.09708729336333274,0.23874721483135222
TEST_05531,3.105756991750002,0.38812484000873565,-0.8574524478456974
TEST_05532,1.254987122836113,0.3075818837608099,0.4482567097696662
TEST_05533,2.250732012861133,-0.1361467500822544,0.305779577790793
TEST_05534,2.0725353409193756,-1.0623990575830937,-0.011638087449371816
TEST_05535,3.279893943317652,-1.0382614868203401,0.6033287894547283
TEST_05536,2.7265283202775827,-1.5350304557834267,-0.6493257130169868
TEST_05537,1.5609719249978065,-0.27204801382660865,0.2690671056959629
TEST_05538,4.833547711232722,0.5377770635584593,1.7338892482523918
TEST_05539,2.7476983426836727,1.3510312223644256,-0.773020923032403
TEST_05540,1.9665338759924174,-0.10915865013763308,-0.2758574848187566
TEST_05541,3.6585134570457933,0.3073346326172352,0.9834200321247577
TEST_05542,1.7676135664958954,0.45987695674735307,0.0036061251857280735
TEST_05543,3.0691046664482355,-0.005025375980645418,0.36026130481022595
TEST_05544,1.0548719730232954,0.2224901530391574,-0.04647358970826864
TEST_05545,5.827510353770614,-1.6171831063061357,0.36034640979458393
TEST_05546,1.567926479787588,0.768807984808743,0.037577430855847894
TEST_05547,3.8108197523608207,0.03403413713864982,-0.01916857626286149
TEST_05548,2.7043868909008504,-0.007553926562786105,0.06381739957785607
TEST_05549,2.515234953367591,1.0465151591463089,0.19719194351685046
TEST_05550,1.974047400618553,0.7553084316692948,0.46718294040197134
TEST_05551,1.8065526466741562,0.15018424602091313,-0.3461715029695034
TEST_05552,2.2254930140268803,-1.1446926586037873,-0.4968480151779652
TEST_05553,3.0711463738499285,1.1819786568750144,0.12026989012759924
TEST_05554,3.536786193995118,0.5276485034002065,0.014027406115233898
TEST_05555,1.6806638893716335,-0.4422046171442419,-0.21800912644678355
TEST_05556,3.8827898551909925,0.69014964026165,1.197715967573166
TEST_05557,2.493165660557866,1.3875321555469036,-0.19380891689276694
TEST_05558,3.3017184566369058,0.6927701622158289,-0.5969644398581981
TEST_05559,5.0677521651161905,-1.42919298042202,1.6508358219528199
TEST_05560,2.187418864105463,-0.7545651194181442,0.07323111104869842
TEST_05561,4.351738683947027,1.7048233121333123,1.16349151507771
TEST_05562,3.8615486891934276,-0.09237417182087898,-0.050053224687814715
TEST_05563,3.31976455170995,2.1117502786970137,-1.3163790991467237
TEST_05564,2.50150046982193,-0.6234868439302444,0.028939977852106093
TEST_05565,2.2333055953116268,0.7840246395058036,-0.7269561037504375
TEST_05566,2.9846108972575665,0.2537495138738155,0.15415335164839028
TEST_05567,4.483056950801134,0.6272487163238525,1.1971690861675144
TEST_05568,5.331326675883353,-1.5032314648153782,0.0057334189228415485
TEST_05569,2.2163857438631056,0.5369082213768959,0.2356759228822887
TEST_05570,2.463023248544529,-0.1986736046383977,-0.7196620119559765
TEST_05571,3.618376427215338,-0.2596712858997583,-0.43679048628902434
TEST_05572,4.360962785962671,-0.9075324567822218,0.7893523264350295
TEST_05573,1.245604997560978,-0.22066854417097567,0.13434443771576882
TEST_05574,2.967141121098101,-0.05283527901625633,0.6428227215086222
TEST_05575,2.1107494699536713,-0.7718088382502795,0.3086950755165219
TEST_05576,1.7620399723079503,-0.6674483790198564,-0.6182720869854689
TEST_05577,2.5080987573671343,0.7409135776703852,1.0501021456416249
TEST_05578,4.672580802722126,-0.834479825432241,-0.8038930544056893
TEST_05579,2.5019404714906215,0.6537261698591709,0.20098268355211615
TEST_05580,3.2190959547684193,-0.2510988123240173,0.3938597725262642
TEST_05581,3.0353442081336977,-0.04208153670477867,0.1120799432902336
TEST_05582,2.19310843715325,-0.7387290197693408,0.7694674030683041
TEST_05583,2.1687287204135655,0.03790249635052681,-0.29977249079436064
TEST_05584,1.620284686596155,-0.18673019577538968,-0.38860168117120863
TEST_05585,3.5041334758961202,0.09660929622197151,1.3369236678107976
TEST_05586,1.531500713947773,0.5151574156495928,-0.281167159512043
TEST_05587,1.8231692727062105,0.6331647545687854,-0.3223478187292218
TEST_05588,2.5579769787658675,0.007133271265476942,-0.12674116464215518
TEST_05589,2.916225654564947,-0.8309977417783737,0.1558015978254676
TEST_05590,3.568762840287685,0.6190416520547867,0.4092597832913697
TEST_05591,2.418993767870188,0.6034565152580738,0.43140672934246066
TEST_05592,1.716484483805418,1.143537156649351,-0.03676316993522644
TEST_05593,2.6712375602726937,0.4379728072196543,0.07321836241912841
TEST_05594,2.3183728661515715,0.3651408151570559,0.027410058031141757
TEST_05595,1.7601929555339813,0.6038213098685146,-0.3289619199323654
TEST_05596,1.7509402326197625,-0.9870975790197849,0.5224107705053092
TEST_05597,2.010957922323704,-0.864929789895773,0.2860441202444136
TEST_05598,1.6838658442604542,-0.11235248966276645,0.5225125514800548
TEST_05599,4.644068446786836,-0.8308266426483393,0.2769303465577066
TEST_05600,4.595099728086397,0.6709928962385654,-0.6182178878226876
TEST_05601,4.6300223791633845,1.7672818327216506,-0.6918714548056125
TEST_05602,3.74551072223115,0.361049671661973,-0.46303191296291346
TEST_05603,1.449783510987997,0.8286715086679458,0.09046188819535077
TEST_05604,2.3722488168781997,-0.41495239341157675,0.8802890053878426
TEST_05605,2.108204148327589,0.6342188491594195,0.06441575742387771
TEST_05606,4.365655044172272,0.7005050172601939,1.0470108291795255
TEST_05607,1.8832404167013168,-0.2608099088974297,0.3549529063893426
TEST_05608,1.1558135879836082,0.5067986006681919,0.2323733400221765
TEST_05609,3.355367016890049,0.30687544486153123,0.23004429057407377
TEST_05610,1.4359313436481953,0.20054500866627692,-0.4070797045401335
TEST_05611,3.372937182299614,-0.49221998479172585,0.15660977689552308
TEST_05612,2.2368806498656273,-1.293368551594913,0.8840151840853989
TEST_05613,3.2375509116294383,0.2759639069353342,0.4436514384808242
TEST_05614,1.1314033359302282,0.786695185170412,-0.565996831320852
TEST_05615,2.207299480334401,-0.6907397274388671,0.4225554453952611
TEST_05616,1.383586257318169,-0.4719419902639985,0.45390940372363475
TEST_05617,4.356030950314284,2.0898093763279917,-0.5747936584730148
TEST_05618,3.7883652549321654,0.582313729732275,-0.43514286027860644
TEST_05619,1.189843592641592,-0.6684324159431457,0.12094708653621375
TEST_05620,3.337100836749703,-0.34667513629484176,0.8306455041713119
TEST_05621,2.1265313528225422,-0.05647247499275208,0.6880873107466697
TEST_05622,1.9602685079936981,0.047974322565197944,0.43869433042263983
TEST_05623,1.5693772196694613,0.5948953425469995,0.12953740620698034
TEST_05624,3.9612070463728903,0.20326196331217886,-0.10975182157033682
TEST_05625,4.468498184957385,0.011098041122913363,0.5125389933402539
TEST_05626,2.3828765153303144,-0.44350703321665524,0.4141090621293783
TEST_05627,1.5781957262144088,0.43676368249475955,0.14704773703983426
TEST_05628,2.7370841764085294,-0.545498208843708,0.2518646025967598
TEST_05629,3.90455828008008,-1.1067045689129829,-0.7054209564423561
TEST_05630,2.812406728451729,0.28073115179002284,0.07391507413101196
TEST_05631,2.2418943887671827,-0.7777638353139759,0.42424148778307436
TEST_05632,2.3705215212541817,1.5993034893190563,0.010130703401952983
TEST_05633,3.659555662762046,1.023663131988883,1.4791791252205373
TEST_05634,1.4224623790459632,-0.07379002413845062,-0.024833815247476104
TEST_05635,1.665519731780052,0.17939517350554465,0.1207876075937748
TEST_05636,3.41156118618536,1.409899427635871,0.9523019542762041
TEST_05637,3.3127449595527647,-1.3172395365152358,-0.7593016463057994
TEST_05638,1.0705369615459441,-0.26582290562927724,0.3378836107738018
TEST_05639,3.2194831395376027,1.6271867069457768,0.504533043339774
TEST_05640,3.4456637742123606,-0.498395374019146,0.9295275444148778
TEST_05641,3.3846990579617025,1.1381690835235492,0.5142560893051327
TEST_05642,1.31752719670403,-0.16557817983841897,-0.17746328686106205
TEST_05643,4.17501575350672,-1.2103262714084984,0.6185541713682711
TEST_05644,2.3551892955374716,0.7948208687995673,0.3933599346785545
TEST_05645,1.5428166674439907,-0.00988529662501812,0.00596710915838182
TEST_05646,4.241389822000265,1.4187485150350332,-0.5438615474615097
TEST_05647,2.6818256319715976,0.9988615734287425,-0.038662638736397026
TEST_05648,1.1570961149082184,0.6611192210664749,0.5159282470442057
TEST_05649,1.9213721110391617,0.7031627949398757,-0.08921168141222
TEST_05650,2.2055085525841713,0.006026028562307356,-0.3666186414923668
TEST_05651,1.1408259261199236,0.15241190212082864,-0.16610927720099503
TEST_05652,2.5781967609299423,-0.03005889736390114,0.14784001808655262
TEST_05653,2.9233613786518573,-0.2643645927119404,0.2898763901563883
TEST_05654,2.500557525570631,0.7657921444227695,0.975782943330884
TEST_05655,1.7413423477413654,0.47584994541972875,-0.4281988265769482
TEST_05656,1.970310835747242,0.6225863166623116,0.7895928367524743
TEST_05657,3.0263467360179424,-0.12855767966127396,0.773452956435442
TEST_05658,4.652121974226117,0.8616281015920639,0.9327598681809455
TEST_05659,3.683010224355936,1.1234443901940285,0.5896374434425309
TEST_05660,2.161701170248866,0.20382615538096427,-0.3782609019092321
TEST_05661,3.0293175037707685,-0.3097885448563695,1.5250396112530828
TEST_05662,1.6353993316833377,0.18598714806103706,0.28723524732238054
TEST_05663,3.4886738967395425,0.5771703245930672,-0.3719847553550005
TEST_05664,3.1303039565370083,-0.2290191912034899,0.2775426641270518
TEST_05665,5.556300120482236,-1.888648068359703,-0.6485758512005806
TEST_05666,2.9503647743246555,-0.5438482725978494,0.6726267126556039
TEST_05667,3.61255846651122,0.307721295030117,-0.2504607363650799
TEST_05668,1.8267507797394396,0.3726794107518196,-0.404938201202631
TEST_05669,3.1357787800815107,-1.8692864616291522,-1.111678372402072
TEST_05670,3.5710580361385347,1.3006717607172729,0.7815793067736626
TEST_05671,1.1756374855120182,0.17634123511439562,0.108428072697978
TEST_05672,2.6386135865852833,0.578727614634037,0.4554022725241184
TEST_05673,1.608420452685356,-0.1230428589770794,-0.008116059627532958
TEST_05674,3.557999228956461,0.7179066980612278,0.0807446069908142
TEST_05675,1.9685346630350053,0.932698375266552,-0.6114334297745228
TEST_05676,4.484363912260473,-2.24342048852694,1.4735643659229876
TEST_05677,3.277631696463108,0.5891632962858677,0.6495532018809319
TEST_05678,0.9648054977408648,0.35464492396259306,0.3554845696347803
TEST_05679,4.8847755117596385,0.43000650307536126,1.5058874616491795
TEST_05680,3.01312036501503,-0.18544203158044814,-0.2520628717769384
TEST_05681,4.02758672914964,1.6640782948503494,-0.549771002588272
TEST_05682,2.1930285285685063,-0.593918336324215,-0.5132318520816564
TEST_05683,2.493512088697195,-0.46425858787584307,-0.0008773826959431172
TEST_05684,2.7895596251392365,0.19862529888221622,0.7561225297455788
TEST_05685,2.2455473011595606,-0.1162550325331688,0.7885502777516842
TEST_05686,3.099490431391299,-0.666339041060552,-0.46766758067670466
TEST_05687,3.6427558145940004,0.7782778717467748,-0.5670991765255332
TEST_05688,1.1030543547999858,-0.5140515542932749,0.04524055179226398
TEST_05689,3.342567186887264,0.199965957234025,0.18993018834382297
TEST_05690,3.2087887173662186,0.5529773625811041,0.29847631010359527
TEST_05691,2.3504785230759384,0.07884412410855293,-0.826084702983737
TEST_05692,1.343287038603902,0.6837043679469824,-0.014594100443430244
TEST_05693,2.5527266453042476,0.10853220092105864,-0.2198416571815014
TEST_05694,1.9023945787222385,0.6400290622282028,0.19361268207347393
TEST_05695,2.3645590741462708,-0.2521449980701208,-0.5629604130785465
TEST_05696,3.211142095456123,-0.44037830714952947,0.44176758044433595
TEST_05697,3.016483157310009,-1.1932627913565637,0.4330167692472935
TEST_05698,2.8896645049805643,0.3220357247869968,-1.108102441793084
TEST_05699,3.9976542737389806,1.547227653069079,-1.2551988400635719
TEST_05700,2.7399466517932414,-0.21192849911858141,0.21003892609310149
TEST_05701,2.900049598693788,0.09145724125015736,-0.9714249419444799
TEST_05702,1.6589939435381889,-0.11682391196012498,0.36661148270833493
TEST_05703,3.665816288626477,-0.07716280669736862,0.41304927234703304
TEST_05704,2.6964145282115934,0.293094639628619,0.0493934320499897
TEST_05705,1.39363669146204,0.28395512577319143,0.6151286155757234
TEST_05706,2.0549761708013117,0.5545858486500382,0.5263569690442085
TEST_05707,1.295847911033392,0.05915363115656376,0.4422366618479192
TEST_05708,2.9907425132575036,-0.22980429070055486,0.5707946876847744
TEST_05709,1.9539086917984188,1.0966338670147657,-0.27736867154856026
TEST_05710,2.090443258896589,-0.8359105729234219,-0.7674625675164461
TEST_05711,2.2889041063263416,0.5834953112174273,0.42325942877197265
TEST_05712,1.3843019149006606,0.39589868373328446,-0.4129283202894926
TEST_05713,1.8456662603037357,-0.000416637815237042,-0.46163131329917906
TEST_05714,3.4148402629684806,-0.5724205360525847,1.2454466922559142
TEST_05715,1.4634229416663647,-0.3464900361907035,0.23171744912355394
TEST_05716,1.75102436083889,0.19560541661790012,0.08225588510733843
TEST_05717,1.8482330836274623,0.7211629195823669,-0.48429722487580773
TEST_05718,2.0031327563402055,-0.08987191726893187,0.8350197045500874
TEST_05719,4.876012566159368,0.70463893037045,0.6495600745091439
TEST_05720,1.4878114052369595,-0.5091661287658215,-0.1387391514378786
TEST_05721,1.7590486524862647,0.28023004027149456,-0.4461717707311958
TEST_05722,4.079727209272861,0.3859940238382146,-0.6926517681207657
TEST_05723,3.288740872673869,-1.6269839342222214,0.45034205605101585
TEST_05724,1.8214058537421227,-0.2738123662973642,0.29439656403791903
TEST_05725,1.8793581151366234,-0.4849040964075327,0.16212239661347866
TEST_05726,1.6850631171154975,-0.2892470749769211,0.09746073830759526
TEST_05727,2.085724408508778,-0.7971506201213598,-0.018489573535174133
TEST_05728,6.129372629850865,1.7124411766815186,-0.3801914268324375
TEST_05729,1.084110801419735,-0.33693794416880607,0.05359769627871364
TEST_05730,1.410851269345045,0.3309058779623508,0.1128282586401701
TEST_05731,2.217636342315197,0.26651999820938704,0.03874539526617527
TEST_05732,4.511317959398031,-0.6676611895345449,0.9429508259402215
TEST_05733,1.4928203124388457,0.2963746692562103,0.10448777417400479
TEST_05734,1.433385472285986,-0.28924219583305716,0.3141320780234933
TEST_05735,2.0006568867688177,-0.9904383340114356,0.008752984916597605
TEST_05736,2.497836001310229,0.7753563788419664,0.10229241662472487
TEST_05737,2.1639032670996188,0.20854085682249068,0.043990542334437374
TEST_05738,2.327588097215295,1.1814317875682117,-1.0624755120592415
TEST_05739,0.7797189404724241,-0.39245494006317855,-0.07206288761651516
TEST_05740,2.2191152405833305,0.4297878084349632,-0.8343364558048249
TEST_05741,3.1944225951287746,-0.2672872199382782,0.06161250583410263
TEST_05742,1.307038402217567,0.18310041752842068,-0.19765202512693406
TEST_05743,1.6866226580138206,-1.015403907604918,0.6859169274007082
TEST_05744,2.0227555348277093,0.05994709001201391,-0.16175662163776158
TEST_05745,2.0184962015554904,0.5271108989245892,-0.8439714610267878
TEST_05746,2.5533066815012693,0.07277963898688555,0.027622423988580704
TEST_05747,1.9684791579364538,-0.5574503627078533,0.5952564351086207
TEST_05748,1.9589682126927377,0.7070389379563927,-0.09688837662536837
TEST_05749,3.942508347623825,-0.6857575287585258,-0.9688050944013595
TEST_05750,1.169205297612667,0.6511034745396972,0.13637142672112001
TEST_05751,1.7031099509911538,-0.11954252080154418,0.036370233995795254
TEST_05752,1.966647953492403,0.8557561862132549,-0.4210228334803581
TEST_05753,2.1445951804528236,-0.1455546443898678,0.5649422819158136
TEST_05754,0.942549120718956,-0.3219349751633406,-0.005240162268221379
TEST_05755,1.3697043384494185,-0.3233304604594707,-0.11343674775588514
TEST_05756,2.0642051354494093,-0.4410138436912298,0.6169238822591641
TEST_05757,1.5472717608971596,-0.04908697754335403,0.138311238104105
TEST_05758,3.230087675867319,-1.2506591503418685,0.31537198569354413
TEST_05759,3.297509975809753,-0.6645045117875338,0.8014738517323137
TEST_05760,2.2049863830828667,0.9622133961546421,0.21558180081026257
TEST_05761,2.8768832138893603,-0.14662884353464842,0.1466630396677591
TEST_05762,3.6730386730898616,-1.5389460422524215,1.315792916826278
TEST_05763,3.7723410892296134,-1.4024002007856369,1.0532236838630438
TEST_05764,2.134790792098522,0.18020343232285976,-0.4726786055300236
TEST_05765,1.49077424559474,0.30062545704758165,-0.33018082346984745
TEST_05766,1.5532661373550891,0.011355329078629612,-0.26398296491372586
TEST_05767,4.476956184711814,-0.707333996493578,-0.5988954054560661
TEST_05768,2.3687508521710634,1.0273276458555758,0.0568507201769948
TEST_05769,3.0543411870422363,0.1300284205403328,0.25034946717739104
TEST_05770,2.687235774241924,-0.32912684750646354,0.07757540666484833
TEST_05771,3.6636431183862688,0.05354737402021885,-0.01355196725398302
TEST_05772,2.4051939689707758,0.8272061481611729,0.47547785076810417
TEST_05773,1.5651412942205667,0.2715733421446085,-0.2642191428118944
TEST_05774,1.1617647774443627,0.336526397551775,-0.10250556282567978
TEST_05775,2.1349153385152815,0.4119897460421324,0.06589919354611636
TEST_05776,1.0137401117910148,0.3752738480796814,0.5405408423831761
TEST_05777,1.1310061827586144,0.16700173102176188,0.08988574907955528
TEST_05778,4.565887555682778,1.5658557730460019,1.3792041794934273
TEST_05779,1.0653490697768926,-0.5758296905959063,0.1492363915798068
TEST_05780,2.0442810060128904,0.22616360511004924,-0.43317371608549354
TEST_05781,2.379474270445518,-0.35564031487464903,-0.9716342691348195
TEST_05782,1.352058150605917,0.012113471689552069,0.046829283683657644
TEST_05783,3.929255148750657,-0.00932012836822495,-0.43623740281748774
TEST_05784,1.3922429915206431,-0.2805443348442316,0.2624638772221133
TEST_05785,4.227409744727984,1.605272619780302,1.191060056640744
TEST_05786,3.012659798455149,-0.18004275455749036,-0.41271282578516005
TEST_05787,3.4616770383076667,0.691462951702714,0.14942234751866013
TEST_05788,2.430376728324413,0.7080571194448471,0.2156030132048726
TEST_05789,0.7658037744997144,0.02381391623711586,0.16449280873668193
TEST_05790,3.639275815482378,0.17002483414447309,0.6794328390443325
TEST_05791,3.0081668345718384,0.5397399333283007,-0.49268797050333024
TEST_05792,2.7089988957194855,-1.1231969174581766,-1.0986742532404066
TEST_05793,3.1162756215679197,0.17455994749099016,0.96505976979357
TEST_05794,3.1288118772964477,0.28085281120812894,-0.37712811947870256
TEST_05795,0.9607679770140648,0.46492267535215615,-0.07026408281216025
TEST_05796,3.8456494606194496,-0.47130436996304986,0.2488438433164358
TEST_05797,2.5734537122341394,0.8623555757581591,0.1632035376191139
TEST_05798,3.208270811200261,-0.9464480475920439,0.9043556971321106
TEST_05799,2.7543011710368397,-0.709166657902658,0.8271752184817791
TEST_05800,2.7607447756352426,1.3525625500896572,0.5378627531442046
TEST_05801,3.897339889955759,-0.6269610410118401,0.1694337280951068
TEST_05802,4.479726196469545,-0.996155346252203,0.016431424470007422
TEST_05803,3.3617447822927238,0.5553022901859284,0.094330571808815
TEST_05804,2.3448763593292234,-0.2535314453202188,0.7960217364379167
TEST_05805,1.6403191723891328,0.959391882117927,-0.5114527347683012
TEST_05806,2.578056273238063,0.2624252223359346,0.31575010811975596
TEST_05807,3.306873112294197,-0.5059095790483952,0.5270808817627579
TEST_05808,1.8337858622059227,0.5373071327871084,0.8979466841191706
TEST_05809,4.5780383189120295,0.5606843737840056,-1.1160232032701969
TEST_05810,2.4177207173614503,0.5980286610572935,0.08295670527982711
TEST_05811,4.225023323426008,-0.24774293493187427,0.5317678259036541
TEST_05812,2.690948267788887,0.8039809941277504,-0.8603613005952239
TEST_05813,0.9298711673980952,0.2920210187024474,-0.09740213539537787
TEST_05814,1.3944485657242536,0.023479489596009255,-0.3656596901829839
TEST_05815,1.5017305694141387,-0.7178893245382308,0.4085643759328127
TEST_05816,2.994673270434916,-0.484084852583617,-0.47257485491919515
TEST_05817,1.4611015809559822,0.5232020380001068,0.10400888817214966
TEST_05818,1.906000512034595,-0.13714282737636566,-0.9290261281113178
TEST_05819,4.544990565474629,-0.7996803357044459,0.411855142727077
TEST_05820,1.0028303941066266,0.043954994395732874,-0.12777787939145416
TEST_05821,1.8277082706484198,0.5976761576862931,0.06805263529088348
TEST_05822,1.456748285333395,-0.0449495878290534,0.02950316438744962
TEST_05823,1.2805419864987135,-0.07232675811398029,-0.23392941263896228
TEST_05824,3.294625534234643,0.0050081535375714305,-0.20726356203341484
TEST_05825,2.2031754106128214,-1.120972602734089,0.8076469402111769
TEST_05826,1.3138075719550848,0.061391340566575525,0.07074660509072245
TEST_05827,4.040451437006355,-0.14225506843829155,-0.48128922242224215
TEST_05828,2.234183922356367,0.11770223801755905,0.3228069545662403
TEST_05829,1.2092623469520212,-0.209884445091486,0.405928997033149
TEST_05830,1.2058139744565486,0.13156374698734283,0.42619781056985634
TEST_05831,1.2901627077715396,-0.08883241962444782,0.24472056173767148
TEST_05832,1.9645173816576005,0.3945347166788578,0.2720614309508801
TEST_05833,1.882527824663639,0.7326015710697175,0.513389944544971
TEST_05834,3.4502295500395297,0.29091664899516106,-0.8984019918885231
TEST_05835,0.9305213085019588,-0.39879183895534276,-0.20574256059795618
TEST_05836,2.9484001510280966,-1.423069328905344,-0.5762594253507852
TEST_05837,3.804083158662796,-1.9509129923000335,0.16764106812041998
TEST_05838,0.8898417393395901,0.47379113638913634,-0.04296294905984402
TEST_05839,3.045210894644797,0.8383336050145626,-1.0938138286191226
TEST_05840,2.685661245638639,2.0703190748395324,1.0759657239111662
TEST_05841,4.273912489452161,-1.200930246738553,0.971446561819315
TEST_05842,2.0736806224285362,0.972747323425889,-0.882092102965951
TEST_05843,3.188001769031197,-1.0120266718788147,0.511003191844821
TEST_05844,2.3512106837511064,-0.3405905786112547,-0.1488280161447525
TEST_05845,1.6529398233366013,-0.7139239783934503,-0.24272842630255223
TEST_05846,4.323966520627976,-0.37849963336008785,0.5238233016409874
TEST_05847,3.420568126039982,-0.23176287114691735,-0.23318057845574616
TEST_05848,4.337061895795524,-1.511440678806424,0.7694090931465477
TEST_05849,1.500832689710617,0.001238880573987959,0.10863428746324777
TEST_05850,2.594670631566286,0.3010476473181248,0.06808270172917844
TEST_05851,3.5422139401533603,0.4777988129640818,0.6483274987969398
TEST_05852,3.271666144131154,0.320246694535315,-1.1444633260595798
TEST_05853,1.0422598282808662,0.039209034877300264,0.16043599882990123
TEST_05854,1.7107407955422402,1.0482627534821034,-0.09895385311329365
TEST_05855,3.043091861767739,-0.8371682611385286,1.1300551956464648
TEST_05856,2.7738500883867743,-0.6819633825784922,0.1356059832239151
TEST_05857,2.273434266588688,0.7970041150211096,0.4338389150618315
TEST_05858,3.6721290332329275,1.582880851253748,-0.22037164245595037
TEST_05859,2.263689170734167,-1.3134402810029984,-0.580815393663466
TEST_05860,1.1219544394304752,0.1633253947095275,0.29984865114176273
TEST_05861,3.1058108347063214,-0.1704389417747259,0.13274593029522896
TEST_05862,2.208691406700015,-0.04199041266274452,0.03717570378437638
TEST_05863,3.7373237438912392,-0.5937456007432937,-0.8033759124945402
TEST_05864,3.035490782526493,0.01508074451851845,0.06926907627728582
TEST_05865,1.514663668479204,-0.11830529196697473,0.7363248744998053
TEST_05866,1.529304811252892,0.5910436806791425,-0.3822135288722962
TEST_05867,3.570228822281122,0.1064246838928461,-0.05320556370401383
TEST_05868,1.5541485181913375,0.03902816484248638,-0.004056575354039669
TEST_05869,1.3169087227252125,0.2942249657117724,-0.6134778176561296
TEST_05870,1.53310329123497,-1.117534961130023,-0.12113689151090384
TEST_05871,2.0170441594336035,-0.7074443014177084,-0.04253038469791413
TEST_05872,3.120543127576232,1.415805748595953,1.1449198954822422
TEST_05873,2.8733351910586955,1.607387296386957,-0.784334302980423
TEST_05874,2.6787635078678727,0.6500843871018142,0.691734981702596
TEST_05875,1.2208079361695052,0.22496788077270985,-0.0027834215555489067
TEST_05876,2.4066302607421877,-0.6544018222542405,0.26947849653077127
TEST_05877,2.919024778666973,0.4640801327722073,0.605700651673317
TEST_05878,2.2469747754273413,0.21727696828210355,0.4048219040324092
TEST_05879,3.902940078774899,-0.27187631700849535,0.6432099182421863
TEST_05880,3.7402615571084024,-0.062184107677698136,0.06875602523761987
TEST_05881,2.8904014323579075,0.9001880240459442,-0.4222888448343575
TEST_05882,1.499910199231863,-0.06372818379950523,-0.13186632316073776
TEST_05883,2.506582801514387,-1.4463003818768916,1.0649366707468033
TEST_05884,3.059509760839224,-0.5506993500350564,1.3952259436480998
TEST_05885,1.7119298876298665,-0.1695421260764748,-0.18462061776193978
TEST_05886,4.9867638889690635,0.5044472957174182,0.5243798328995705
TEST_05887,4.219600276842356,-1.167666835188985,0.11326065899038315
TEST_05888,2.239229177171707,0.49097627416181566,0.48744220216462014
TEST_05889,2.773717549683809,0.12765525369036196,0.48574236199992893
TEST_05890,3.204313639323175,0.2810958264337182,-0.1791448973086346
TEST_05891,1.8744633797531127,0.20173011178302763,0.0462909279294014
TEST_05892,4.503239920185447,0.26786177084076407,0.6127050265719891
TEST_05893,2.750579907055423,0.6291662153326273,-0.2961389538216591
TEST_05894,2.5214760130251648,-0.5564434647864699,-1.0121962371242046
TEST_05895,1.4035762435104846,0.3397188747702837,0.32121811919867993
TEST_05896,2.595754508411169,0.2610805847151875,0.8835945499341488
TEST_05897,2.168527622555733,0.38259337547409533,-0.05909686506390571
TEST_05898,5.402340449429989,-0.9644602632180452,0.06745924960260093
TEST_05899,3.5093366564731596,1.1959618754377366,-0.7483533612734079
TEST_05900,2.020692703928709,-0.3135069898328781,0.5111878815668821
TEST_05901,1.5231493650044798,0.2968203191940784,-0.25355241576641796
TEST_05902,2.079166565667957,-0.7686885097113848,-0.13296727957892418
TEST_05903,2.157862321220398,-1.0689146564446093,-0.1334058996759653
TEST_05904,1.1510918008801938,-0.20482409984982014,-0.07880212304484845
TEST_05905,3.8275682315708397,-0.18460268577477337,1.7909179305598735
TEST_05906,1.4494474916352034,0.4723159110521078,-0.48355170704615114
TEST_05907,3.5951304301515816,0.1685674878139496,-0.3746684794352055
TEST_05908,2.7274622111780644,-0.732404367387116,0.3738672031876408
TEST_05909,4.109480253773928,0.5075208705039248,1.0544675928606988
TEST_05910,3.1580525688021184,0.271701650383383,-0.9028266189548373
TEST_05911,1.7938322336599828,-0.4853830113028288,0.1885695311885476
TEST_05912,2.4803911816185713,-0.15237585448002816,0.329366333856225
TEST_05913,3.1811488673532904,-1.431448885423422,-0.28498656989216803
TEST_05914,2.456948185568452,0.0524534304933548,0.08127751336961984
TEST_05915,1.6235509537875652,0.10863047111564875,-0.2578041093619168
TEST_05916,1.2770258029065131,0.1713337792029977,-0.1687111066673994
TEST_05917,3.493420892919481,0.5061437899991273,0.33462331846535204
TEST_05918,1.6837701556818485,-0.08185062559437752,-0.36688084846639635
TEST_05919,4.772226846106708,-0.9484960975894927,1.2017623988233805
TEST_05920,3.2832202983617784,1.2408977916719914,0.8270766363477707
TEST_05921,0.9654050797996521,-0.6235231626925617,0.23777311246734859
TEST_05922,2.663624698039174,0.3895493657496944,1.7576428642244935
TEST_05923,1.2520711721193791,0.27074195316791533,-0.12148821035555005
TEST_05924,3.1372823976900577,0.7784438750349283,-0.3930077496943474
TEST_05925,1.0037019235333204,-0.3569687040860951,0.3286232538627088
TEST_05926,2.0806031099293234,0.42259568790894747,-0.13238547959989308
TEST_05927,2.9505507072489263,0.609986550118655,-0.05982368288731575
TEST_05928,3.7124986632457673,-1.7772580363962651,-0.012791329403996465
TEST_05929,3.0365634986481664,0.6271263044618964,-0.14536897049880027
TEST_05930,2.579856483872473,-0.02234267482161522,-0.20513487745559217
TEST_05931,4.044484179144144,0.2944271509355307,1.1044413828351498
TEST_05932,3.332033805989325,-0.9578371669087709,1.1669818647620975
TEST_05933,1.4490471315561533,0.33430462135457994,-0.21883221799576283
TEST_05934,2.8269810419102313,0.9434427969319821,0.40192205140638354
TEST_05935,2.4793601401147844,0.2434011097306013,-0.3112518609700203
TEST_05936,2.98006015476799,0.44430528017508986,0.5729058344876766
TEST_05937,3.408909568705797,1.853120865658045,-0.16359134817171098
TEST_05938,2.8900753585327865,-0.8115711568655968,-0.8792434472985268
TEST_05939,3.47282682160452,1.371805948080182,-0.051789486378222706
TEST_05940,2.994335336754173,-0.8443637476402521,-0.544918391291976
TEST_05941,2.9894592891635896,0.1982279968664646,0.44825584698313475
TEST_05942,1.4025253667925597,-0.552848433447361,0.17988635051620006
TEST_05943,3.6135285155436994,0.6421825551264286,0.8998953244822026
TEST_05944,1.4982062289596796,0.08469603010565042,-0.1455909182471335
TEST_05945,2.584349090879917,0.48134645365953443,0.05653714464318752
TEST_05946,2.3416123892304896,0.43157823524451255,0.2981438254342079
TEST_05947,2.3685459335644246,-0.39697144526445866,0.02993863649189472
TEST_05948,1.9152342079031468,-0.44725057661294937,0.3992774621283114
TEST_05949,4.170578034491062,-1.5996275182067157,-0.15995807360365988
TEST_05950,5.281403080227852,0.39930985566574334,1.5417720662056207
TEST_05951,2.529031018715203,0.7721747481991053,0.6574678708839119
TEST_05952,3.3652731877723934,1.562823468609333,1.0170782155247926
TEST_05953,3.325055191813469,0.4593021968607902,0.3632166964879036
TEST_05954,2.559642466397405,-0.4665986834671497,0.5808369086264372
TEST_05955,1.6916556436297148,-0.19941848734384776,0.26156733523347975
TEST_05956,3.9102125486152173,-1.1509613146527409,0.29934007898533344
TEST_05957,1.7588053892321587,-0.2690498893151283,0.2673902822010517
TEST_05958,1.6878000956223012,0.8573266451971978,-0.6553149068633318
TEST_05959,3.69040229206568,-0.7871576467348337,-1.3076262074788212
TEST_05960,4.543460134766005,-1.3946607886021136,1.2330950380983352
TEST_05961,4.979087525528968,2.025302203861274,-0.6877374639869481
TEST_05962,1.7020544714348316,0.7467455086569786,0.24029806067740916
TEST_05963,0.9725739849032163,-0.4326876624571085,0.2821255516980887
TEST_05964,1.8948397652745246,0.6619946678205728,-0.02608360389351845
TEST_05965,1.753058332825899,-0.5799274283537865,-0.004315975826770067
TEST_05966,2.5460616169571875,0.20778291750752925,-0.9688896750186533
TEST_05967,3.6626897893821,1.077844127184391,-0.5750747880296707
TEST_05968,2.524638824339986,-0.4576802266614437,-0.863472647432804
TEST_05969,2.6164455465102194,0.04077104617279768,0.18406691967475414
TEST_05970,1.5654628377678395,-0.18088308199214936,0.22377372132166476
TEST_05971,3.2191261018632056,0.23310991924297808,-0.6470829117524624
TEST_05972,4.4307512462298275,0.8292656863467693,0.028045215528994798
TEST_05973,1.7705392460569143,-0.0807155994976759,-0.05924318237006665
TEST_05974,2.064702062266827,-0.8899213114743233,0.7922487902611494
TEST_05975,2.4950645728538037,0.1601197399163246,-0.21498553571879864
TEST_05976,2.9411572030552624,0.9101640697639585,-0.06652663141298294
TEST_05977,1.6376412647035121,0.8551191211541891,0.23855180026745795
TEST_05978,1.5115368636214732,-0.2522827610989809,-0.8634382361759544
TEST_05979,1.18289462896204,0.009758989357233048,-0.29072241606913507
TEST_05980,2.453943579538703,-0.1151662557027936,1.025000038380444
TEST_05981,3.3676047665414437,-0.07763449366778136,0.6183467558743954
TEST_05982,1.7638538934562802,0.16903235932850838,0.29808431732706725
TEST_05983,2.0442944701418875,-0.8123593209120333,0.6619020316441059
TEST_05984,3.2698382581207754,-0.413420913580209,0.7463493033210039
TEST_05985,2.5407679081411363,0.6317570964972973,1.4182970684616565
TEST_05986,2.065534554487839,-0.42505629432451725,0.8752926602036953
TEST_05987,2.3507291752967836,0.16455293276655675,-0.39281684316396714
TEST_05988,2.002882119775057,0.6111715407490209,0.19872147339832782
TEST_05989,4.226165740947724,-0.9234735158207417,0.281997146979332
TEST_05990,4.77635842035675,-0.38438658458542824,0.33369586725783346
TEST_05991,2.4448592152189015,-0.3713771841156483,-0.49562402829498053
TEST_05992,2.371621370586395,-0.9874850952469632,-0.22902927260237932
TEST_05993,3.406546118914604,1.6658725034441948,-0.887267858273983
TEST_05994,2.3230836175579355,0.24656625172281266,-0.023764387246847152
TEST_05995,2.208374392154455,-0.7922033341428042,-0.27107792646479606
TEST_05996,4.186657392831281,2.139146663401842,-0.5469374326754213
TEST_05997,3.3602221150071623,-0.6799553584914207,0.981653237452209
TEST_05998,2.047090917697668,0.98718258955805,-0.2698926583691835
TEST_05999,4.817051150623918,-0.008893961719512941,0.4524025830177665
TEST_06000,2.882133644724369,0.1617100616466105,0.35256043485425415
TEST_06001,1.7675779706134795,1.2064034357810764,0.2653417857754007
TEST_06002,3.468599020696461,-0.5382621434038282,1.2513821181817055
TEST_06003,0.78724819522053,-0.3004907739764005,0.23544824258455635
TEST_06004,3.463974657975197,0.8586413925731182,-0.20800718141579627
TEST_06005,2.6238141744318604,-0.7803528274917603,-0.9611464143089652
TEST_06006,4.266234691990852,-0.652569037087977,0.02335200023794174
TEST_06007,2.528027998500347,0.1616780253801346,-0.6157416137084961
TEST_06008,1.570031132379532,-1.071314517126739,-0.2904523337647915
TEST_06009,1.7582912286500931,-0.1468292711328268,0.26375130331897734
TEST_06010,1.7869583465137482,-0.21563984674692155,0.047916895781517026
TEST_06011,3.1554510227549075,0.17583358585083483,-0.6270411420708895
TEST_06012,3.242547524915986,-1.6999968327850699,-0.39889033965465426
TEST_06013,2.8668769569337367,-0.08571903230947256,0.31319405302131176
TEST_06014,1.7442990371189118,0.562398701460123,0.07108872506046296
TEST_06015,1.853144315670371,0.3437352401725054,0.5517742518787832
TEST_06016,2.138724098665804,0.560953502915904,0.219496393769145
TEST_06017,1.2647239712293148,-0.1654634519752264,-0.7298270558451414
TEST_06018,2.7651640557402373,1.219816786944747,0.5543949209604859
TEST_06019,4.669534839853287,0.17015351651668548,1.232543295324564
TEST_06020,2.9479713049112166,-0.07555841553150862,-0.6419820961636304
TEST_06021,3.3705219724298714,-0.049407822805643084,0.5903686826549769
TEST_06022,1.644774512560487,-0.08332106281149387,0.24984243078279494
TEST_06023,4.103569016308069,-0.11215027692812682,-0.2523728256340027
TEST_06024,3.356786738719821,-0.36223298991060254,-0.4119190065022707
TEST_06025,3.4464642786121367,1.7667244588098525,-0.32962174655485155
TEST_06026,2.221467893172562,0.11339064600694179,-0.40480301888692377
TEST_06027,1.6274722777466775,0.552373580279708,0.2802951669190978
TEST_06028,2.0432956760552825,0.7555474381535053,0.19853279382696748
TEST_06029,4.166760513958737,-0.7460027050349712,-0.759839881005764
TEST_06030,3.2379309310634135,1.1468323804802893,1.082271061704874
TEST_06031,1.458990700711727,0.12157728768122196,-0.23313552538180352
TEST_06032,2.7771367156622317,0.40598432368063925,-0.1277936995088458
TEST_06033,3.768501110934019,-1.518387705549717,-0.22972382278847692
TEST_06034,3.2386754127999544,0.5929356144039631,0.26106840780453383
TEST_06035,1.044468513458371,-0.06196729498690367,0.11069035886138677
TEST_06036,3.9146031478948595,-0.26773385639715197,1.1860436321628094
TEST_06037,3.446901892222643,0.4413196640012264,0.8918680650992393
TEST_06038,2.4454786676154137,-0.4255009471386448,0.6246170524603725
TEST_06039,3.7379274174666404,-1.3437597009136677,-0.4061228995309472
TEST_06040,1.3761050923604965,-0.7764332140960097,0.46864865301156045
TEST_06041,1.871216187207222,0.18444601245558262,-0.2973679724723697
TEST_06042,1.616585313140154,-0.2807605755696595,0.1387278713492155
TEST_06043,2.787801173172712,-1.0091357151288987,0.23974661011743548
TEST_06044,3.796799051121831,1.445420072526455,0.8983162101113796
TEST_06045,1.9910966160229444,-0.9623076321582794,0.2081388657490015
TEST_06046,3.0408207341327667,0.20038908782958983,-0.1496185538352132
TEST_06047,3.4328224962799547,-0.17573308931452036,-0.06768934408664704
TEST_06048,1.2060993291897775,0.23921344698293506,0.43458059368267654
TEST_06049,2.37899581153059,0.37913231021881105,-0.09017605874252319
TEST_06050,3.33785554889372,0.20525319372582435,0.5632011360733509
TEST_06051,4.269398916838109,0.14614756522578,-1.2013145559585094
TEST_06052,4.796008752939582,-0.16006297883421183,0.2556654748829007
TEST_06053,2.3945601323729457,0.05696473307335377,-0.15298198823171855
TEST_06054,1.6393703056049347,-1.0669280375707746,-0.14554455446076392
TEST_06055,1.8093740771553517,-0.25185066673874856,-0.10118611999982595
TEST_06056,2.083240736901164,0.6234517674462497,0.3830904829542637
TEST_06057,1.0877377437152862,0.4848019841828346,0.46275499385669827
TEST_06058,4.109638412727714,-0.055603858982682226,0.37259585268843176
TEST_06059,2.342958396824837,-0.3011597828603983,-0.40179480075138807
TEST_06060,2.8784700487731696,-0.09196150727653504,0.17941674296283722
TEST_06061,1.6071987818779945,-0.13356711100172997,0.09414214434409142
TEST_06062,2.3117569436695575,0.6416186647582054,0.7689893265333771
TEST_06063,3.479817751737356,-0.10857211250543594,-0.3369941801471114
TEST_06064,3.0135830574581624,0.4547276129922867,0.627042558540821
TEST_06065,3.5282276827059387,-1.6523968978682757,1.2731875035473406
TEST_06066,3.5911620624572933,-0.08103105934602021,0.8290826864881515
TEST_06067,2.616910834295511,-0.1561501532047987,-0.2802819621231556
TEST_06068,2.5240885367474557,-0.47033092851686475,-0.0721182837319374
TEST_06069,4.231632308502853,0.529001214265585,-0.8176861722817421
TEST_06070,2.8018768275981096,-1.337551002134919,0.29734887561404705
TEST_06071,1.694875243701458,-0.5540255849084258,-0.21736218415200712
TEST_06072,2.3095945917037985,-1.0082102639843225,-0.0782403586693406
TEST_06073,3.4560299399447443,-2.1421365649096966,-0.6828910101830363
TEST_06074,3.1991235997287033,-0.47841462707340715,0.535188805378437
TEST_06075,1.555308941623926,0.18260476106905937,0.45988184598278997
TEST_06076,2.911184621181965,0.8264679763160347,-0.340425919062376
TEST_06077,1.7166724494223595,-0.16807229796504974,0.0853423603874445
TEST_06078,1.9172127141537667,-0.1988128382946253,-0.4246442563702464
TEST_06079,4.262773133045644,1.715610605500698,1.5389637721545697
TEST_06080,4.190419106492877,-0.2699123991895877,0.5041360949513018
TEST_06081,3.765653532854438,2.296271429308772,1.3682686305418015
TEST_06082,2.6431699492144585,-0.7576533684524894,-0.5893087988815308
TEST_06083,2.6678308432845474,1.8681873002679348,1.0086293137953282
TEST_06084,2.5650136472681018,-1.2337067341809869,1.1034121609600485
TEST_06085,1.6930323594946861,-0.3000050128248483,-0.35775467596276106
TEST_06086,2.36458006821835,1.121512983073473,0.5883790106731355
TEST_06087,1.5720478584663868,0.47047224440443514,0.014265773843705655
TEST_06088,4.668742248429298,-1.6489728139526845,1.2097696156473159
TEST_06089,2.8825348161759377,0.2372302415034771,0.203352777905941
TEST_06090,2.444810186769247,0.6356144817786217,0.19368159680360555
TEST_06091,2.370246895745635,-0.09689688251841068,-0.5969648404911756
TEST_06092,3.915332650406122,1.189704680069089,-1.3518638531262874
TEST_06093,1.168446426252842,-0.2009200426323414,0.2698914203668833
TEST_06094,3.526079258962244,-0.6165406903128624,1.1854922804284096
TEST_06095,3.4801148278996945,0.8919359475493431,0.2877402266817987
TEST_06096,2.515986689421654,0.20427285076808932,0.2275724726114273
TEST_06097,2.729255857545257,0.47478608858597277,0.3292256540137529
TEST_06098,4.384013013874769,-1.5449536387159823,-0.036546199952989813
TEST_06099,3.1949671223223803,1.3538543945145607,1.2329026683716775
TEST_06100,2.534240951431751,-0.7507148416405022,-0.3881071622006893
TEST_06101,3.0315428006460667,0.4271727441729307,0.6877385624220371
TEST_06102,2.2302156871124508,0.44625237425112724,-0.5851692566756607
TEST_06103,2.082482568476796,0.6895239212790728,-0.2991998471596241
TEST_06104,4.185720996543646,-0.04949542000389099,1.0826438079853058
TEST_06105,1.5895776585133077,1.1330410990261883,-0.6278323656139374
TEST_06106,2.3410608243327142,-0.011824146174728871,-0.8080865875077844
TEST_06107,4.230749932676315,0.7487721682569682,0.8954838372960091
TEST_06108,2.1493558509664537,-0.5686209280583858,0.1735221441335082
TEST_06109,2.479536211868912,-0.5721894169874191,0.5464030348072946
TEST_06110,1.134818039632082,0.428258038895607,-0.03383547877915949
TEST_06111,2.5398332139840125,-0.581327988458991,0.2960316460847557
TEST_06112,2.994418080659926,1.3208472307626904,1.0451505251714588
TEST_06113,2.4376335065870287,-0.11574335831904412,0.5879505408602953
TEST_06114,1.9181087799258232,0.15901047815370561,0.17817335717582702
TEST_06115,2.3305614101967813,0.6116529602189064,0.8885009585029483
TEST_06116,3.9055287190412282,-0.6316861676983834,0.9803998299865722
TEST_06117,2.2465393881583213,-1.0240054487520456,-0.029275936064839365
TEST_06118,2.626705676265955,1.198237092765093,0.5062384261547327
TEST_06119,5.837927263879776,0.7862192705922126,-0.4794704930993319
TEST_06120,3.135666490643382,-0.5244735460971593,-1.1132327282373906
TEST_06121,2.125096374780655,1.2735135262471438,-0.30709320864152906
TEST_06122,1.8981101147631407,0.9039737022038699,-0.3396602913529873
TEST_06123,2.5249702073813083,-2.275450521758735,0.21955073489636182
TEST_06124,2.4146088437384368,0.3788411352511644,0.8611700148655027
TEST_06125,1.5978750935384631,0.2793136669477224,-0.2024946703930907
TEST_06126,5.17366074541378,-0.08074501840525866,0.11238394508498907
TEST_06127,2.057088806100607,0.5285834082705975,-0.5035078354054093
TEST_06128,2.7567893502165077,0.7677991965063214,-1.0192881851565838
TEST_06129,3.2047510024147035,-0.16832145778524876,0.16268262044125795
TEST_06130,2.5725060401212274,-0.0010296446933746317,-0.6069499227809906
TEST_06131,4.361350589855403,0.32990526086068156,-0.340493308411479
TEST_06132,4.7757733868711,-0.1583627571502924,1.7767963013153076
TEST_06133,2.0630441703983546,-0.43801525916051864,0.5352251885274648
TEST_06134,2.432895991501212,-0.01468803671848774,-1.0813312858171462
TEST_06135,2.645584124129593,-0.797614242865324,-0.15941864700853825
TEST_06136,1.6222595096873342,-1.1253964831844567,-0.3217888799883723
TEST_06137,2.215744405645251,0.5471541508237123,-0.7338243388966322
TEST_06138,4.563642862043917,0.29908552864193916,0.7672317206537723
TEST_06139,2.9463172472759487,0.15243854618996383,-0.873863244217217
TEST_06140,2.6956660096571445,-0.9003578674410582,0.8732166716734171
TEST_06141,3.0510807731263636,-0.181685499512434,-0.6353385340795517
TEST_06142,2.2014986776282193,0.9404591219733953,-0.6704181536722184
TEST_06143,1.4418223378784656,-0.38458804031920435,0.37229266565671565
TEST_06144,1.7011477885491848,-0.6583169176093936,0.05177355556870997
TEST_06145,3.7415966514902115,-0.665720491634056,0.6428867890071646
TEST_06146,2.1338561936581133,-0.1835313863324374,0.15023581333816052
TEST_06147,3.4510462083085773,-0.3931959594938755,-0.6796753672173024
TEST_06148,2.528838326903492,-0.5620097939067781,0.6654899292209149
TEST_06149,2.3108662260359525,1.1810932342695892,1.3977156791564227
TEST_06150,4.261201822752953,-1.5714246326057315,1.6825389626116753
TEST_06151,2.864971283326447,-1.3260059971366525,0.3736869448759779
TEST_06152,1.1860769636931419,0.4717854007819295,-0.035972303169608116
TEST_06153,2.68235490694952,0.16101494438552855,0.7836172911205291
TEST_06154,3.055010272764325,-0.39142685520786047,1.3021236316866875
TEST_06155,2.1149174769235253,-0.08954308978772163,0.022593719806194304
TEST_06156,2.240651077982187,1.2378494730587006,-0.49485862706434725
TEST_06157,3.498028498617858,-2.22492331284225,-0.8699637649132014
TEST_06158,2.6023356839878558,1.7182346004930735,-1.0231968343123197
TEST_06159,1.0107901276702882,0.44732660739684105,0.11431626039290428
TEST_06160,2.911974861642182,-1.6447007923583985,-1.278428193469107
TEST_06161,1.4408868793848753,-0.5005609123156071,-0.16528521001539753
TEST_06162,1.4417211771728993,-1.236316243690014,-0.29263888907003405
TEST_06163,2.4947632395846844,-0.47465916113162043,0.007450968386650086
TEST_06164,3.2697525963427423,1.4948853644537925,1.7199257301596402
TEST_06165,1.3023320656534434,0.19861728478711843,-0.06025405084896088
TEST_06166,1.8843713898551464,-0.3210459160721302,-0.13171345615035296
TEST_06167,4.470188182990253,0.10106337221193314,0.004090862913727761
TEST_06168,2.529273652654946,-1.2044481141396761,0.7524342629046142
TEST_06169,2.733012933887005,-0.38916329394435883,0.0613945745998621
TEST_06170,1.5982945453104973,-0.39458608778393267,0.2292320850637555
TEST_06171,2.7829268862658143,-0.14531428716015815,-0.20538925971674918
TEST_06172,3.2926431921010018,-1.1229910347316265,1.0924129482435585
TEST_06173,2.296742204877496,0.542305752380371,0.333754098911725
TEST_06174,1.6278779924203157,0.016354958977401256,-0.5128912000132799
TEST_06175,1.7993441302127837,-0.3445152435619831,0.17060375199127198
TEST_06176,2.4113608990949245,-0.9223014923089743,-0.8353138452112675
TEST_06177,3.1018408345432578,-0.5273429607884884,0.8533221749893427
TEST_06178,2.5688838270168306,0.968179455368191,1.2231231397998332
TEST_06179,0.9716272108359337,0.21505405281078815,-0.2667457849776074
TEST_06180,1.4769232339785099,-0.1533869017841816,-0.10359687971003727
TEST_06181,2.8196311571682693,-0.2648118602591157,-0.6416678921382427
TEST_06182,1.9339905280374288,0.2263130217450261,0.09185863171339034
TEST_06183,1.354520918545246,0.1522332854281664,-0.007945149518996476
TEST_06184,1.2186965363664628,-0.24038036686396597,-0.13218823722159861
TEST_06185,4.025945800412893,-0.9674939442930222,0.2912546211268008
TEST_06186,2.673588674306929,-0.1349551956655979,0.03289511870756745
TEST_06187,3.598716791460842,0.8366887924436927,0.8622545323380828
TEST_06188,2.900799991387725,-0.4531255435731411,0.07766094127595424
TEST_06189,4.922657773641824,-0.5596642266228199,0.8815229712668657
TEST_06190,3.0090695055987835,1.6600311513438224,1.3186855818943382
TEST_06191,1.8500802242839933,-0.9368251040321589,-0.40121357167959215
TEST_06192,3.3883957941854,0.0035411458240151407,0.4929027506884709
TEST_06193,2.5573805626508594,0.26812061305642126,0.09374481632554531
TEST_06194,2.608217154985428,0.04946866498685628,0.4967949943246841
TEST_06195,0.810517096583426,-0.12795069869804382,0.007917335730105638
TEST_06196,2.90557192800349,-1.618350983284235,0.1361155628209412
TEST_06197,2.223022145348072,-0.7344718493269682,0.7920856966589689
TEST_06198,2.9431283806306126,-1.4115899446041138,0.7047266898519844
TEST_06199,4.838291058787242,-0.4622873296194673,-1.262244237063706
TEST_06200,2.897390619855404,-1.5927061461515426,-0.8054913132839203
TEST_06201,3.5760479947443007,-0.47851685142564776,0.42887243992465734
TEST_06202,1.4082148735263347,-0.27848030513566735,0.5592001721701026
TEST_06203,2.6356973915016053,0.6702172924757004,-0.4336198156955242
TEST_06204,2.2775149334504605,0.2923306934274435,0.9938839653900862
TEST_06205,0.8979206558451652,-0.1694939620113373,-0.013511494684427977
TEST_06206,1.3171720127496123,0.5891677805376053,-0.2831523530184254
TEST_06207,4.858877823129177,1.2612342496623994,-0.17130247917845845
TEST_06208,2.656047248419821,1.8258731684565543,-0.6521136928117275
TEST_06209,1.9969154963817597,0.4922882271671295,-0.13994299351981282
TEST_06210,1.225326784526825,-0.3426121462917924,-0.21532430230662228
TEST_06211,2.240417835910201,-0.5845381390480399,0.6714110591805578
TEST_06212,3.416877636122018,1.253667519489765,0.37611187760043147
TEST_06213,2.708073324895382,-0.4565020766869187,0.16127677877369523
TEST_06214,3.018711343013927,-0.1785475341181755,1.4686537436124087
TEST_06215,1.1751627550890447,0.609057400834918,-0.30996707937166096
TEST_06216,1.532499700408697,-1.077422428297758,0.9996257842885075
TEST_06217,2.3494115356427727,0.7330120668729544,-0.6574658787863255
TEST_06218,3.8621819142473934,-1.1466652780003548,1.2072053255226016
TEST_06219,3.9443994349135703,1.283898718822956,-0.9748186564947366
TEST_06220,1.2513252986607553,0.28247247403413056,-0.25224136875379083
TEST_06221,3.5748679105353283,-0.31499482821971175,0.6011376398829221
TEST_06222,1.1718308166607023,-0.08187720496356488,-0.03547338353687525
TEST_06223,3.3677587133756877,-0.14213018588612975,-0.30714664764648675
TEST_06224,1.7435488220772744,0.5904391563956728,-0.32835970328000186
TEST_06225,3.132366692857623,1.4044026955523492,0.5886180984980315
TEST_06226,3.2045089329010845,-0.04984336904835701,-1.0604819868273736
TEST_06227,1.7021681796963215,0.19924862706303598,-0.09634984659102559
TEST_06228,2.5602802629165353,-0.9015877277516842,0.4917833884549737
TEST_06229,4.635486726991713,0.9029441608057022,-1.0190782637075186
TEST_06230,2.2817591800620556,0.36554607398617267,-0.6722622651748658
TEST_06231,2.3434471185002326,-0.05739747020041942,0.04589798382806778
TEST_06232,3.755762462823868,-0.9044370624482632,0.5761985052071213
TEST_06233,2.6593338816528322,0.2793717950350046,-0.4150565224351883
TEST_06234,3.1426091611130236,-0.2928535420147181,0.12149038682726025
TEST_06235,1.499720711598873,0.6121618899898529,-0.5054442481278181
TEST_06236,3.66499175612998,2.192068372891426,0.7596528691750168
TEST_06237,3.6246881539063454,1.7949036936516762,0.8041669884184599
TEST_06238,3.256474121433556,0.5223837785727828,1.259677601320505
TEST_06239,1.0606518311460018,-0.4163484076246619,-0.17352066539254785
TEST_06240,3.9543582496260403,-2.1166321669096946,-1.1291208380362987
TEST_06241,4.444336210716248,-0.0938528334031105,0.2269698104753196
TEST_06242,0.9317110611756444,0.5878307231647968,0.27557328665825725
TEST_06243,3.994126777724385,-1.1810272157173156,-0.5439976047769784
TEST_06244,3.418431897646904,-0.3369262760348022,0.1328512886542082
TEST_06245,1.5291290768300294,0.47849023137068747,-0.32811308187127114
TEST_06246,3.4856736247487663,1.0828763761957885,1.1367378917783797
TEST_06247,3.78046821034646,1.410973428302884,0.5404564652298987
TEST_06248,4.4818412985756995,0.9244107401399613,0.6149616156676561
TEST_06249,2.177792899269104,0.2792844073913097,0.1683472320280075
TEST_06250,3.118819240978539,0.6426713838740588,-0.8286114482500553
TEST_06251,3.5113383407146332,-0.13928251915192605,-0.18349916726487875
TEST_06252,1.963314470991373,1.5058151435081064,-0.4682412540434599
TEST_06253,3.097035017736137,0.051707777917504305,0.49545271115171907
TEST_06254,1.1559082213070393,-0.06927279378652573,0.2269444626802802
TEST_06255,4.233256735959351,0.3599779217414856,0.835259021176815
TEST_06256,1.8262229763003588,0.5801080797360539,0.2019707053447962
TEST_06257,3.227709597795248,-0.42542025522971155,-0.5467706712274552
TEST_06258,3.1678074638500213,1.1570434484867453,-0.10712418751069158
TEST_06259,4.168779814190179,-0.8376013745074272,0.994661181753397
TEST_06260,2.2500962595146894,0.7586315825266838,-0.735342528743744
TEST_06261,3.460666026444629,-0.4752693700445816,-0.8440179791656136
TEST_06262,1.9190350462287664,-0.41468219241005183,-0.3546281718621254
TEST_06263,1.3781587444792986,0.10155599093878269,-0.5655968072289824
TEST_06264,3.5624268148560523,-0.5713172858751268,0.21037690822780133
TEST_06265,1.3471652813150883,-0.595906482166171,-0.5397504093410969
TEST_06266,2.506779175963402,0.21899950253799558,-0.3608829692435563
TEST_06267,1.4880072754679918,0.02060869288659096,0.4194704469660819
TEST_06268,2.200934637538791,-0.9695454889798165,-0.005127509616672993
TEST_06269,0.952749210925877,0.3121508688658476,-0.05226711720567942
TEST_06270,4.909706746027231,-1.1820898937958182,1.279458433800295
TEST_06271,2.0542921314469873,-0.4062572934343815,0.09998037508916854
TEST_06272,1.7308029821125268,0.4650329609082937,0.5511558496423363
TEST_06273,2.4917851407661438,1.4893455533411504,-0.7944320710902214
TEST_06274,3.052440767613411,0.04284108612138033,0.9172537128365635
TEST_06275,1.9080166832683085,-0.5694644139521122,-0.22767867823791504
TEST_06276,4.628380729812026,0.8791109621995091,-0.5050771778981685
TEST_06277,2.157015962416172,0.6398994644232988,0.2941753394138813
TEST_06278,1.3061551261889934,-0.4759940315818787,0.6006638448759616
TEST_06279,1.579392360707283,-0.9180183807976842,-0.557683438590467
TEST_06280,3.1191081693997385,0.2878345659265518,0.4745385676251352
TEST_06281,4.269107334275484,-0.010970336053848263,0.8224142154026032
TEST_06282,3.4000916961294414,-0.20297823894238473,1.1900826379978657
TEST_06283,1.317222383852482,-0.9561976568300724,0.11452269845174252
TEST_06284,1.7721883492429256,-0.02966109772533178,-0.18944425865507125
TEST_06285,1.127748886997819,0.2057956092208624,0.24756962308192254
TEST_06286,4.513672545920431,0.1724214330956638,0.24015947976896168
TEST_06287,1.6917772985935806,0.027954772992774844,-0.15659119991788267
TEST_06288,5.220152010560512,-0.8157374967142343,0.3450492288892269
TEST_06289,2.987097709112525,0.3406669649007916,-0.4283047124781609
TEST_06290,3.323881654694319,0.20568663628745076,-0.027054271227777003
TEST_06291,1.2407962729937434,0.16506082712829112,0.22963435231354834
TEST_06292,1.6889172560589314,1.162181943902552,0.7745385447840393
TEST_06293,2.939035075552702,-0.3314722509365082,0.17896083942937852
TEST_06294,2.310386297905013,-1.2940417919645308,-0.18029618114113807
TEST_06295,3.489240555703282,1.018524620058179,-0.6300710814791918
TEST_06296,2.0073798458887637,-1.3333574048900008,-0.18616088192802668
TEST_06297,1.8256665785723925,0.14791291707557438,0.15457204343366623
TEST_06298,1.811687621231854,-0.5436706912202333,-0.7219195033723861
TEST_06299,3.1677189845776557,-1.2352967374885082,0.07300605849176646
TEST_06300,1.6998830559887885,-0.19277760974216462,0.11517831963774562
TEST_06301,3.5059153731309176,-0.0416341545727253,0.34124044131302833
TEST_06302,1.2187387294207812,0.18015151030635834,0.27519514812445645
TEST_06303,1.8849254754624367,-0.37447713011822104,-0.21326386789792776
TEST_06304,3.8341078672561646,-0.23514704862356184,0.3034326541893482
TEST_06305,4.205618614077568,-0.40925311608757825,-0.377505100399971
TEST_06306,2.4267454661426546,0.2641410514354706,-0.09684882769451104
TEST_06307,3.607517280249059,-0.1073720500999093,0.1024541204587072
TEST_06308,2.595466880518049,1.0039459712890386,0.6321630153128505
TEST_06309,2.9763100703547596,-1.311326099471569,-0.21008594394901395
TEST_06310,1.8868291309375762,-0.4257127130423784,-0.07538759855556489
TEST_06311,2.3693514381219147,-0.01979778114616871,-0.06813153172510862
TEST_06312,2.538345801239729,0.32619265396237374,0.9303398584253788
TEST_06313,2.1891116033445206,0.3057839747400284,0.41007946762514114
TEST_06314,3.06353788227091,-0.2851045515835881,0.8721634606428742
TEST_06315,1.9653856857225895,-0.02922262936139107,0.045938285139620304
TEST_06316,3.510763465902567,-1.7080102412700653,-0.6697888020581007
TEST_06317,1.9087462524213792,-0.4856865251965523,0.20715765605205297
TEST_06318,3.8051135885897502,1.3230977573764324,-0.7398352941043377
TEST_06319,4.192638398340896,-1.157087096489191,0.4975933235972524
TEST_06320,1.7170270780005454,1.1418529978063106,-0.252735906464085
TEST_06321,4.590857472676873,-1.3529875996654033,1.283256475049287
TEST_06322,3.721946173493624,-0.07986978248412907,0.6148345132422447
TEST_06323,3.5246705651574133,-1.1104801859372257,-0.1394386265810728
TEST_06324,1.8631009596812724,0.046003209792137144,0.2856642300155759
TEST_06325,2.295428797435671,-0.49131883324289327,0.10821899355453253
TEST_06326,2.6860796980550288,-0.8583135914957524,0.8268659820684194
TEST_06327,2.851240726810455,-0.7682882782009542,-1.0087535102182628
TEST_06328,5.4031396293103695,-2.390205110655546,0.917649176009953
TEST_06329,3.3528886970643996,-0.30677485235524177,-0.22636734572243689
TEST_06330,1.4684522790417671,-0.614761319043994,0.10711096766803972
TEST_06331,1.349090330812335,0.5309582476077079,-0.09869023697701096
TEST_06332,2.074988336164117,-0.988851375258684,-0.26634183488339186
TEST_06333,2.3422746741234066,-0.28819820417368414,-0.09405145921552181
TEST_06334,3.5701191737633944,-1.2034940934864282,-0.47554468475019934
TEST_06335,2.3018078726401328,0.5872359279911518,0.3817488172080517
TEST_06336,2.1248978727712036,-0.7102674964153171,0.06809803510779142
TEST_06337,3.0371975552651884,-0.7142269088267088,1.2479545604431033
TEST_06338,2.2649115477671624,-0.46785307623243333,0.3832471696653664
TEST_06339,4.242429255507588,-0.9252053221690655,-0.25858884953925015
TEST_06340,2.941421705093503,-0.438385142380476,-0.05677021253910661
TEST_06341,1.1154544278135299,0.08302716055512428,0.16422277368828656
TEST_06342,1.7144585451875032,0.048592532860279085,0.5183766883274317
TEST_06343,2.841323374840498,-0.07375494240427016,-0.1476108336083889
TEST_06344,1.8523572465206384,0.33191103363251684,-0.3428611233026087
TEST_06345,3.578990117946863,-0.8315143552801609,-0.32028786747670174
TEST_06346,2.473151965998292,-0.4133217827293277,-0.6196596844658255
TEST_06347,3.9977407168721113,0.17218292782735825,0.8228496090123654
TEST_06348,2.761396579618931,-0.45362116315245626,0.5270907514588833
TEST_06349,3.319893242180109,-1.1423450843253136,-0.595367659799099
TEST_06350,1.5282994827759266,0.7782646893562079,-0.31477815001016857
TEST_06351,2.7956040621691347,0.590935357473731,-0.5500105060164928
TEST_06352,3.3673670746816398,-0.9829110726806521,-1.0167263031713962
TEST_06353,3.9151735410560966,-0.7105677180771828,0.5893634900208861
TEST_06354,3.4130358407177925,0.6577769016833306,1.4329803303123712
TEST_06355,1.0124913498830796,0.10261747254109382,0.3281104989879839
TEST_06356,2.105570752179146,1.2761845139760375,-0.3170876930516958
TEST_06357,3.143922026210308,0.9146345586725623,0.289061310297966
TEST_06358,2.7690359302937986,-0.632471142336011,-0.26790394122612476
TEST_06359,4.833868903376341,0.586603494544208,0.39226620159404724
TEST_06360,4.050121022675038,-0.13267831353259085,-0.15245559702825545
TEST_06361,3.8133377450267076,0.9669068978333473,0.09188465020808577
TEST_06362,4.257702639983833,0.7355795112453699,0.5983630329589844
TEST_06363,4.045650421584011,-0.1309740914951563,0.7229549300392419
TEST_06364,2.0011993670043946,0.9637716307971478,-0.21736137263941765
TEST_06365,2.1129419634194373,-0.8467800370289683,0.5166521676847339
TEST_06366,2.933998171969056,-0.324159939136982,-0.17243648489144445
TEST_06367,4.621629235004514,-0.44480746453249453,1.269473022202015
TEST_06368,4.900067594004869,-2.0114759889916183,-0.6588037544255256
TEST_06369,0.6852117315297127,-0.054466931387305254,-0.1104599687205553
TEST_06370,1.964249073515892,-0.6987237467612624,-0.20713149116134644
TEST_06371,1.2287421896758675,0.15917410123634337,-0.1387669774581492
TEST_06372,2.0269146090468766,0.8836705917303562,0.6688436957882047
TEST_06373,2.469916573174119,-0.396322520021677,0.4582781390712261
TEST_06374,2.836379982907951,-0.14122676332986356,1.5985291540075541
TEST_06375,2.116406565393686,-0.20563563905540108,0.09852669785320758
TEST_06376,2.511313429370612,-0.605341741103053,0.6521892805213928
TEST_06377,4.129230727622658,-0.9236786628091931,2.2163876270353793
TEST_06378,3.563887254164651,1.0387190319650172,-0.6356261713888646
TEST_06379,4.3662619662555455,0.06550939907956123,1.133149715652466
TEST_06380,2.3140743516460063,0.09810538967347146,0.04862670483779907
TEST_06381,2.099488485109806,-0.07957168921685219,-0.886857307770133
TEST_06382,1.7433963842000664,-0.42792992878067493,-0.31057419628381727
TEST_06383,2.1883731870989798,0.053966903205126524,0.7713386132858395
TEST_06384,2.742400044843793,0.19584588467625388,-0.04717761207693815
TEST_06385,1.8504824403121471,-0.23138869882667065,0.5315717762027085
TEST_06386,2.6377610307314097,-0.27404097942584754,0.3401538954367638
TEST_06387,4.50886387617898,0.9530464519984424,1.1025389780429602
TEST_06388,2.417258526323095,-0.008130569285869598,-0.663549227547288
TEST_06389,3.604800754333496,-1.4345221722016335,1.1183270725922585
TEST_06390,1.8879870254118443,0.8110309364513159,0.6383867758637964
TEST_06391,2.3463004390505553,0.6978380392332078,0.32458357429337503
TEST_06392,1.8021093721407653,-0.11048707069146634,-0.0851427905047536
TEST_06393,2.088401640215874,0.5498716016312838,0.5562612029217779
TEST_06394,2.1004545142608286,-0.4469205498088598,0.5549021337908506
TEST_06395,2.64216542916584,-0.48100140505078437,-0.7632950501767397
TEST_06396,1.891046715045929,0.12363644338846207,-0.2525035129897594
TEST_06397,2.538761785945773,1.0094977247493266,-0.10985121051764488
TEST_06398,3.2162780043371915,-1.6146106677662133,-0.5932865824842453
TEST_06399,3.893138736691475,-0.8886458117839843,0.4342837725741863
TEST_06400,4.410354500916302,1.2758801495109797,1.1408364825915098
TEST_06401,1.6509785501430632,1.053346492605254,0.5648834851404726
TEST_06402,1.4804854012005328,0.1491138512966633,-0.3587203885424137
TEST_06403,0.8597046190341711,0.2409924202427864,0.3644094736406207
TEST_06404,3.2496199714045524,1.2271707379081398,0.22668730481481553
TEST_06405,2.104607401192069,0.23877006922507288,-0.14266912384310365
TEST_06406,1.1957412761994601,0.053836965121507645,0.1018713966920413
TEST_06407,3.8776514282604455,0.020861705656647682,0.0061695638380050676
TEST_06408,5.343772448174477,0.966511241928339,0.4293056363568306
TEST_06409,3.914414591411948,0.1910422674381733,-0.3203737273247838
TEST_06410,1.5100714626581668,0.4486323723945618,-0.2134947280253172
TEST_06411,2.1670935130711793,0.4348380662499666,-0.777324750736624
TEST_06412,1.123049877192974,0.12781095832312106,-0.006580553225398063
TEST_06413,2.0254061413850786,0.39719327466773985,0.24578457307934762
TEST_06414,1.7075694753513335,0.835631685128808,-0.06536103959420324
TEST_06415,2.8060801867592335,-1.134723903153658,-0.3192803391002417
TEST_06416,2.7954008991417885,0.4651125141129494,0.6191326170422434
TEST_06417,2.4400375158379077,-0.6208493649640083,-0.506390261806488
TEST_06418,1.7852514488441944,-1.0392462512714862,-0.3094065524807572
TEST_06419,1.7975536249902844,0.43409911835300924,-0.42261912542913854
TEST_06420,2.997122083464384,0.6719761978805662,-0.15298719437021016
TEST_06421,2.78900381561172,0.2816914354996532,-0.6339602707853317
TEST_06422,1.799930532399416,-0.22844024185943604,0.30205747351568935
TEST_06423,1.4136812073278426,0.007008267962694168,-0.12638612741595506
TEST_06424,0.9854578286087662,-0.2577451247115135,0.060530063887774946
TEST_06425,3.576478029564619,-0.8356534230471253,2.060967666360259
TEST_06426,2.1573348054869177,-0.3973109482725263,0.5517722333047986
TEST_06427,1.6947574817574025,0.4220375967190862,-0.044767994465708734
TEST_06428,3.3015395039316418,-0.012899582661628717,0.37807283090639116
TEST_06429,3.2580724868410824,0.6647151330521107,1.0033616736342907
TEST_06430,4.34957266355741,-0.03168127267491817,1.2106862722365856
TEST_06431,2.5764913677198886,0.18580981100559235,0.08004545998692512
TEST_06432,3.3650743531286715,-1.0073496119612455,-0.9551315593010187
TEST_06433,3.198464741083145,-0.8209002501423359,0.9346330443867445
TEST_06434,1.4380633407869339,0.002385933790326117,-0.09087705049616099
TEST_06435,2.052005331923485,0.4482114982588291,0.16722286799436809
TEST_06436,2.390651975522995,1.3659243267991246,0.2918582977647483
TEST_06437,2.040954850901842,-0.7878019365935326,0.5132221847286821
TEST_06438,1.1014490395855903,-0.49344333622848985,-0.12310826742576061
TEST_06439,5.078215330248356,0.8903827360223829,-1.1279454729528426
TEST_06440,3.876630184221029,-0.609142402962327,0.43250292956876757
TEST_06441,3.7676611638302804,1.8540946013100148,0.5699730754373371
TEST_06442,3.6197556446132064,-0.46638508682262897,0.6015603249247075
TEST_06443,2.5962962639781235,2.219783103281617,0.7999070183826983
TEST_06444,2.924429231627226,0.22181921053600312,0.28060463161301613
TEST_06445,2.0335223988985716,0.40544228394019605,0.46539558636248113
TEST_06446,4.98732710453713,-1.1276658903455734,0.451036614361763
TEST_06447,1.8969876929373741,-0.23863365890479088,-0.022761631422400473
TEST_06448,5.036017261612892,-1.9419286610966922,-0.6636698168098927
TEST_06449,2.692497979049921,-0.3419869212239981,0.3413133540890217
TEST_06450,1.5899950683865547,0.5372229225549698,-0.16265453894281387
TEST_06451,3.6990155365606547,-0.24540227874988318,0.16132425981426238
TEST_06452,1.5882978014603852,0.7491491125058085,-0.5073740216002465
TEST_06453,2.536906388049543,0.09750024434125423,0.489050662502788
TEST_06454,1.4039534490659238,0.08383873734223843,0.4169335357268453
TEST_06455,3.078490289120674,0.23477155577901004,0.19633014639663696
TEST_06456,2.461056622228384,0.5684763553284407,0.9649069258810877
TEST_06457,2.378941653317392,1.4462392344139814,0.5279901425004005
TEST_06458,2.3123636545164583,-0.6294202667432726,0.652118119636178
TEST_06459,3.3504525136756675,-0.502366808930397,0.5300043143854142
TEST_06460,2.656568354515016,-0.5217741160484552,-0.10469253893482686
TEST_06461,2.4553232736938,-0.1887959537693262,0.7210731488130092
TEST_06462,1.8422080387842654,0.7140056320323944,0.3984102761271
TEST_06463,1.958351467884668,0.715384427559793,0.30999948945657163
TEST_06464,3.5689623120052216,0.007828488422393802,0.13827879658715053
TEST_06465,3.968978878488779,0.38495756272064147,0.47483730447131395
TEST_06466,1.4315795130063296,-0.35836960694646836,0.0951471445916891
TEST_06467,1.8224179611531497,0.4918052778714001,-0.05146329647925496
TEST_06468,2.459431127124803,1.0934254268957377,0.35154487946662305
TEST_06469,3.8536442149789334,1.154793734968543,0.3760899168214798
TEST_06470,4.06066483706069,0.051059819213181735,0.9073045647156238
TEST_06471,1.4173476153265239,-0.724566831750989,0.38210187724012135
TEST_06472,2.626195742315173,-0.22835632150661944,-0.8964433752773404
TEST_06473,2.7703174480042456,-0.03951174239218235,0.6562134596517086
TEST_06474,3.1596427150634527,-0.3348278407731056,0.5375332045107782
TEST_06475,0.9827467298822403,-0.2119840353010297,-0.024267087358940394
TEST_06476,1.5112744274249077,-0.059605247914791104,0.3556638702041507
TEST_06477,3.6544542230362893,-1.4951668878376483,0.5986070675725937
TEST_06478,1.5194535895535946,0.5210719174771011,0.07403591830284474
TEST_06479,2.6992397303619384,-1.6031721323273183,-0.9094331755935624
TEST_06480,2.8473663696484564,0.18975496628952027,0.7092045822924375
TEST_06481,2.6656692326045035,0.3473125543707609,-0.2502955395056307
TEST_06482,3.7822509612715245,1.602081521520257,1.627502316132784
TEST_06483,3.926244436671734,-2.1099203735039236,-1.0434927454932927
TEST_06484,2.2084455080184937,-0.17787188633024692,0.8318851334111095
TEST_06485,2.6522415336743594,-0.2916904201981425,0.26198221259224413
TEST_06486,4.36443234044838,0.141026459141016,0.1851376879207343
TEST_06487,4.881792924656868,-1.3010118062232137,0.18459343193358183
TEST_06488,2.843858866608694,0.6972894896912575,0.4712721845344901
TEST_06489,3.5752695038199427,0.03187860613290966,0.06479685960072279
TEST_06490,2.3303623749206066,-0.028298857272148134,0.05399136251294613
TEST_06491,0.7903885316642523,0.11924577049136162,-0.12911409451025724
TEST_06492,1.7649000785034894,-0.6555040920079946,-0.26665790211439133
TEST_06493,1.6378160075688362,0.26047096447217466,0.15844627923375368
TEST_06494,1.3191585861331225,-0.5191131943832654,0.08920173189035058
TEST_06495,2.6867222414268257,0.9370876901108771,-0.7799972771078945
TEST_06496,2.1141756641563476,0.3567676615605354,0.05133367402279377
TEST_06497,2.3630993037601113,0.3727693657875061,0.08637964388465881
TEST_06498,2.2323786815385818,0.3711101439655423,0.3054749892127663
TEST_06499,1.5631885627424718,0.3332358144966364,0.2973552058275342
TEST_06500,1.9489728537049293,0.46112187392258647,-0.3688845191009641
TEST_06501,2.7096242653790714,0.04336660362935066,-0.06741249519738556
TEST_06502,1.4787380235072523,0.01043059104964137,-0.18862641239231825
TEST_06503,3.515273893755555,0.7106390977267026,0.022137001322746278
TEST_06504,3.879463877731681,-0.2624544447256327,-0.06291679456099868
TEST_06505,3.896105481684625,0.658353252012968,0.5971200828897953
TEST_06506,2.5823564461668136,0.1762756535563469,0.021042086011081935
TEST_06507,3.7093467162553666,-0.2929254825174957,1.018653947025895
TEST_06508,2.9252561152529717,1.25344183168149,0.0907799430565238
TEST_06509,1.0549355714418889,-0.1549419619423151,-0.19903685989007353
TEST_06510,1.0336814090037345,0.1992595318658352,0.0286157728446126
TEST_06511,2.6792918905735017,0.0011996700086593648,-0.06596072730618716
TEST_06512,2.121527818897605,-0.14112567411351204,0.36814903355336187
TEST_06513,2.5513199483494757,-0.6396190820702314,-0.7193657191983461
TEST_06514,1.4259295530223846,-0.20605095437717436,0.25299687100207807
TEST_06515,1.5793523495342732,-0.6182046206906885,0.3122423127229363
TEST_06516,2.863079806737423,0.41479540192604064,-0.06647018865990639
TEST_06517,3.3815196819233,0.6519456516301632,0.32146245868480205
TEST_06518,1.7414330898401738,0.2080759235764742,0.20117771899473666
TEST_06519,5.646790063655436,0.4417004110690355,1.2979929809339643
TEST_06520,4.366942409580171,-0.3647601045912504,-1.4730530355254412
TEST_06521,4.390365615682602,0.7991804716025591,0.20758992323577405
TEST_06522,2.5700976376252176,0.08179282274436951,0.05217097627711296
TEST_06523,1.9763679754316807,-0.7024541070759296,0.25000168495202063
TEST_06524,2.840745257600814,-0.3282493293454051,0.0051732704699635505
TEST_06525,1.14357399741292,0.04959139498829842,0.24752835443240406
TEST_06526,1.757721879368067,-0.22080230431856587,0.04880169990146905
TEST_06527,4.348392850558013,0.5990265683674216,1.2509974512707294
TEST_06528,4.207928987661183,0.6151124436237813,-0.37135217556238176
TEST_06529,2.8095485326514242,0.6501059561075568,-0.17249778897649048
TEST_06530,1.4133416715230942,0.07965855834317208,-0.11959710173559188
TEST_06531,0.8848692150072456,0.06026666149878501,0.04441656532739103
TEST_06532,4.231040429731846,-1.0334216456844807,1.4572999946261644
TEST_06533,1.6515567018799782,-0.4005060216760039,0.34161409158986994
TEST_06534,2.124988425015807,-0.47763434350657463,0.10604912580168248
TEST_06535,2.146926195956707,-0.13067164517144858,-0.09165423045396805
TEST_06536,2.095397042328954,0.6179657235963345,0.8971889720962644
TEST_06537,3.7871904471312763,-0.007067618359029294,-0.30811621653723714
TEST_06538,5.056485253094017,-1.3258078001134395,-0.20628769512325526
TEST_06539,3.0839226480318755,1.2526204624563455,0.06278972443619371
TEST_06540,2.2790444074764253,-0.34986754143977167,-0.8502138456257582
TEST_06541,2.3334091926783325,-0.007401174108684062,-0.6384624154201746
TEST_06542,1.246797016453743,-0.03296384290862084,0.11416973764961957
TEST_06543,4.217128713850081,-0.9652015279182493,-0.998940812593937
TEST_06544,4.402824571364403,0.4211424042649269,-0.8769796441449523
TEST_06545,1.992324157723546,-1.7456303690972328,-0.9180821862168909
TEST_06546,2.1719142276662295,0.5079807238399983,-0.7140880881903767
TEST_06547,2.1735825407201053,-0.3597562865753174,0.290960388128981
TEST_06548,2.917665258201122,0.3634905921564102,0.43900754078817367
TEST_06549,1.8367229141836166,-0.34101842382144926,0.5408145202864408
TEST_06550,4.641937521893203,-1.1704122028902768,-0.7530622405349612
TEST_06551,1.9719005626760573,-0.36402580406928065,-0.1616810681374073
TEST_06552,1.6898899537020922,-0.1651360247616768,-0.14578614510726928
TEST_06553,1.910617128434658,-0.22080099932330846,0.2825445419834852
TEST_06554,2.303096482202709,-0.42014899614977835,-0.08865976741993427
TEST_06555,1.9824663695416451,0.5368703258972018,0.7029435200760961
TEST_06556,2.9608325780575275,-0.45053837464499474,0.29005138386253265
TEST_06557,1.254644405840397,-0.022056645194053648,0.37110418260735273
TEST_06558,3.1074827811141015,1.765096787310779,-0.6282683429698944
TEST_06559,3.564613290119,0.9769120258227587,0.5765132895452231
TEST_06560,2.8614759296065273,1.694415399535656,1.196135334787786
TEST_06561,3.3840590680978297,-0.3542709321638234,-0.4471267980041504
TEST_06562,2.479381140645742,0.14542735405009985,-0.008152524985983968
TEST_06563,3.9145665781717303,1.299125385071516,0.682165569735527
TEST_06564,1.7961160887269974,-0.4114475108876228,0.5798550382862389
TEST_06565,2.9353151606470274,-0.2101340661203265,0.6229459271454811
TEST_06566,2.2027541044946313,0.3049327214229703,0.4205445387130305
TEST_06567,2.8431308070121406,1.3178531790540218,-0.7323449348375797
TEST_06568,2.2353586756818293,-1.3719442195971607,0.48718680393034874
TEST_06569,2.985436469133377,0.25692055970168115,-0.2262059433441162
TEST_06570,3.3809768564190863,0.305694286554575,0.47211300260305405
TEST_06571,1.4086427004514337,-0.44508619697618484,-0.2611928698091619
TEST_06572,2.0675041342686415,0.03303378512120247,-0.8479218827243448
TEST_06573,2.6346475794185102,-0.15034980888426303,-0.07131329307436943
TEST_06574,2.2023800174401997,-0.6540725462708473,0.5046033314055205
TEST_06575,2.8263456966383456,0.10915231133949757,0.8760634934353828
TEST_06576,2.623741018785596,0.9572934868681431,0.06788197283411027
TEST_06577,2.8659728421697617,0.25067172287204864,0.586886684078455
TEST_06578,5.660832975872219,0.21090627062869072,1.565921765218854
TEST_06579,3.0826407905453443,1.1927528420822024,0.8000457256993055
TEST_06580,1.7883388029822112,0.22739500811982155,-0.3118999801871777
TEST_06581,2.595624733184576,0.22009141319608688,1.023625176693678
TEST_06582,1.2004427815420629,-0.2451189914717674,0.18145595298498868
TEST_06583,3.592555714386642,0.31737819157457353,0.003995121404170993
TEST_06584,2.879515270417303,-0.27143015558514,0.7219363993088007
TEST_06585,5.404088814962864,0.658946232993856,0.8499389512156248
TEST_06586,3.0997802981193066,-0.42537495223402977,0.5955448690820933
TEST_06587,4.075476145176177,0.03118478712916374,-0.8054949735755921
TEST_06588,2.17670599421978,-0.6031131409344673,-0.2578061873321533
TEST_06589,2.8405926900146903,0.9111494516837597,-1.0649780228767396
TEST_06590,4.5194550825177435,1.1452325891470314,-1.0050604555225968
TEST_06591,2.1399034767309426,0.14792653387260438,-0.16765652549147605
TEST_06592,2.186165936527848,0.09803083428406716,-0.8074471570911408
TEST_06593,2.501341844302654,-0.6971635909128189,-0.04449173806810379
TEST_06594,1.6735274924869536,-0.4439286023250818,0.2327767539166212
TEST_06595,1.1015205371586085,-0.22550785527718065,0.24408092605210097
TEST_06596,2.8757317352645395,-0.34901785561788085,-0.6934648247689009
TEST_06597,2.076551594060063,0.13741654328900577,-0.375447304705143
TEST_06598,1.3740131929479837,-0.09651010079979896,-0.2803880324140191
TEST_06599,5.353692742233991,0.26898583837227524,1.98091436997962
TEST_06600,3.0860110342407228,-1.2786926676321029,0.2710673383129835
TEST_06601,1.9391550169960856,0.2608196744139791,0.6078361058005541
TEST_06602,1.9951911795610489,-0.8383950142719746,-0.5047432570483684
TEST_06603,1.9422957231526374,1.10089216279459,-0.8761091141921282
TEST_06604,2.609475045727253,0.6229891940481663,0.9195676137986183
TEST_06605,3.111311855481237,0.37534193653762343,-0.23812078173214196
TEST_06606,4.866977155830741,-0.43612109176552294,-0.5368681566026211
TEST_06607,1.6834047289414407,0.5019396734235286,0.02605537698173523
TEST_06608,5.6331782129278185,-0.47145594567489624,0.2549096809847355
TEST_06609,3.407339185155511,-0.09046206190675497,-0.2587500457792282
TEST_06610,2.732434673304558,-0.042607095216095445,-0.3816796146736145
TEST_06611,2.2037677287861706,0.026158539653122426,-0.6886076278080344
TEST_06612,2.0625840305811165,-1.567527914903611,0.9603369807164073
TEST_06613,1.6497511892027854,-0.3776053976614475,0.26761160372029247
TEST_06614,2.6728475583483577,1.0476362641974613,-1.0504217506700755
TEST_06615,2.9837130392347464,1.1652252709602118,0.5305887694873214
TEST_06616,3.256122859705329,-1.0947701939036847,-0.33120004075944426
TEST_06617,2.7648403362717815,-0.910970546590805,1.5273275562864541
TEST_06618,2.037247814230442,-1.1089445427212714,-0.6733260149231554
TEST_06619,2.7332607240306137,-0.48506210534261723,0.37416887133228777
TEST_06620,1.623017352060795,0.42787003304294496,0.44888798816502096
TEST_06621,1.3363673849198223,-0.13177878352043032,0.17176397893059253
TEST_06622,1.8072164870579839,-0.3888670205042362,0.2425286854840517
TEST_06623,2.991441904710293,-0.5187000654661655,-0.19169678361731768
TEST_06624,3.1844644606900214,0.13397393940067293,-0.21772645052838324
TEST_06625,2.9424362708402874,1.3720788899486065,-0.8862291752774716
TEST_06626,1.0714535418331623,0.20555478299456834,0.2836049252867699
TEST_06627,3.5365730158222615,0.20297485162079335,1.233791022006154
TEST_06628,2.311726188647628,0.07954765842986107,-0.17903981400215627
TEST_06629,4.191933349819303,-0.9543367173712254,-0.2701173180875182
TEST_06630,1.9654914192019701,1.4847071096810698,-0.6747250224048496
TEST_06631,2.1039621113061906,-0.03557912396663428,0.03605915962076187
TEST_06632,1.3550504532592296,-0.6464347911087275,0.7078191012781709
TEST_06633,2.3445706854752304,0.36541476851129534,0.5074133339907229
TEST_06634,1.2073055723309516,0.15592621239614488,-0.267209603507638
TEST_06635,1.2219551826615334,0.2404719547894001,0.37373264304584264
TEST_06636,2.431046859737694,0.4289010471855402,0.9445880629760772
TEST_06637,3.587485050234079,-0.7607797495467067,-0.380705870229125
TEST_06638,1.9861594981994628,-0.48697516459512713,-0.19483067620629071
TEST_06639,3.8411934740836022,1.0467973850890995,0.2294533795541823
TEST_06640,4.600982814389348,-0.029697110943883658,1.4451050502189398
TEST_06641,4.774624610390544,2.090314166418314,-0.837458673389554
TEST_06642,3.96043653067863,-0.7760170947973728,-0.7608837931505442
TEST_06643,2.707036750171073,-0.37146179729270934,0.6765103399533033
TEST_06644,2.8189482944585085,0.6514035912780761,-0.47255022881865505
TEST_06645,2.2116685802262275,-0.8662332901599408,-0.1699370739954114
TEST_06646,1.5271380987998546,-0.6574598737661839,0.3886914329534173
TEST_06647,4.709895519254208,-0.7509129634688496,-0.9941259780694247
TEST_06648,4.446051513159573,-0.3809527903747559,-0.03516382853484154
TEST_06649,3.146841784237504,-0.10143388879454136,0.3024579522654414
TEST_06650,3.3194911274963617,-0.08498674186372757,1.1935574565491676
TEST_06651,2.3969996707644463,0.17311152571451663,-0.005006679737687111
TEST_06652,2.5229880558019877,-0.3194881210952997,0.7514354362624288
TEST_06653,1.271489961877346,0.4809648199133277,0.038136428044706586
TEST_06654,2.0317333346289397,-0.3325070424654484,0.9250561239558458
TEST_06655,3.708978638668418,-0.09323897166121006,-1.0927174446275234
TEST_06656,2.837347168271303,-1.0052063251554966,-0.7453709315570592
TEST_06657,3.7477393819398284,2.067112811745882,2.262270540587187
TEST_06658,4.755234020235986,1.4706372919766904,-0.7302078064198494
TEST_06659,4.197437149632632,-1.3325398575497867,-0.17967832516250537
TEST_06660,2.070139855160713,-0.9753846661269665,-0.839596524827838
TEST_06661,1.8778565361043216,-0.35330754603493214,-0.16516029066371918
TEST_06662,1.6651198747575282,0.32906755481517314,0.04539848388469219
TEST_06663,4.472705679230333,0.2670082486771345,0.8275245397531986
TEST_06664,1.6047099420471191,0.6666055259171129,0.2681346795195341
TEST_06665,4.204556779524565,-0.2793443188765049,0.49935068607389926
TEST_06666,3.1823019886019526,-0.5418837070147992,0.7066217718603611
TEST_06667,2.624126173483044,0.7601654368115663,1.0060935023044943
TEST_06668,2.6700326904683114,-0.7401706414534152,-0.005102702116489411
TEST_06669,3.7993180000054836,-0.6046867799504996,0.59898378729707
TEST_06670,2.630152019383192,1.3640139163299798,-0.7468535852999687
TEST_06671,1.837406172945559,-0.6066355744380355,-0.3510090335246325
TEST_06672,1.4620164769160748,0.20608328002882004,-0.1335418407405615
TEST_06673,2.6949403340818883,-0.12537930852603912,0.5003365931165367
TEST_06674,3.615412655811876,0.08084451961874961,1.113910837747574
TEST_06675,2.0666913545683028,-0.33268598715507985,0.33778781530356405
TEST_06676,2.776646522448063,-1.5956317495311498,-0.5022076761882305
TEST_06677,3.1472007535467146,0.34964212761206925,0.8604135680367947
TEST_06678,1.4302242170979977,0.13729700839310885,0.12656178882513755
TEST_06679,2.7016951691232176,1.160225325996518,-0.3355803136004806
TEST_06680,3.21162956148088,1.2239495199822188,0.20393604088759423
TEST_06681,2.627885452854276,0.8339611540451385,0.4928466579124406
TEST_06682,1.7790057936477959,-1.1231027658751012,-0.34411452068829534
TEST_06683,2.351165179023832,-0.4670627130545378,0.8703772388281822
TEST_06684,1.9980831968274118,-0.28803110491251943,-0.27202570809864995
TEST_06685,2.623812607135415,-0.2345803621762693,0.504562225083828
TEST_06686,3.3831213164355196,-0.5614178623095751,-0.7820037519134879
TEST_06687,3.1823731700696944,0.39445593338358403,0.34891929606482386
TEST_06688,5.719739844105184,-1.410350470350623,1.262856034122467
TEST_06689,2.476778424433231,0.49509920586204526,-0.036925881775498395
TEST_06690,1.3620469718654156,0.185139649625659,0.15496585251045228
TEST_06691,1.423633996167183,0.04597082203805447,0.1490673589695692
TEST_06692,2.543789128141403,-0.934093977750063,0.1727436531174481
TEST_06693,2.911266106770575,0.22764644042766094,0.21976143233788015
TEST_06694,1.4200425141562223,-0.7550172307205201,0.5946590434899927
TEST_06695,0.9046944855151177,0.28712855877149107,0.23638217777632922
TEST_06696,2.74287447227633,-1.5016969308335781,-0.09248786324536801
TEST_06697,3.782491226466775,-0.04242194538640976,0.5197293539950847
TEST_06698,3.14433075663805,-0.45460168833017345,1.263348033531189
TEST_06699,3.9638185595610738,-0.4776399571636617,1.156549847943306
TEST_06700,2.356873519318998,0.005337273758769034,-0.2440086345368624
TEST_06701,2.749411821145728,0.11305838101840018,0.8641445203558207
TEST_06702,1.2808291255960464,0.013180322318434716,0.4320030624593049
TEST_06703,3.100120867116511,-0.0949306528274715,-0.39836223808780313
TEST_06704,2.7495951908385754,-0.16715918071585895,0.2093261722401157
TEST_06705,5.289285742976248,0.3159029351150989,-0.46366895392620566
TEST_06706,1.9004005488630533,-0.12414788881611824,0.20946638285398483
TEST_06707,3.285710404061079,0.5168549647642374,0.501811994719565
TEST_06708,2.5440182074501516,0.41782291252064707,0.22252371460723877
TEST_06709,4.507588841068745,-0.7217367105665207,0.04760903347045183
TEST_06710,4.14002979486525,-0.03240851282173395,-0.5303035288796425
TEST_06711,1.989633756708145,-0.9579386592700482,0.13277995332711934
TEST_06712,1.9753042336177826,1.206737646628201,-0.8775586333246231
TEST_06713,2.6891797475328447,-0.024282706779837605,-0.2630459251308441
TEST_06714,1.2697471027274132,0.16289864521741867,0.0396632802000232
TEST_06715,1.0597428593883513,0.09604693789893388,0.2559285596219301
TEST_06716,1.4398922824401856,-0.31898091437482834,-0.2157777341350317
TEST_06717,1.2336472894814015,-0.28577996530342104,-0.174798550180912
TEST_06718,1.3935135674762726,-0.593604479795158,-0.2709806551434398
TEST_06719,5.397678281874657,0.7316632466106415,-0.09505402545499803
TEST_06720,2.5980964043087957,-0.5761245377335549,0.41453532244348523
TEST_06721,4.680877387920618,0.7041967548820972,-0.03532721635091304
TEST_06722,4.663289646882176,1.3911921943327188,-0.5067095858082772
TEST_06723,1.7353749902968407,-0.12238520381093025,-0.09559985129341483
TEST_06724,1.5105493202137947,0.5157575161874295,-0.28122834392952917
TEST_06725,1.3064032955007554,0.6397704002695084,0.36086963842493297
TEST_06726,5.235997176408827,-0.4257114451636076,-0.24748286133539676
TEST_06727,3.022156323032141,0.38366064760261775,0.46913418399843576
TEST_06728,5.59736210663405,-1.6158721365473419,-0.8968201161241531
TEST_06729,2.3437371420474054,-0.26537678346771004,0.005100151974499225
TEST_06730,2.863195174314022,0.6025956074397713,-0.15643832221317291
TEST_06731,1.2304685349018574,0.0964337980735302,0.19946274297517538
TEST_06732,4.199553907597303,0.10916365865170954,0.3712607432112992
TEST_06733,3.0659815624752045,-0.3531054345005751,0.5482840078721046
TEST_06734,2.4125173656120302,-0.2592576168135405,0.3054303364626169
TEST_06735,0.9128964200624228,0.24844856795430184,0.03729385758474469
TEST_06736,1.6908417807682752,0.11215943334194273,0.4280294143471792
TEST_06737,3.4692374882576464,0.2216663915529251,0.7614548432387114
TEST_06738,5.436310260742784,1.1775564260228277,-0.46097538541418315
TEST_06739,2.506778486014128,1.3195919068653583,0.06980943119516969
TEST_06740,1.5528946065437794,0.12371202512541413,0.3096941099648178
TEST_06741,1.2849982244718074,0.02639922155582905,0.2094806753265951
TEST_06742,1.9624963377482891,-0.2747554366736412,-0.6701459204537868
TEST_06743,2.963247944515109,0.7489054107941687,-0.7495348790840507
TEST_06744,2.3173719773120283,0.15798781423422695,-0.5227254291911125
TEST_06745,4.521322702146769,1.8107531603227853,-0.4731892902367711
TEST_06746,3.2619704484735728,0.8523995379363447,0.591734458083272
TEST_06747,4.696820732143522,-0.4392718009072542,0.028206270628750325
TEST_06748,2.514261693766594,0.44388475838738306,-0.3454284417235851
TEST_06749,3.5499640452508925,-1.5797439397554398,-1.1771629469509124
TEST_06750,1.164185224209547,-0.24613068216896056,-0.04760476363158227
TEST_06751,1.2117041008610725,-0.8617732337884902,-0.06541529620051384
TEST_06752,2.72962453747797,1.4750234063925742,0.622564155672431
TEST_06753,2.2709358226266354,0.4639901560006142,-0.4046402680299282
TEST_06754,2.2921762384457587,0.2825156525578499,0.08766460199791193
TEST_06755,1.894697019888878,-0.7019406940404177,0.508901068349719
TEST_06756,3.154137324347973,-0.7642228187707663,-0.37420464093089106
TEST_06757,2.1291386520074607,-0.04160826570469141,-0.2612360898139477
TEST_06758,3.353115851142645,-1.3503493254544734,0.7398594578547478
TEST_06759,4.56206450586732,0.20230492810165882,0.8970951905859709
TEST_06760,3.091376872797251,-1.5712849090156555,-0.5755787613093853
TEST_06761,4.290056122586678,0.8795400709066391,-0.7396605350447893
TEST_06762,3.985676624256462,-1.5422121484975815,-0.9391178628206849
TEST_06763,1.5559908261125088,0.1340668653948307,0.6991112689511478
TEST_06764,1.7681114302958996,-0.010528079443931582,-0.03677357569003105
TEST_06765,1.4608267945241928,-0.07307690006935597,-0.3355915218642652
TEST_06766,3.6829792553492786,-0.7452225202801227,-0.5845332578823567
TEST_06767,3.79140373111403,1.3408879301490784,-0.9323160271430015
TEST_06768,4.882700340331555,-1.6726418760448694,-0.12652042428326607
TEST_06769,2.4823478619475363,-0.04444792185235023,0.00347272746437788
TEST_06770,1.0687884209926128,0.5977455348739624,-0.2440579723843932
TEST_06771,4.089092249517321,0.15012354366850852,1.081764217193775
TEST_06772,4.719885952109575,1.1080057442801,1.1001237053809465
TEST_06773,1.3551389832981824,0.4222554479202032,0.3563467071458325
TEST_06774,3.3166222290512324,0.9929247320125476,0.9381641129246503
TEST_06775,2.846998310629189,0.5811212764713765,-0.1228921690403223
TEST_06776,2.2551931079604626,0.2592767397304773,-0.19636005778443813
TEST_06777,1.4976958041516542,0.5056729814162254,-0.35964608707547185
TEST_06778,2.556167366837144,-0.21692983662587403,0.13399377136662974
TEST_06779,4.266862311476588,1.3056391439911128,0.9137839529961944
TEST_06780,1.457036568145275,0.17965084316945076,-0.009288490780185909
TEST_06781,3.079319922222972,-0.027527666325569154,0.13214893212866785
TEST_06782,2.2551305609592793,-0.08764539335098863,0.08095254183131456
TEST_06783,3.869331696772754,0.1265381884393692,0.8669739965765476
TEST_06784,3.1741753810636997,-0.25731301432836057,0.05792847054260969
TEST_06785,2.3936660202316045,-0.282038070753932,0.0530593236926198
TEST_06786,2.575736964726329,0.04901552015654743,-0.025659509500816465
TEST_06787,4.5412524978264575,0.8004602180595547,-0.31293394485503434
TEST_06788,1.9999873742070198,-0.6199651194425821,-0.3354076617403254
TEST_06789,4.6589798431509735,-1.1196004087910651,-0.37354177065813543
TEST_06790,1.6509887623853683,0.12343368805837632,0.547963671738267
TEST_06791,2.41663513557899,0.6598378025275469,0.010339436193168162
TEST_06792,3.202973397688687,-1.5656333109065295,-0.8605493748764396
TEST_06793,3.3562462580388783,1.0001598073616027,1.0616481174268722
TEST_06794,2.3563743867266775,0.33672673066973685,-0.08259396170520783
TEST_06795,2.5497010745999815,0.8243919181187153,0.5213447500374914
TEST_06796,4.51410418528223,-1.6237317528715134,-0.4178394595761299
TEST_06797,1.8438652710003853,-0.4155185427274704,0.5262095848720074
TEST_06798,3.6601540479912757,-0.7007175283106566,0.9788473001214266
TEST_06799,3.9518936121980848,1.8179579927680491,-0.4300179916661084
TEST_06800,2.602150248675585,1.5539592358641625,0.6716861652639509
TEST_06801,4.4640285279840235,1.6719870423913001,-0.03482775254547596
TEST_06802,1.765450155545354,1.1465537872573137,1.0689690683115125
TEST_06803,1.9153945141129494,0.7641373270771503,-0.14327114309370517
TEST_06804,2.1931012380304336,-0.08580733863216639,-0.12066052632129193
TEST_06805,2.8761800215521753,-0.3649492226392031,0.7713335750607252
TEST_06806,3.7930452336051466,-0.4532743309069872,0.2662630291158557
TEST_06807,3.7591309730914833,-1.4111629657755493,-0.8986653279743194
TEST_06808,5.665559258069754,0.12396844354224204,0.11279239944198728
TEST_06809,3.1623875041377545,0.22298816117143633,0.21583109546613694
TEST_06810,2.7304757014861107,0.16303123432874678,0.15551868234050273
TEST_06811,2.471297492090732,-0.19329386372876167,-0.16698871543109417
TEST_06812,3.064140875834346,-0.10066609063613415,1.2131018742258548
TEST_06813,2.555621878173709,0.03362731103295088,-0.3898352398827076
TEST_06814,2.7827041809699535,-0.025369129989624026,0.6418142603427526
TEST_06815,2.2969332792003154,0.4715326176304817,-0.11490925191640855
TEST_06816,2.9801324277418257,0.5185686059602499,0.9113718223278523
TEST_06817,2.500274431041002,-0.7316305046124458,1.3232339998429417
TEST_06818,3.386728494833231,-0.9419521492571831,1.1738926140832902
TEST_06819,2.4012247904070616,0.687594337343216,0.28915091701078416
TEST_06820,2.3897461366472244,-0.3609239735532701,-0.07762638459253311
TEST_06821,3.0645403288369777,-0.11150138751089572,0.20483377583432197
TEST_06822,1.4956413732938767,0.8159509937722683,-0.06055008425891399
TEST_06823,3.5491491025570037,0.4213957580714226,0.8370911766290665
TEST_06824,1.7086336032704115,0.2749837368147373,-0.15321347900387644
TEST_06825,3.3585270754247905,1.3896617071361541,0.11288480364498496
TEST_06826,1.4194481958582401,-0.1358150148690045,0.4635821928877831
TEST_06827,3.2225945499285458,0.19758692145490647,0.4588519860161543
TEST_06828,1.3981831329669951,0.29426398421059546,0.17796034347331524
TEST_06829,3.7801701222937107,-0.14927048971164228,-0.9003118966786265
TEST_06830,3.8938736458580494,0.29341988623702525,1.231087027385354
TEST_06831,2.78596104232198,0.9551276149448157,-0.30305812873488663
TEST_06832,3.471132169678688,0.2230292876945734,0.5714981551248133
TEST_06833,3.80869071864748,-1.058850272798121,1.2816418015954494
TEST_06834,3.132492374806404,0.016883233993411063,-0.5178863193238974
TEST_06835,1.0188310616574288,0.33174639202785494,-0.03212994520354271
TEST_06836,2.741140604374409,0.17846434321165086,-0.13890770490193366
TEST_06837,0.9847463532981873,-0.013361380507707596,-0.1401037231490612
TEST_06838,2.37638155140841,-1.171091358330533,-0.5472945451234579
TEST_06839,3.896379035839707,-0.5401058659870625,-1.0067294447939397
TEST_06840,1.6413123907723426,-0.31579611481940745,0.30920628830461205
TEST_06841,4.551815036931753,-0.764886204937756,0.9603675509607792
TEST_06842,2.024167956010342,0.019750437328785658,0.08410701389217377
TEST_06843,3.2180704987517594,1.0221284056876898,-0.79727276356256
TEST_06844,2.0382250183557273,-0.7797304674754143,-0.5697023952234983
TEST_06845,1.2356711727142333,-0.46900246511009336,-0.0977288212518096
TEST_06846,5.066682714281678,0.6241422708433494,-0.27452418426215647
TEST_06847,4.029720296463907,-1.0846971147621571,-0.7374977352277636
TEST_06848,4.546687098829448,-2.2637353763968946,0.8210899030129611
TEST_06849,3.3875072264918686,-0.4717993612536192,-0.317149707639575
TEST_06850,3.094210245720744,-0.04856595972836017,-0.572593081697464
TEST_06851,1.1645792489026934,-0.3002000642670393,-0.0159896845767498
TEST_06852,3.4986247886226027,0.003458013304412366,-0.8481136655979157
TEST_06853,3.0181615284466745,0.3323541725757122,0.3827490569076836
TEST_06854,1.6513534859549999,1.237765511550367,-0.6415517796695233
TEST_06855,1.7857413411562444,0.1377954907345772,0.4406733901933432
TEST_06856,2.8012744197832644,-0.05540719393986464,0.7434152003784105
TEST_06857,1.9680840198640823,-0.36171715059673787,-0.11995645952630044
TEST_06858,4.8337295666780475,1.1648967953600884,1.408082775131941
TEST_06859,1.2341125885474682,-0.12355231097507477,-0.12625814104765654
TEST_06860,1.4548006297786236,-0.21798560009145734,-0.25009554210489987
TEST_06861,1.2362631029738187,-0.3964460667116046,-0.10939700801151991
TEST_06862,1.542096823653698,0.4012230479338169,0.12054434928807617
TEST_06863,1.2147230069705248,-0.3570532933525443,0.49954522513049837
TEST_06864,3.6869717492601275,-0.5629406851513088,-0.5801477063940763
TEST_06865,5.279952970793366,-0.4990699278427363,-0.15418308673465253
TEST_06866,1.9357969083766937,-0.4367758690350056,-0.36214126609808206
TEST_06867,3.9399117714810368,-0.22070834591896274,-0.09813946379876137
TEST_06868,1.9647705222241283,0.4604613853936196,0.33478143137297406
TEST_06869,3.62487243136096,-0.7522647142705917,1.3187379729032516
TEST_06870,1.3322916645495892,-0.6472304748284817,-0.44186296823561194
TEST_06871,2.7200507550735473,-1.2250236398763656,0.4745683372157514
TEST_06872,1.477582502031088,-0.7357263663677573,0.1366023034196496
TEST_06873,3.630683965544522,-0.054412544888496395,0.6913907494029998
TEST_06874,2.5173039728486537,0.44899214752960204,0.665628282351837
TEST_06875,1.0037201690115929,-0.12523407897141575,-0.3361167366517782
TEST_06876,4.201799939382136,0.32802044504857064,0.5844143796812594
TEST_06877,2.6776795509306193,1.1772908742845059,0.1526321597099304
TEST_06878,2.571152733720854,-0.4141500374982953,0.4407646797898412
TEST_06879,5.506921657455683,0.33720606456825136,2.116084296995044
TEST_06880,2.094909178513527,-0.472465623790741,0.10419044633688777
TEST_06881,4.2948530554250475,-0.04064076432335377,-0.26189448377263547
TEST_06882,4.355015035161734,0.9466948304616958,0.21326543835282324
TEST_06883,3.545640021583736,-1.1954294780611991,1.0649626154885292
TEST_06884,2.7528464355101585,0.11397685514324904,-0.5346567560448646
TEST_06885,1.0211978049705028,-0.3289830430394411,0.1747534687356949
TEST_06886,2.95593918313694,-0.0856553509619236,-0.32529340403294565
TEST_06887,4.386405778378129,0.11682633841168881,-0.33509572633183005
TEST_06888,3.7718220165708063,1.2803475094209908,1.3557492748869955
TEST_06889,4.538203337492943,-0.4328677153041735,-1.0357977500085234
TEST_06890,1.6558723002529143,0.12661541022324563,-0.1114305205631256
TEST_06891,2.626403556019336,-0.14511567758345603,-0.5889666579061746
TEST_06892,4.699256428587615,-0.8134505828386546,0.21173992820137738
TEST_06893,2.811294644171715,-0.5658138206036984,0.5839847674426735
TEST_06894,1.6113662425540685,0.10297751864647865,-0.5064887235029936
TEST_06895,3.9565652736570835,0.5824115952224731,-0.7501070430140495
TEST_06896,3.465859521306515,0.09304167904150859,-0.3231101704645157
TEST_06897,1.4782323701004088,-0.38186984151598813,-0.33856817804048955
TEST_06898,5.064524957048654,-0.39363034575247763,-1.053348420558095
TEST_06899,3.8849024801060854,-0.24909424610361458,1.0167804113337993
TEST_06900,2.3005316573982237,0.4063101791343689,-0.6796506300492287
TEST_06901,3.1996142487142087,0.07073347854089737,0.46688981328332424
TEST_06902,1.3109547433778048,-0.5150276118572951,0.31016653068607675
TEST_06903,4.083858725751072,-0.6302873123598098,1.073594886811018
TEST_06904,2.457486842601478,-0.4085498645131886,-0.5082756480154991
TEST_06905,4.9141733306879996,-1.2324476070723533,1.667726207934618
TEST_06906,2.177004173582554,0.09689457697653771,-0.48918293457019324
TEST_06907,2.3150634198814632,-0.12423763297605514,0.9064936268104314
TEST_06908,2.904500179966569,0.1399404698512554,0.026751534511685368
TEST_06909,4.876255330125809,0.4295695820826292,-0.3180146115317345
TEST_06910,1.92580946668154,-0.9712613803263903,-0.4989685869627446
TEST_06911,2.1493459221408964,-1.1899890954556465,-0.47459266097068786
TEST_06912,1.459500897527218,0.9187119939475059,0.4696586009449363
TEST_06913,2.817750369146347,1.5286613415966035,0.9551722908260822
TEST_06914,1.77842092542696,-0.015317590865373612,-0.1644279242963791
TEST_06915,2.293405854236424,-0.19554292653232813,-0.2738225895999074
TEST_06916,4.262207333718777,0.6868906627772451,0.7789872045733929
TEST_06917,1.4102291875309945,0.24966838821172715,0.2172479889397621
TEST_06918,2.868795879292965,0.7063365122411251,-0.5753395987471343
TEST_06919,3.2568809534508287,-0.7775833742055893,1.9550153977063298
TEST_06920,1.8318882830981016,0.48250158839559554,0.18166711979708822
TEST_06921,1.1166014015171528,0.2872482967440486,0.06394385737027973
TEST_06922,2.0526325225829036,-1.0124575554139614,0.060611656438708306
TEST_06923,3.9871620345807077,-1.2055396084079146,0.3141223193472922
TEST_06924,2.0531886242142914,-0.9292791085739136,-0.5520764687504769
TEST_06925,1.252469996894121,-0.31054094433355334,-0.3041178365670741
TEST_06926,1.50438495185256,0.6955524245857,-0.03001356800147891
TEST_06927,4.217942580565929,-0.372696211833477,1.0010817879480123
TEST_06928,2.417965606154144,-0.23306046237784625,1.3088218162233756
TEST_06929,3.6294066756938697,0.4888928709945083,-0.08403547908616066
TEST_06930,2.2346388931274412,0.2728011036871374,0.4244980333707333
TEST_06931,1.0329118222663403,-0.4243050985765457,0.09709974144041539
TEST_06932,3.250432071798563,0.1477501813261509,-0.10569264621254802
TEST_06933,2.26074480307132,0.1789598957622051,0.5067511516558528
TEST_06934,2.914514470732808,-0.15087838499310613,0.2780494136457443
TEST_06935,1.9699698734502793,0.323794332423687,0.24326847577513755
TEST_06936,1.5118954426476956,0.550138836836338,0.4503420510344505
TEST_06937,3.4722668957220315,0.34835646051591634,0.6862266373062432
TEST_06938,4.633351152953863,1.0906370298091173,-0.20799927364456652
TEST_06939,3.6622516909486653,0.4456918780630827,0.0735009015790224
TEST_06940,1.1647450869615077,0.18412197402584551,-0.34946925393003225
TEST_06941,2.8283857144361435,-0.08213192264771461,-1.0557356321862936
TEST_06942,2.28303551751709,-0.6614730833574534,0.18520664988672733
TEST_06943,3.9296228015538452,-0.5518149229632616,-0.1702734083235264
TEST_06944,1.3116953170576096,-0.4114675815884471,-0.33295491885370015
TEST_06945,1.7607410659723282,0.4166393990359306,0.4745815937475041
TEST_06946,1.386447997210741,-0.03812027762520313,0.6322051432090402
TEST_06947,1.4940581855335833,0.16320274876958132,-0.16040382502368092
TEST_06948,2.5015617062081397,-0.4971423737161085,0.31388862313695626
TEST_06949,1.3842501665602922,-0.2122002588803172,-0.3283867151598036
TEST_06950,2.723323601793695,-0.17237542186129093,-0.028761685569763183
TEST_06951,2.315046987567544,-0.15272089713960885,0.6085904522055388
TEST_06952,1.134501716281414,-0.43781338312244417,0.32494623705399034
TEST_06953,3.683676349778652,0.7840697589069605,0.08846146619951725
TEST_06954,2.8713303769693375,-0.639667538082242,-0.040888544191896914
TEST_06955,2.246563745702416,-0.282750007907629,-0.011244474342540839
TEST_06956,4.257152404590607,1.4582515220426322,1.051494806364894
TEST_06957,3.0348606622493266,-1.023569387258053,-0.35694434648251533
TEST_06958,1.2714457191681863,0.268263954890728,-0.3960638901175261
TEST_06959,2.059797934458822,0.7702453854265809,-0.32276751204457876
TEST_06960,2.665121076294422,-0.46093000475502016,0.375323836835146
TEST_06961,3.020512181700945,0.1822053222808838,-1.0138060884605646
TEST_06962,0.8823919184875488,0.05377702853995562,0.4819354172182642
TEST_06963,3.698995515239954,0.2753896565401554,0.37190967523789403
TEST_06964,2.974286574926138,0.6505392992503644,0.6877637994381189
TEST_06965,2.177157894359529,-0.8695175437748432,0.9110730908257961
TEST_06966,4.935543266047,-0.34524603106409313,0.46598257516133784
TEST_06967,1.3679509747617842,0.35745678309473394,-0.5493634305326343
TEST_06968,4.1897116182348135,2.2168567405087947,0.6500134257119968
TEST_06969,1.2579690810198785,0.3053864200389385,-0.0009364483841657646
TEST_06970,1.596315606060028,-0.3120688211708665,0.38434883598136904
TEST_06971,1.9293664362885952,0.6144575637019724,0.05922873436939716
TEST_06972,0.9903636653369665,0.5553698925865125,0.3925643593361005
TEST_06973,3.229767173058361,-0.4519415630288124,0.014729694777369498
TEST_06974,2.3921245038593413,0.6366426179692746,-0.872343151321888
TEST_06975,3.716296217174947,0.7785458457999825,-0.653132284823656
TEST_06976,1.1948991984660626,-0.6212613979158178,-0.13907520564621687
TEST_06977,1.30550978546381,0.426932692897141,0.15626083592700957
TEST_06978,4.3554606798061135,0.2580477859015465,-0.1477770381964445
TEST_06979,4.353762230452419,1.6242216664099693,1.5054627011630535
TEST_06980,1.219140641211748,-0.640945344224602,-0.45038524151089787
TEST_06981,3.5509523134159147,-0.5235938643881679,-0.09135495724821091
TEST_06982,2.5211392700386046,0.5123498841519356,-0.08252860780358315
TEST_06983,3.0031908322899343,0.2175463562489301,-0.6772364649359583
TEST_06984,3.2712274437327458,-0.3358478096126914,0.45148699851131435
TEST_06985,2.1433820979522467,-0.16292887797284125,1.165283692891568
TEST_06986,2.199824631762624,0.3764063922803402,0.1053070363945365
TEST_06987,3.0484505448465944,0.06996137620736659,0.2256724020452127
TEST_06988,2.953444422181368,1.1617063716495037,0.15255006659281253
TEST_06989,1.9322175445979834,-1.1924135070355535,0.46599837582451104
TEST_06990,1.0382420304934978,-0.2799955589170456,0.15495345677661895
TEST_06991,1.9397741871080398,-0.5234011501927376,0.28424147476816175
TEST_06992,1.9786910003488063,-0.8504436577587128,0.8034040114105344
TEST_06993,2.67106381179085,-0.24367460584384204,-0.4287218416178227
TEST_06994,2.001908422958851,0.5967651039239168,0.0004455532201528556
TEST_06995,2.352594632157922,-0.623351757775262,-0.6852482233182788
TEST_06996,2.155222023860693,-0.6691242935593724,-0.4408421698178053
TEST_06997,2.787483688490868,-0.4742147727583051,0.5572784746589958
TEST_06998,1.2474952323191166,-0.21659627651309968,0.2155914655858837
TEST_06999,4.883950432275594,-1.1806580001252591,0.4231496511940956
TEST_07000,2.491102818033576,0.6086506157436371,0.2787507825921625
TEST_07001,2.417994927795291,1.5140441987845898,0.2709553944859058
TEST_07002,1.9615509124350547,-1.3122434045974314,0.29940995618944616
TEST_07003,1.916267442487955,1.2664038750011624,0.5625875792444796
TEST_07004,1.6059201377916337,0.06457148371219634,-0.19030576055157183
TEST_07005,3.0082052708392144,0.566728909610629,-0.25322425016993283
TEST_07006,1.439882010687828,0.5367933639704585,0.24934670068363846
TEST_07007,5.138849433286354,1.6755405158253311,-0.5361334069077075
TEST_07008,1.3413880464862584,-0.7582392631309927,0.5672725059775114
TEST_07009,4.434988472514272,0.6879538266785741,1.2621990992102623
TEST_07010,1.4840311017286778,0.19939355805367232,0.36814101787304876
TEST_07011,3.4513100901529787,0.13143023429107667,-0.01099513238459453
TEST_07012,3.346130696023941,0.20290198819684982,0.045159735428094865
TEST_07013,2.5137397056884767,0.044316897541046146,0.2153871939562559
TEST_07014,2.666158143453002,-0.1885568478548527,0.49644891173624994
TEST_07015,3.7385444521715643,0.9969599213788509,-0.9813226797096729
TEST_07016,1.7766914539239407,-0.8748357017036676,-0.7071442804927826
TEST_07017,3.950519613473952,-1.517323870471716,-0.025606688560843464
TEST_07018,4.095695275375784,1.6641042041370868,-0.45819555733820794
TEST_07019,2.2696604351322054,0.6461072003372311,0.023150350245967507
TEST_07020,1.674265605401516,0.12968943710830808,-0.3539846177290678
TEST_07021,1.0714813936569691,-0.18870304380404948,0.03142792079873383
TEST_07022,1.9024598198630809,0.5118474687952995,0.23939738645493985
TEST_07023,2.4694602838881017,-0.7926379198766946,0.23979984715186806
TEST_07024,2.3100284968070985,-0.19012426598788518,0.47237530348169804
TEST_07025,3.732680895675659,1.6478041394023895,0.11338345113390684
TEST_07026,2.9030963915113213,0.35845818690228465,-0.0713990901197344
TEST_07027,2.0021076938319204,0.6963537223246098,-0.5487088616696596
TEST_07028,2.916441523844242,-0.07673476607179641,-0.08866681835874915
TEST_07029,2.7387749184321164,-1.4817394731684923,0.04141676613745093
TEST_07030,4.204772948535561,-0.17804914308217168,0.15060527848479152
TEST_07031,2.5872874350328745,-0.49501883864203094,0.3382483773386478
TEST_07032,3.427527984850645,1.423631687163353,0.34763463199877737
TEST_07033,1.3028831238670349,-0.6407605882146359,-0.3066782521208525
TEST_07034,1.8766316250870227,-0.02312743247222901,0.11693367383766173
TEST_07035,2.2942321597030757,-0.892317275257349,-0.4853683206996918
TEST_07036,2.069553267118454,-0.22560126300811767,-0.6564928089940548
TEST_07037,2.646984163468361,0.050590574025630955,0.3497396740467548
TEST_07038,2.5471248269461393,0.7438533453731537,1.0969274991618991
TEST_07039,6.197773294857681,0.3823296609618962,2.3429900460163653
TEST_07040,4.390153649511754,1.107936200428009,1.6878847209335566
TEST_07041,1.6842719410066604,0.6504542713164091,0.49782452496368623
TEST_07042,2.7266023223945797,0.4011798661155105,1.1214740954372884
TEST_07043,3.2383799948003293,0.5368802767996788,0.10075314786446095
TEST_07044,3.3386563073649405,0.15768306399905682,0.2643001940078735
TEST_07045,1.389596179251671,0.18961955172467232,-0.33823637664479017
TEST_07046,3.1554778965489865,-0.45734484679466486,0.48553072916823625
TEST_07047,4.1274138358796835,-1.001037986131072,1.1143407072944642
TEST_07048,4.726021176988363,-1.0493373334212899,1.3421573134373426
TEST_07049,3.0309933860116005,0.35601266877794263,0.3518464142448902
TEST_07050,2.6226826757609842,0.2585534113579988,0.24583321666884422
TEST_07051,1.6145875028443337,-0.05716218428659439,-0.342914958452493
TEST_07052,2.057427989848018,1.2737303430247306,0.5724113291051537
TEST_07053,3.028060043291092,-0.3815353307365179,-0.29330884412717817
TEST_07054,3.506649683690548,-0.15330764457273482,0.7356095980975628
TEST_07055,1.5780706019852757,0.24991998158097267,-0.11347054085189104
TEST_07056,2.164021260594666,-0.14430934792518615,-0.08547379930639268
TEST_07057,1.6949754761469364,0.27520874427938463,-0.541269041967392
TEST_07058,5.366073631041766,1.0733099534873962,1.2832244841485023
TEST_07059,1.8103928857780696,0.06090513070476055,-0.013808200255393982
TEST_07060,2.8920447147569956,0.4438047378445268,-0.43862536223310233
TEST_07061,0.969225696034491,0.4185240491389036,-0.1600036138894558
TEST_07062,1.5495863754167556,0.34572381516623496,0.05251156117385626
TEST_07063,3.227993821514368,0.7103509917269946,0.9140966672370434
TEST_07064,0.9064308338288068,-0.2763677741612792,-0.13526062250441312
TEST_07065,2.1060604505392315,-1.0611053646953106,0.7518359941334426
TEST_07066,2.8213541171173153,0.05886163954681158,-0.2392746571561098
TEST_07067,3.648778337077584,0.5645239435172081,-1.0433906772711277
TEST_07068,2.320430261965245,1.291601270071566,-0.8525545444197059
TEST_07069,1.4186970414911508,0.3610570427913666,0.3831090316337049
TEST_07070,3.5544518145204784,-1.4343400225135683,0.5461149049985706
TEST_07071,3.385276816747427,0.8260771202841997,0.5616621473443508
TEST_07072,2.500656888418436,0.17479639207324385,0.10452209696197509
TEST_07073,2.372494145814896,0.3617711172633171,-0.2691145896115303
TEST_07074,2.330189537852764,0.5586033148350715,-0.5301611855505705
TEST_07075,2.1848812245738505,-0.06613478150081635,0.05982899794352055
TEST_07076,1.4066076907529832,-0.08151537406009436,0.4504626554668248
TEST_07077,1.6647762989826203,0.1172045110218525,0.33027538288772107
TEST_07078,3.613578649028063,-1.496021136454463,0.18214926695749165
TEST_07079,4.762843973764241,0.1711464664466381,0.6081666853239537
TEST_07080,1.244284028317213,0.4967740167941451,0.09155511580058187
TEST_07081,2.6348393426375387,0.18795363148641586,-0.01797077146089077
TEST_07082,3.2006944234030246,-1.646850131447673,-0.22866933559778332
TEST_07083,3.17195436386925,-1.4777464783620835,1.29975837928164
TEST_07084,3.283010791519622,-0.8838085006653666,-0.7544728506356477
TEST_07085,2.7929618360767963,0.7059437981264591,-0.036596179442435504
TEST_07086,3.0662666604824067,0.6571672945444584,0.3906242620562166
TEST_07087,1.2563908092095852,0.15611979990994931,-0.03408297357773781
TEST_07088,4.109153942710638,-1.9013603685791491,0.5889523295820169
TEST_07089,3.8902934267379043,-0.21324705003118516,0.06835884262385965
TEST_07090,2.4458854635305403,0.29692320029056074,0.160470427332446
TEST_07091,2.91480594731617,-0.01963620724105835,0.6204235856155157
TEST_07092,4.884420700475618,1.3682576999881269,1.326726626345694
TEST_07093,1.2831950551354885,-0.16407828841519356,0.15861081122710555
TEST_07094,1.6881760692107677,0.42703782638180254,0.5844562039813399
TEST_07095,1.2256629545761346,0.06471867746272683,0.40095021652316304
TEST_07096,2.360538854366064,-0.8850517826328278,0.7632559993578046
TEST_07097,2.4182409871050714,1.4459923310073615,0.6388579867203236
TEST_07098,2.0503434809747936,1.456277355365582,0.7078319994204044
TEST_07099,3.1645648842352627,-1.699295797898054,-1.425344097206831
TEST_07100,1.1713176415814162,-0.3632006824233532,0.18629715028136967
TEST_07101,3.4055345179753305,-0.11441046905827523,0.6041387149562836
TEST_07102,1.272292408760324,-0.6329046682887077,0.2848854584282879
TEST_07103,1.6657482689716816,-0.027291168779999018,-0.041639789218470454
TEST_07104,1.4591216641442775,0.13790537427639962,-0.006618027654837817
TEST_07105,2.9646170773432257,0.9456735397123694,-0.6306860188314318
TEST_07106,2.679566842807531,-0.5264369046928883,0.6987934594285488
TEST_07107,2.668566858297467,0.7830469859355688,-0.7357519382721186
TEST_07108,2.4455946941224336,-0.11099820122987032,-0.046655087854981424
TEST_07109,3.8770575916740895,-0.9163074384458065,-0.44083801245185733
TEST_07110,3.573863267508,-1.105465667420864,0.6725117612581849
TEST_07111,1.5842347657694817,0.6386360176930428,-0.13625075486177207
TEST_07112,3.229870704436719,0.9007033704919666,0.0038841666405200967
TEST_07113,2.3738064746751784,0.8343253083159924,-0.23489594129276276
TEST_07114,1.7315929112768174,0.37860043784743547,0.0704394914392829
TEST_07115,1.2030065905976295,-0.3065254915494919,-0.11949616528850793
TEST_07116,1.7371158309755326,0.09061714050486684,0.21302612858521938
TEST_07117,2.623813448352039,0.22136173757320643,-0.6996142931218148
TEST_07118,2.7827489783046246,-0.21380358801227808,-0.49849312753701214
TEST_07119,3.263362389362931,-1.875102764044255,-0.46309224656546116
TEST_07120,2.0636714905378817,-0.9854657257454097,-0.6546446810739041
TEST_07121,2.5382348845406772,-1.2233197229460477,-0.7126717851450444
TEST_07122,3.7115431766352653,-1.2844692286233903,-0.06618095726883412
TEST_07123,1.4483141996874809,-0.4874012205412388,0.26559053782236575
TEST_07124,2.4918896813504694,-0.1579108631185293,0.6157183763443231
TEST_07125,2.370802230106771,-0.5289704210720062,0.2550015526051521
TEST_07126,5.221326926073432,0.6179114814325571,0.37993640543097257
TEST_07127,4.342338795698643,0.644512733340174,0.003969141271352769
TEST_07128,5.159181835911274,0.8864396104912758,-0.1728943614575863
TEST_07129,1.796458205142975,0.06466025471806526,0.3067973143157661
TEST_07130,2.8699652470024226,-0.3718848218303919,-0.39791068344169855
TEST_07131,1.8316678659747838,0.3363549936311245,0.04890559987846017
TEST_07132,1.0465379337542058,-0.251898303530097,0.2832997038486302
TEST_07133,1.4908221401445865,0.2678082070462704,-0.11392670730757713
TEST_07134,1.4880563446116448,0.12428078622150421,0.23081790298974514
TEST_07135,2.0494538464550973,-0.7898204640535116,0.25094233686293665
TEST_07136,2.316360281520218,-1.2371966747102738,0.10284329383397102
TEST_07137,4.267679272253036,-1.6254369360218048,-0.6851537322649955
TEST_07138,2.890130910101414,0.6787549955516458,0.23852959150905906
TEST_07139,4.656526493130207,-0.16786555951857568,1.2755617882425785
TEST_07140,2.8139988575966357,0.3948513288779259,0.4028253295584619
TEST_07141,2.897088789429419,-0.18981684068194032,-0.9627820200619698
TEST_07142,1.1370591567296982,-0.2319731513006091,0.23360783652088046
TEST_07143,1.4133452077608109,-0.1704978445198536,0.21977188442590834
TEST_07144,4.223602713683963,-0.7073619518609047,0.19710677983057498
TEST_07145,4.0528223982020615,0.6994775019347668,1.0003968110934496
TEST_07146,2.0759097315791846,0.1659156100587845,0.25141860117322207
TEST_07147,4.751062277628541,0.0191228185415864,0.01805763644361496
TEST_07148,3.457474085308671,-0.47712399851712584,0.557970065146923
TEST_07149,3.0232051981595753,-1.2340481049761771,0.5633137319052219
TEST_07150,4.910720203067243,0.5865037724253536,-1.0171903455508948
TEST_07151,1.5304833118562697,0.5291087463097572,0.14227902608770132
TEST_07152,3.3253146083378793,1.1085347897907347,-0.2670027667965889
TEST_07153,3.2880879076361658,0.48858265561223035,1.101604478042841
TEST_07154,2.3408399312634467,0.16269288041067123,0.005743306250810622
TEST_07155,1.3836151413686275,0.26867982085108755,-0.15406084214633703
TEST_07156,2.9924097176828384,0.8621714987802506,0.5470438866630792
TEST_07157,2.4472737899153234,0.8221733910079002,0.4486633833001852
TEST_07158,2.772828030875206,0.08710083732545376,1.1495427984554767
TEST_07159,5.576053682883918,-1.0859812091008425,2.2540122548282144
TEST_07160,2.1456899715223314,-0.4106898661003113,0.4895072115824223
TEST_07161,3.30390007038188,0.39446408317780496,1.0152697337006331
TEST_07162,2.771956566274166,-1.6271053202486039,1.1728445721341372
TEST_07163,1.5301990109053254,1.3832110432870388,0.38007016397851706
TEST_07164,2.356309220781326,0.22667977967214584,0.005683825828552244
TEST_07165,1.6779745652179718,-0.1112191498196125,0.199138520737648
TEST_07166,1.6125789555399417,-0.6406796476975679,0.053954943766839805
TEST_07167,1.8444291172155143,0.07008831454348564,-0.2197561367699504
TEST_07168,2.21643548435539,0.6877191753666401,0.8513320794796496
TEST_07169,3.664865085207641,0.27620025592690706,-0.01717414077669382
TEST_07170,1.8391549854682685,-0.19460254455661774,-0.34236040669599177
TEST_07171,3.8606017790827156,-0.30289600174850223,-0.7253079784359932
TEST_07172,2.597568482758999,1.3881856358369589,-0.18663387150895597
TEST_07173,0.9187307501413822,0.34884016838133336,-0.044821444520652294
TEST_07174,1.0824096943064927,-0.3836466857574582,-0.1294058694703579
TEST_07175,2.165955801847488,0.002230048028945923,0.28481252419379355
TEST_07176,1.1878664979956746,0.06626100642335415,0.48342692616726457
TEST_07177,2.5985102674884795,-0.03331576865911484,0.9491230703412294
TEST_07178,3.099251265061617,-0.21377658108460904,-0.9697277051860094
TEST_07179,3.410978733115196,-1.5039407528592645,0.48117882468798756
TEST_07180,2.4469301022271512,0.5142636448785066,-0.7978162407964468
TEST_07181,1.0404780570673942,-0.03182353791975975,0.23213150543347
TEST_07182,1.8297954100012184,-0.11539085317015649,0.09788911213409901
TEST_07183,4.36488189849329,0.08990847318196296,0.575668429111123
TEST_07184,2.8805541268532275,-0.12037400593066215,0.010639632376194003
TEST_07185,2.7223154146921633,0.03457198452377319,1.1915829843611718
TEST_07186,2.6549777001836894,0.31811596176536383,-0.510506623096943
TEST_07187,4.116632302874386,-0.18216026309084893,0.6755150301177502
TEST_07188,2.4162681610431673,-0.6671576602770388,0.19822401028987766
TEST_07189,4.386688643072128,-1.153490933180809,1.4033005621891022
TEST_07190,3.9952092590409514,-1.5813535104968548,1.4598144246225357
TEST_07191,2.51789234634161,-0.5114707440915107,-0.21726278973388674
TEST_07192,3.7054066925159694,1.3377849976744651,1.466336836188674
TEST_07193,2.699255858019769,1.2965068930959702,0.8651075670835972
TEST_07194,2.5263029750254153,-0.17753171546691657,-0.4286421106698513
TEST_07195,2.0816569626747667,-0.6991895167051554,0.32429023772946375
TEST_07196,1.922200777860403,1.3328804754229933,-0.30992519149041176
TEST_07197,2.4807539648838044,0.2934168702008724,-0.26336134380888937
TEST_07198,3.62708322332263,-1.2508353183262944,1.1843241557344197
TEST_07199,3.597259692535758,-1.3535917030439377,0.9048939103556275
TEST_07200,4.084356727777779,-0.061579254158496854,0.5788679976248741
TEST_07201,3.8087576972372754,-0.5540197619433403,1.1734738879141808
TEST_07202,1.0189267177295684,-0.3402223940114975,0.4630679947708547
TEST_07203,2.131989745970249,1.4211730357336998,0.09110695148190111
TEST_07204,2.4188694342960715,-0.5039888669219017,-0.1565925210208595
TEST_07205,2.739928983540177,0.9365482103385925,-0.4080182400137186
TEST_07206,3.6268825544885397,0.2348238415545821,-0.3448149093595743
TEST_07207,2.190217543093681,-0.3779752937719822,-0.6867020875644684
TEST_07208,5.667797080231905,0.10622466531920433,-0.41021452305948736
TEST_07209,2.1085801498098373,-0.6551589264813662,0.007937819318175315
TEST_07210,2.6940539431591035,0.5017799433262349,0.08498407077336312
TEST_07211,4.4395290265568494,-0.4562009722083807,0.08055905895376206
TEST_07212,0.8776611774706841,-0.5019256178372502,-0.262615988658905
TEST_07213,1.5300671289852859,0.23418102556383608,0.07722147294044494
TEST_07214,1.8429437306964398,-1.3316714873681068,0.4056244328784868
TEST_07215,4.066500190210879,1.22437855813013,-1.3466956466704607
TEST_07216,1.860097546618402,0.051836079223454,-1.0276555810260177
TEST_07217,3.22964012406376,-0.23914435114336013,0.9480936000167132
TEST_07218,1.274173610601902,0.7820630008466541,-0.46418292056179045
TEST_07219,2.2085871141901015,-0.9205140465060473,-0.24229768308275937
TEST_07220,1.8777345508766174,-0.6493907351987361,-0.030340734528541566
TEST_07221,3.4033564587011784,-0.2738447308651954,-1.1480006302363872
TEST_07222,1.3477466135656833,0.506625993507579,-0.13430814168047905
TEST_07223,3.9651706320505142,-0.3167991218934059,0.5706542648277879
TEST_07224,2.803380493157029,0.47665131997185944,0.9803598267271518
TEST_07225,3.5655914710416794,0.8188815052957534,0.7369811860420704
TEST_07226,3.381095787371993,0.7351610429843217,-0.10634597233749926
TEST_07227,4.436166075047076,-0.35908203351402285,-0.08810650932282209
TEST_07228,2.188241735454559,0.6446258465440273,0.12280868017104268
TEST_07229,2.9152441722562314,-1.2607027788879275,-0.8543017148618698
TEST_07230,2.9187461122731864,0.18596017880642415,-0.6177551604781151
TEST_07231,1.9119303628220559,0.31709388669750094,-0.06422293065223098
TEST_07232,3.3535192993448972,-1.080458668750763,1.592866016342163
TEST_07233,2.760624178606987,0.41494178082346916,0.9972380095364078
TEST_07234,1.971086754687071,0.38899435287666323,0.27612784441015126
TEST_07235,2.0003080646898743,-0.7170714496333599,0.3700721681599617
TEST_07236,2.825016523360252,-1.1379974467820824,-0.4678663020824194
TEST_07237,2.659661348037243,0.43648201350307464,0.5287862522401213
TEST_07238,3.6336818793887646,0.8322907031321227,-0.20852079555863143
TEST_07239,4.317462289220273,1.5591336563434601,-0.9114505477355123
TEST_07240,2.4918477433240414,-1.8478851426792144,-0.9767000361309051
TEST_07241,4.203284737991691,1.5119327799179554,0.741653338396132
TEST_07242,2.8157584882854225,-1.031507598235309,-0.8396106286273599
TEST_07243,3.9864208599221707,0.2904694377450347,0.2503043425726891
TEST_07244,3.2308621742922066,0.05553956650456786,0.6212571449095011
TEST_07245,2.362471075346291,-0.047289168145895004,-0.7381926105588078
TEST_07246,4.700872381165125,0.43707425070631506,-0.9242628167657853
TEST_07247,1.4648315366716385,-0.10021468374300002,-0.24037294752728938
TEST_07248,1.7957722355365753,0.636716272606492,0.13634190596210957
TEST_07249,3.5490957730797827,0.5425375251283646,0.13274412002891303
TEST_07250,1.8227519455337524,0.42588216152870656,-0.14561996142685413
TEST_07251,1.5443431254609823,-0.05450604112493992,0.26813700208216906
TEST_07252,2.475466784928799,-1.3295163055726589,-0.7308262183331847
TEST_07253,1.0775644096820354,0.09523080392754078,0.13351914788368344
TEST_07254,3.706572903138578,1.2295278090226651,-0.38946594086837766
TEST_07255,2.203614323716611,-0.9000059931426049,-0.059760327903032304
TEST_07256,3.234309867979884,0.675967108078301,-0.5207615744199753
TEST_07257,3.846511938753158,0.8262003303070367,2.024140400541723
TEST_07258,4.098877848727703,0.5891869425179959,-0.36188489152884484
TEST_07259,1.1744161558002233,-0.1939471954597831,-0.4598768567709178
TEST_07260,3.0442292556029558,0.6013033546351194,0.5092193767962456
TEST_07261,2.8350333831590415,0.018096174074411393,0.2903987010016441
TEST_07262,1.8410154202976228,-0.13147187567394972,-0.33023175576901437
TEST_07263,3.0869349487168787,-1.0495938765514643,0.5598532135255122
TEST_07264,2.7222795658471584,0.04291316227805614,0.26889409202218056
TEST_07265,2.0251473644111155,0.05303051965516806,-0.4460778333050013
TEST_07266,1.9076851475529075,-0.05377885903728008,-0.44101308402574063
TEST_07267,2.015148566345215,0.3565431327355504,-0.030973600825428965
TEST_07268,2.6716306307349877,0.7523506823285818,0.5936884863256812
TEST_07269,4.795093358177185,0.23938393513393402,1.2207857523787022
TEST_07270,1.801116558973074,-0.21939945253160595,-0.22319841307580474
TEST_07271,2.125963083966136,-0.42114433387088773,-0.145424059435606
TEST_07272,1.1757926399775744,0.3958474433526248,-0.5086980348322392
TEST_07273,1.9303957287487983,-0.48993165426850316,-0.43849879504585265
TEST_07274,3.6010808804767134,0.3620274436788559,-0.5019690853805542
TEST_07275,1.95785556677711,-0.8562310869148969,0.3329318373099864
TEST_07276,1.3843145410048963,0.9112738904880285,0.4585284798628986
TEST_07277,2.1964926867723467,0.12396706364512444,0.6635869128892422
TEST_07278,2.852115384750873,0.8665427980701923,1.1082037735196948
TEST_07279,5.2780750440147814,-1.403349341754675,-0.5279782910085916
TEST_07280,1.529896521780491,0.32814405335760116,-0.005998597459942102
TEST_07281,4.886967357593417,-0.3621955575187206,0.5401048907923699
TEST_07282,2.1669251555194258,0.32493017705023286,-0.6365714722787141
TEST_07283,1.0463233860976695,0.7059175476864874,-0.12326322805225848
TEST_07284,2.6388980513559877,-0.3615955376499295,0.08098377138286829
TEST_07285,1.7726963475296498,0.35110867227625847,0.17336853925001622
TEST_07286,2.055856519993305,0.453997033965528,-0.4136532088686228
TEST_07287,4.739664762431502,1.5204998031350374,-0.8992559427611828
TEST_07288,5.986941399005741,-0.9587419267885386,1.685197505730927
TEST_07289,3.833537930067539,0.31147014239138365,1.1608771316007376
TEST_07290,2.031384802929878,0.193369553627491,0.42406112275862695
TEST_07291,3.9156384297538103,0.3831305371810198,0.9583321460046769
TEST_07292,5.014136637023568,0.4091892404142618,-0.7707750153731108
TEST_07293,2.8268858873634337,0.11040163512480258,0.16905521899425982
TEST_07294,1.782697737687111,1.1497565615757945,0.34080477108120544
TEST_07295,2.713697896272704,0.3912049231966734,-0.310074620869875
TEST_07296,2.5484859046874044,0.5945480733033419,-0.6579215020413399
TEST_07297,3.662376304234028,-0.3386025778132677,0.3821537439174652
TEST_07298,5.776870986652568,1.5326544010059833,1.7850658783324957
TEST_07299,1.3700008861041069,-0.21854933059990406,-0.17531135899537803
TEST_07300,1.9616285413030385,0.33219146143841743,0.5041957787094712
TEST_07301,1.0949896280896663,-0.02721086780446768,0.3180405409871936
TEST_07302,1.5748017759529949,0.156947834587276,-0.07661170584738254
TEST_07303,1.8531691933192014,-0.13784235223048924,0.5640160463890135
TEST_07304,1.1582043990814685,-0.2268856218523979,0.2986630999649167
TEST_07305,3.2378658387169836,-1.4222157703129052,1.9583732571521997
TEST_07306,2.002581830243588,0.27523788544332983,-0.17300030271962286
TEST_07307,3.0533243193619253,-0.44275766687336565,-0.9349700933864117
TEST_07308,3.211531512524128,0.30856556152057646,-0.02857419107631594
TEST_07309,4.4792773783842925,-1.2672838775037527,1.2900129923602344
TEST_07310,3.779699560481906,0.3478697169444561,-0.5412251757557393
TEST_07311,2.198523596323371,0.8191768689622879,-0.5349214364953041
TEST_07312,2.9163829000238777,-0.7914860535897612,-0.9076640917990207
TEST_07313,2.21508929876709,-0.4180542511923313,0.22403102837347985
TEST_07314,1.589517808830738,-0.33776945439982414,0.09080751987498999
TEST_07315,0.8897883580083847,0.1366380003631115,-0.1455850248901546
TEST_07316,2.1108065390496256,-0.61898699694537,0.046900351403295994
TEST_07317,1.9117408432707788,-0.6646535913797617,0.40922098894553144
TEST_07318,1.9700204519981146,-0.8024199319694042,-0.306153592505753
TEST_07319,5.696601812799931,0.5871524628645182,0.5334764482964576
TEST_07320,3.662894741033882,-1.3248729503517152,-0.6513780730552673
TEST_07321,3.104866580848098,0.22606224800914526,-0.311789271229744
TEST_07322,3.5379264274032116,-1.7992881973090769,0.6899576384115219
TEST_07323,2.5801871986718177,-0.9368785650646985,0.9458205466293097
TEST_07324,1.6818045137968063,0.08097982584834099,0.14642696534311772
TEST_07325,1.353876574862063,0.331242928817749,0.26570942768394945
TEST_07326,3.1537323289468286,0.40607077436101435,0.6067305656203031
TEST_07327,2.3959529384461047,1.2500366204972788,0.25856937121291457
TEST_07328,4.505694280827761,-0.16330430798321963,-0.9260096022334099
TEST_07329,4.108941037482917,0.03166738083279133,-0.30581729531824586
TEST_07330,1.368926578171611,0.1179983439617157,0.29090226818093656
TEST_07331,2.874529201188207,0.28715916204345227,0.2617238173997402
TEST_07332,2.6618359927822053,1.6238423690123316,-0.7965121458653212
TEST_07333,1.9677381222142578,-0.271521455504775,0.31447482798729837
TEST_07334,2.3071585294563772,0.23730834758663177,0.8626712057583332
TEST_07335,3.622291977464378,0.7917469015394747,0.39574065494585037
TEST_07336,2.126049161155701,-0.06383878190946579,-0.20643145065498353
TEST_07337,2.0752411858463287,0.2508103477416038,-0.24564896363663674
TEST_07338,1.7519552187218665,1.289508290832162,0.3060550587839484
TEST_07339,3.152777244950175,-0.8243623632932157,1.0095448331599235
TEST_07340,1.6618281901242733,0.24682155645364523,-0.16110164026147128
TEST_07341,1.1227410327376128,-0.532933520904839,0.08590854877817258
TEST_07342,2.011911341876328,-0.8428481154596805,-0.7621487013770342
TEST_07343,1.3469449116806984,0.07661697825077177,-0.36053136610102654
TEST_07344,3.293648042086363,0.15644028474229574,0.09401462414377927
TEST_07345,3.1451679465693236,0.0184945486921072,0.017558729551315308
TEST_07346,1.694232170538187,-0.7417690053176731,0.4100751020370722
TEST_07347,3.0321571889867784,0.21889587899255752,0.9145207899890542
TEST_07348,1.65927759556818,0.17782850718688964,0.12508294093930722
TEST_07349,2.4632141588695906,-1.412204276325941,0.6111833892252445
TEST_07350,4.478416576346725,-0.22026751078367232,0.7989227310693562
TEST_07351,1.561949223939389,0.5502147584295273,0.2433717625159621
TEST_07352,1.194446772364378,-0.47850001015657184,-0.36592415087902547
TEST_07353,1.98835487237978,-0.08698149305391312,0.3364671737141609
TEST_07354,3.003192846678257,-0.43657893698477745,0.06289064014649391
TEST_07355,1.7106495485114455,0.042228841821908954,0.1312680371961519
TEST_07356,1.9168503478703498,-0.36420455175848304,0.05245847279632092
TEST_07357,2.4897797133476733,-0.49911586700367927,0.35800533222699166
TEST_07358,1.8925061558947562,0.17502989452672005,0.3400031483532265
TEST_07359,5.811682339606405,-0.9086945345139503,0.7832095978941321
TEST_07360,2.7153241681940554,1.2566117927618026,-0.1537505750257969
TEST_07361,2.3667157479912193,1.435668154356435,-0.7233421686587632
TEST_07362,0.8534120136355757,0.5113754887793064,0.3200438375013471
TEST_07363,3.449284045914173,0.7272185461187363,-0.09572215663135052
TEST_07364,2.3558828913736343,-0.3395970957772732,0.5024520474658012
TEST_07365,2.653910006353259,-0.8035261061797142,-0.4603901522352695
TEST_07366,4.427936345575452,-1.1663670911453963,1.108450762455821
TEST_07367,3.2284639876029493,-1.5114425227539539,0.09742337432849407
TEST_07368,1.965339633244276,-0.3419602438839674,-0.2495465120218694
TEST_07369,1.70126753924942,-0.4871918474972248,-0.1704805191871971
TEST_07370,1.9819207181043625,0.2822437296438217,-0.05367557670736313
TEST_07371,2.3192079179431797,0.18997822223997116,0.1830901434750557
TEST_07372,3.506125416997075,1.2891033503648341,-1.3046384207670092
TEST_07373,1.3917235322921275,-0.5822083360864222,0.36276154830306767
TEST_07374,2.7525360706768036,1.4887749340068102,-0.09943234367144108
TEST_07375,3.4246600035563706,0.8804531788020133,0.4647507240074277
TEST_07376,1.841840097641535,-0.05160534164777398,-0.6982090710309744
TEST_07377,1.4476564992234706,0.37251626004934313,0.8067592537662684
TEST_07378,1.2811669944677353,0.719648047981143,-0.21156906601804495
TEST_07379,4.3244201631266845,1.5232639532901049,1.3690566754175424
TEST_07380,1.854747267019391,0.3290901838775873,-0.3065822308773398
TEST_07381,2.4081353291354177,0.27120864401121436,0.11398136486438662
TEST_07382,1.6192560633432567,0.028577127310812474,0.11602881890964509
TEST_07383,2.041326414805174,0.5457257514196038,0.08991618169432879
TEST_07384,2.668071964586556,-0.32401707589416207,-0.8119909430782795
TEST_07385,3.3678753668699266,-0.2930480137180239,0.2778375582873821
TEST_07386,2.682550308249235,-0.14890144589215518,-0.9039417778730392
TEST_07387,2.289197033368647,-0.07595771129125356,-0.6857415742966533
TEST_07388,1.8992611655387879,-0.024621958197597413,0.2265173437731266
TEST_07389,1.2901063058283329,-0.5908832495592833,-0.6703716511924416
TEST_07390,3.8949779390985966,0.8885591774513721,-0.7952587607526779
TEST_07391,2.184993002114147,-0.6120183584814072,-0.2561530852692127
TEST_07392,2.2364720783796312,0.32851903508615493,0.040299691340446475
TEST_07393,2.5220750551309585,-0.0005212735502719869,-0.19165795600318908
TEST_07394,1.7245872282884718,-0.3730713462138176,-0.2641246367127895
TEST_07395,1.531897967110038,0.4353638570610285,0.1286709360267222
TEST_07396,2.674538820219517,1.1068721094241143,0.7230321708201766
TEST_07397,3.013467993802607,0.16178225805306434,0.5487672111377083
TEST_07398,3.5920211944861413,1.799389410440564,0.5608577402170897
TEST_07399,5.485973336392149,-0.7634650049657822,0.790688292114973
TEST_07400,4.219880240940631,1.7457225852069855,0.9270516407501698
TEST_07401,1.3117710078126192,1.002045966276221,-0.19335683448037505
TEST_07402,2.3692484271066188,1.149370206652403,-0.432954075581789
TEST_07403,2.5729557804119585,0.292084085005641,0.9186997043066025
TEST_07404,1.1581062770590782,0.25185497312763333,-0.10098598563051224
TEST_07405,2.11874511310786,-0.08580838362455367,0.2860478040206432
TEST_07406,4.387842719867349,1.185317998520255,1.1877155766558647
TEST_07407,4.636402547322988,-0.9071675313129425,0.8997086382414102
TEST_07408,5.64443450547123,0.9695403400270939,0.4009737020891905
TEST_07409,2.6225725165417195,-0.19787285415983202,0.06452712014865875
TEST_07410,2.9424658097618224,-0.30388623346912863,-0.25346532218050954
TEST_07411,2.4268783239474296,-0.06992943814826011,0.562001756159544
TEST_07412,2.8599862719908953,0.47895195805135,-0.41975563820421696
TEST_07413,1.0645170659734606,0.21940659248039127,0.1839223611982912
TEST_07414,1.2171702752556801,-0.6866141348145605,-0.2541749414964318
TEST_07415,2.169546869574189,-0.7023127829797268,-0.0797668115273118
TEST_07416,2.5443345250577925,-1.1316963261523247,0.3265397431625724
TEST_07417,3.2548055415406227,-0.30242837301802633,0.9891175983519553
TEST_07418,1.8826760484926701,1.1433084907927513,-0.9059034341206551
TEST_07419,3.4179455356191397,-1.5159447731978892,0.9631130028508902
TEST_07420,2.3656181742776705,-0.902577047778368,-0.11762769508421421
TEST_07421,3.1072864140269756,-0.04269148334479332,0.13365230290985108
TEST_07422,1.4804207281517983,-0.19906576865112782,0.09878904505407811
TEST_07423,1.3795956430143117,-0.0006851204335689542,0.47196543096496163
TEST_07424,1.9972028428116888,0.28184829434859754,0.8777243412088752
TEST_07425,4.1996755427495245,0.014766834158897402,1.5070366934361459
TEST_07426,2.535443034087181,-0.27636852803707124,-0.12897146405987442
TEST_07427,2.24848612027514,-0.25225808329570293,0.06221758130669594
TEST_07428,2.9279047510401606,-0.05211966148662567,0.05027330128616095
TEST_07429,0.779029561303258,0.2358203107767105,-0.014663807511776686
TEST_07430,2.6843399453592895,-0.5820093114700318,0.8864537162742019
TEST_07431,1.9113703278495668,-0.9609854892889261,0.02125049952891469
TEST_07432,2.010485863501489,-0.1520102513113022,-0.32064877928948404
TEST_07433,3.092179588214636,-0.05245773746323586,0.5719240144975185
TEST_07434,2.034586696994305,-0.6495060741408542,0.30003428179124
TEST_07435,2.041019635412693,0.13365973860502242,0.11100045047545433
TEST_07436,1.256282317109108,0.25492234981393813,0.12627012692022324
TEST_07437,2.6479200833775995,0.5700492809729576,0.16098460008537768
TEST_07438,3.489646281869531,-1.7688750715665817,0.2306022004923895
TEST_07439,3.790800332753092,-0.2873890694545507,-0.7413060116846562
TEST_07440,2.4323838273324965,-1.551876238334775,-0.43119376776885987
TEST_07441,4.541867057801604,0.791650406561017,-1.0064201548845768
TEST_07442,1.947118237581253,-1.4733382884920836,0.6382391431740224
TEST_07443,3.4609627008919714,1.5159308517296315,-0.42391684136921165
TEST_07444,1.795059831088066,-0.13347717816376686,0.5401559446873292
TEST_07445,1.322660008089423,0.5188963633495868,0.32391288755548
TEST_07446,4.112881753516197,0.7629579080717918,0.8472095921554565
TEST_07447,4.39081933506751,-0.7469804533596038,-0.00883435550826788
TEST_07448,4.7103518164614435,1.3386053624608516,1.0259446836384536
TEST_07449,4.11314994333148,0.24903073411369323,0.8650251217384338
TEST_07450,1.6757341293377876,0.02593288230133057,-0.32534468715310094
TEST_07451,4.315934347644329,-0.34890169439053537,-0.9110157321932316
TEST_07452,4.3969248701021675,1.1785664268200398,1.3759948891056777
TEST_07453,3.089441065487504,-0.40966838765133917,0.16598889399272204
TEST_07454,2.181568339617729,0.774681132137388,0.18675078584645688
TEST_07455,3.028277580760479,0.9317374590528011,-0.034315254052042964
TEST_07456,2.824744852072239,1.0289752345252037,1.5962065716300011
TEST_07457,1.4615642254314423,-0.45649700988483427,-0.0549045540304184
TEST_07458,2.9789133339066507,-0.2473697422530055,-0.9484056871708632
TEST_07459,2.911321291605949,0.40305801089644433,0.051649975267410275
TEST_07460,1.5903658955786228,-0.31279734553354976,0.2823453186364174
TEST_07461,2.7678792237364687,-0.470740473634243,-0.8806817681598663
TEST_07462,1.8630858601549267,-0.4954500325220823,-0.3196507977452576
TEST_07463,2.3722486784670354,-0.5843714536231757,-0.08770835183906556
TEST_07464,2.005190216938138,0.10982674964785576,-0.00183213785867393
TEST_07465,1.3112369377791881,0.31825517182004454,-0.371709735447824
TEST_07466,1.957557645864725,-0.09797508494980633,0.3813502717669308
TEST_07467,3.4077996655670404,0.49705746054282784,0.5168370704138279
TEST_07468,2.1128813801214994,0.10499676815235615,0.5392002682870031
TEST_07469,4.391659495600701,-0.15746491443109512,0.9943583839309216
TEST_07470,1.5025698980641364,-0.041115291000962256,0.42068134222570064
TEST_07471,1.6491785630517006,-0.6995268228757382,0.014085932413339615
TEST_07472,2.7452139971790315,-1.0239672930816412,-0.18092167635339498
TEST_07473,4.215983474599361,0.2687471843743324,-0.3926154772734642
TEST_07474,2.480928894168615,0.2837778116461039,0.08069287316906452
TEST_07475,1.5200168015706539,0.4337671463856697,-0.025238477562129498
TEST_07476,2.5195864988079073,0.7526698365335465,0.6937194041053355
TEST_07477,3.0429245183181317,0.3317769954274893,-0.09304988453722
TEST_07478,2.2389909467413425,-1.1775648275046693,-0.21067527451357246
TEST_07479,5.605762770221054,-0.27131081223094466,-0.2925218348391354
TEST_07480,4.269933894553423,1.9170314711776972,-0.8883710360129475
TEST_07481,4.256323373666286,-1.2058751333782673,0.41064591599719225
TEST_07482,1.0148659237338304,0.02952762266433239,0.5195420731190145
TEST_07483,3.86768791354537,-0.36736659698361157,1.1414650135576725
TEST_07484,3.0265178704680356,0.04793949237418175,1.3730887020782232
TEST_07485,1.421523139328003,0.14577239840364456,-0.40700860761469604
TEST_07486,3.4157749668422936,-0.46186519545665383,0.659345424095869
TEST_07487,4.397818439688683,0.8397798149901032,0.535265540854007
TEST_07488,4.256357697236061,-2.119957450034857,-0.16851696692347526
TEST_07489,3.6430758142877817,0.49078615839794276,0.8919601743850708
TEST_07490,1.3354656990623475,-0.5386962801643908,-0.27221439408159254
TEST_07491,2.746528470909238,-0.6230980448693335,-0.9863437490676046
TEST_07492,4.618414329304814,0.18362837987196445,-0.5639712870805264
TEST_07493,2.124377174706824,0.12524817853920162,-0.15570459490448235
TEST_07494,1.6156564233778714,0.5178739605900049,0.3879177655171156
TEST_07495,2.010039038786173,-1.1347909139447772,-0.13001884122361243
TEST_07496,2.156704609030008,-0.40679831398034094,1.0158704568409325
TEST_07497,3.9639051595029833,-0.4867642650485039,-0.38556606584763525
TEST_07498,3.890597177385032,-1.3567636986632348,0.01916983141940832
TEST_07499,2.265742429215908,-0.01989351280671358,-0.1330092600485906
TEST_07500,1.394897060205221,-0.43456805503928664,0.057445782371520995
TEST_07501,3.5993464636039585,-0.5857191457192302,-0.8132725991469025
TEST_07502,1.206746509745717,-0.4004405401875973,-0.36077058598613737
TEST_07503,1.5667756684715748,0.3517124397244453,-0.5025492354335785
TEST_07504,4.344003146758125,-0.06939899627049081,1.2257800100886114
TEST_07505,5.123374029347628,-0.47009492467290165,-0.18703946449625491
TEST_07506,2.0931710567570927,-0.36687720904375615,-0.9645221846966744
TEST_07507,3.7495088960425855,0.013761190147519111,-0.21758134977936744
TEST_07508,2.2340440850954058,-0.3163099821739197,0.3245032743707895
TEST_07509,4.026862532453537,-1.580908624420643,1.0888568647325039
TEST_07510,2.462728285502434,-0.4744507377061844,-0.7694751481497287
TEST_07511,2.7618343167903423,-0.565604663179949,-0.42207108366775514
TEST_07512,3.8026826302320957,0.8057905655653477,2.1044233454630374
TEST_07513,2.404421509060383,-0.8906212129380703,0.1946635402300358
TEST_07514,2.460181538112402,0.268385188770771,0.045528203606843946
TEST_07515,1.823389810052812,-0.07459609099769593,0.32388473057842254
TEST_07516,3.5656589115612656,-0.03633789801585674,-0.39218230468547344
TEST_07517,3.0113907757378815,-0.05116503785943985,0.7776144016520977
TEST_07518,2.6945204410755634,1.3708742600028514,-0.01433481926806271
TEST_07519,5.680821616679191,0.5377364182195068,0.06091553976750374
TEST_07520,4.148090193378448,0.19543911643099784,0.2410997293276787
TEST_07521,3.167673993872523,2.0210036579421757,0.6353047202651948
TEST_07522,3.6593042667325735,-0.03069956716018915,0.19030997037243844
TEST_07523,2.1688585558735727,-1.139649799350083,0.3617267097852826
TEST_07524,1.953457982149601,-0.4680479727599621,-0.5676014631472825
TEST_07525,2.033644714345515,-0.02665785754144192,-0.6493458289335966
TEST_07526,2.6502696127376555,-0.7187143614385127,-0.4574178707515895
TEST_07527,4.0845300900550185,0.5146908241798878,0.1658056832226515
TEST_07528,4.940782127630144,0.9998786463005542,-0.8755900864984989
TEST_07529,3.1208557627545894,0.21462646249222755,-0.16456493177700043
TEST_07530,2.6206059345231054,0.39980669717550277,0.2207553868857622
TEST_07531,3.5120892670866137,-0.6478196575109959,-0.7752334735924602
TEST_07532,3.574342643266201,-0.06105987488293648,1.5926218265609742
TEST_07533,1.0898932279333173,-0.15590778962397575,0.09637175886631012
TEST_07534,2.9989619885993,0.5826356961293221,0.01985302149629593
TEST_07535,1.7295290650928021,-0.9150790503673554,0.04235235475078225
TEST_07536,2.3948474240313766,-1.0057425036407113,0.9328203640316911
TEST_07537,2.23791359288156,0.6537769855632782,0.05113819401526451
TEST_07538,3.9816456916469334,1.2817299224265815,1.4421709474383593
TEST_07539,2.451432452384591,0.23489065400171277,-0.7801841473608613
TEST_07540,2.7000601350660323,-0.547172340788126,0.24532853349578382
TEST_07541,2.724868440568328,-0.0670965480260849,0.29767104865163563
TEST_07542,1.4936978836898804,-0.19964604531675578,0.2894941325236559
TEST_07543,1.60005063030982,-0.8418855867643357,0.00038810316549241545
TEST_07544,3.199496056421995,-0.13940793138098717,0.09645443971717357
TEST_07545,3.2995722302794457,-0.12996191288554668,1.034810522322178
TEST_07546,2.607063791087866,0.1738038709307909,0.009090888687729835
TEST_07547,2.9296226046234963,0.4882599887539744,-0.4997220432865024
TEST_07548,3.22695898019886,0.08051808197018503,-0.13097882926535606
TEST_07549,4.154699455034701,-1.3490258004422189,0.28617984623503684
TEST_07550,2.505193874191232,-1.3654167665157317,-0.49250396067637203
TEST_07551,1.2581594429540635,-0.12035276955652237,0.00893879997241497
TEST_07552,3.3848199082547428,1.6332952137163876,-0.46055162073659894
TEST_07553,3.6191532369402943,-1.906882600627184,-1.0588357919847966
TEST_07554,1.8624005110697746,-0.4779725040127635,0.108089362257123
TEST_07555,1.831082985372454,-0.8690351162753701,-0.6677374602228999
TEST_07556,1.9834729474959374,-0.35407730798542497,0.21423403256817908
TEST_07557,2.649097142057061,-0.8883063429000974,0.05384254464530945
TEST_07558,2.1886078261868955,-0.002386808446288108,-0.20607035342103242
TEST_07559,4.896037533838391,-0.38652647668123247,-0.11109679287588597
TEST_07560,4.372300614325047,-0.9296642525305747,0.7836046415498257
TEST_07561,4.694437746028066,1.4964600331971645,1.0352033092608453
TEST_07562,2.2991080071355103,-1.7146716039197445,-0.7457550731654167
TEST_07563,3.8864377662744225,0.9021777836579681,-1.3521189865390062
TEST_07564,2.4537236643470526,0.055323191333770755,0.9382530054965019
TEST_07565,1.2406832616305352,0.1928069935797453,0.015576005070584594
TEST_07566,4.840707543663502,0.5826242033838034,1.2104749222342968
TEST_07567,3.1493290903970004,-0.24276446942096946,-0.6300424775347709
TEST_07568,1.4387857593467235,-0.8013250897116065,0.34133325443187357
TEST_07569,3.8961383616579472,0.07144984902918339,-0.6908838790525794
TEST_07570,2.434659256376177,-0.7365815521961451,-1.0271867347953318
TEST_07571,3.278326432470083,-0.2898002779992819,0.420554054684639
TEST_07572,3.5112250441782473,-0.8631331455183625,-0.645317196775794
TEST_07573,2.292519236205816,0.07388672422385216,-0.152306283703506
TEST_07574,2.1693789822278022,1.0719072482066752,-0.3210398223928213
TEST_07575,3.916633502413273,0.7662219673181623,-0.22953605111426115
TEST_07576,1.6188538818079232,0.6795305859459638,0.4118524173979759
TEST_07577,3.7300974373322724,-0.7602232285912633,0.572123307315588
TEST_07578,1.4061069557816983,1.40214435485214,0.5331554957879484
TEST_07579,3.8097258443554045,-0.09136339750238881,-0.7531746164065599
TEST_07580,3.2780372085961997,-0.43423740662136673,0.8513638762627244
TEST_07581,0.9356887430247068,-0.2988735347844064,-0.0613531302357614
TEST_07582,1.3428366250691415,0.5871174641521871,-0.16989861154136063
TEST_07583,4.3919251394906045,0.6216103642337322,0.9131415064365864
TEST_07584,0.92434174553895,0.3670580500890538,0.01454349150518328
TEST_07585,2.9268511386156084,1.2186447670125962,0.8911123760890365
TEST_07586,2.3165092091971635,0.18620620345681907,-0.45924400789296627
TEST_07587,1.463752903880596,0.0615152286952734,0.07395945464910567
TEST_07588,3.0073899214817286,0.174833991615057,-0.4068684819369316
TEST_07589,3.722908851859093,-0.85752580906713,1.0245934520907403
TEST_07590,3.0070151191749575,0.9059831088953019,0.4833148407627046
TEST_07591,1.539920296718836,-0.9633054608345628,-0.17098930984225125
TEST_07592,2.994001787188411,1.442090076704979,1.3659528819124698
TEST_07593,3.3474380744529366,-0.5457164522189498,0.8730276051268577
TEST_07594,2.240845343538761,0.34635054311728475,-0.027476673886775965
TEST_07595,2.317186207635343,0.5479306769567132,0.6459239978038073
TEST_07596,3.6094236520801783,-1.3496393028178215,-0.46954509370517733
TEST_07597,2.977373986703873,-0.21993398436141015,0.5745257326975055
TEST_07598,2.897933733441591,-1.1648047259018421,-0.479465864869833
TEST_07599,4.817374012730599,0.7068134677603543,0.21060083268487453
TEST_07600,1.9649684652178288,0.24621046822047232,0.08502247283710539
TEST_07601,2.8114728677504064,-0.5400770236617923,0.8749965249062777
TEST_07602,3.3262598384746314,-0.1506459941752404,0.434398292356804
TEST_07603,2.809657241664648,-0.6007890912399292,-1.328518199716568
TEST_07604,1.4125916120352746,0.15895269625997543,-0.18087093664634227
TEST_07605,2.389450104241848,0.49105036166900395,-0.7363173486151695
TEST_07606,2.1361290574228167,0.13173169022148848,-0.31836390246143936
TEST_07607,4.702511266706109,0.8636359129101038,1.1976880460851789
TEST_07608,1.3879754938154816,0.7152439531980157,0.33733485129918156
TEST_07609,2.149592830288887,0.7128210068506002,0.1401417778994441
TEST_07610,3.1982773321938516,-0.47216368001747133,0.6119898322520256
TEST_07611,1.3407486579699517,0.10417986623430253,0.22088124803769588
TEST_07612,3.2076249826481082,0.9570099811065197,-1.197946164179951
TEST_07613,1.4194286909048557,-0.3904768888692856,-0.04574549702602625
TEST_07614,3.639710452101588,0.8961325137628317,0.3129518501624316
TEST_07615,1.4973102860033511,0.15128072604584694,-0.016112607391297818
TEST_07616,1.7153282168889046,-0.5428523414135575,-0.6529131390793323
TEST_07617,3.0311552308369873,-0.6022661408414841,0.7945607574911118
TEST_07618,1.8650959598836898,-0.9458936461963654,-0.5419404365547895
TEST_07619,3.3948894984133244,-0.04821376941037178,-0.04357787932133675
TEST_07620,1.5563107342296838,-0.1090492919524908,0.383909026207149
TEST_07621,2.419859520690858,0.05854422939038277,0.15947820496819914
TEST_07622,2.0894514351219535,-0.7790168111982345,0.7420909422295093
TEST_07623,2.3694383432946204,0.26593466322374343,-0.5660050931569934
TEST_07624,3.2158274891576766,-0.06431242507386208,0.04471565131545067
TEST_07625,1.6008563484256269,0.8615280102243423,-0.24431424807348848
TEST_07626,3.581583471156627,-0.6438132061551809,-1.144190552597642
TEST_07627,2.134670133647442,-0.42540854991725835,0.28994688605875524
TEST_07628,2.606405393579066,-0.3869739521996826,0.05354634919023514
TEST_07629,4.548041043931008,-1.8589882459724545,1.757445123528719
TEST_07630,4.367398759414434,0.4356612398545742,1.6590307415008545
TEST_07631,1.6224808434550761,-0.11787653239822388,-0.022162915982723234
TEST_07632,1.9744054100756645,-0.906864185702324,-0.12706912707436085
TEST_07633,3.4261876960766315,1.4909969169950485,0.07952738601696491
TEST_07634,3.1300939748529792,0.5156464388349056,-0.13969715891438722
TEST_07635,1.2993988902614118,-0.01343865615582466,0.42347835321712496
TEST_07636,4.69996325612545,-1.7192692297604084,-0.39875311666965485
TEST_07637,1.6386808267354964,0.47316762277817725,0.11179858740615845
TEST_07638,1.5432781199722887,-0.4089161613594294,0.5643429484066367
TEST_07639,5.123999449234009,-0.9470396246915906,-0.29196010050177573
TEST_07640,1.3368772746932507,0.6617218619886637,-0.18848958340504765
TEST_07641,4.943420692570925,2.0580139982352255,0.7375283267242313
TEST_07642,2.5275887876610756,0.292920253090173,-0.4451075950306654
TEST_07643,4.078685306858241,-0.9913303256642818,-1.2899113855192066
TEST_07644,2.044645378320694,0.19411015741825105,0.05895760697603226
TEST_07645,0.8267539146737456,-0.2539796238064766,-0.12688017663824558
TEST_07646,4.684437952586293,1.144800312499881,-0.5656699366642237
TEST_07647,4.684677783895492,1.3308467394777537,0.7556152506622076
TEST_07648,1.9181195500570536,-0.844863893174231,0.12038079657512903
TEST_07649,4.5307030617694855,-0.45042791054415704,-0.5931367482347488
TEST_07650,0.848657205103755,-0.14709863294093312,-0.043214896170675754
TEST_07651,1.7543097613934875,0.3717290778608322,-0.2841476058971584
TEST_07652,3.389526693125427,1.1374406718428134,0.6216553937964737
TEST_07653,1.7050295131559372,-0.39287646091747286,-0.04270786763125658
TEST_07654,2.969554020906448,0.17944715966558455,-0.6548522561075687
TEST_07655,3.2708250662837624,-0.17424421583938599,-0.4481582719330788
TEST_07656,1.4117170242365598,0.22401804694926739,0.4112984170280695
TEST_07657,2.468862411327839,0.7348737266881465,0.3147577558279038
TEST_07658,3.709235804810047,-0.4564820253908634,-0.2975811995099783
TEST_07659,3.207215057123542,-1.4812798735767603,-1.2626279618088008
TEST_07660,1.5858727354625464,-0.4496823400255442,0.2604712936362028
TEST_07661,2.9624719406938183,0.29469471083307264,0.9115144685359001
TEST_07662,1.9329382156813144,-0.36887201489704846,0.652577785842061
TEST_07663,1.2772645939340592,-0.21125255185300112,0.012467975895047188
TEST_07664,2.7271461618546247,0.27298477149271966,0.6423821360383034
TEST_07665,5.439601784911871,-0.4151532895553112,-0.6017985813589096
TEST_07666,2.7352578687916993,-0.09971333215597272,-0.8410490253925323
TEST_07667,2.2527236242420674,-0.22316352308273313,0.796345016761303
TEST_07668,1.6134753374724389,-0.5286571729774475,0.2579152664886713
TEST_07669,2.282362346082598,-0.3693775963025093,1.349936480350256
TEST_07670,4.519395477088571,0.670718927974224,0.7934123405750095
TEST_07671,3.0345603246090413,0.4252315552425385,-0.1397039837088585
TEST_07672,1.878922034814477,-0.9424386742461808,0.15005380325434356
TEST_07673,3.970621070541978,0.2332754746031761,0.8911637314190864
TEST_07674,2.7785902823115887,0.3309694274871349,0.004193988850951194
TEST_07675,2.3676601267371176,-1.0804800289459824,1.1028962744570971
TEST_07676,3.9109548900458813,1.1223556203877927,0.6062727076333165
TEST_07677,2.45989844613266,-0.3250736382303238,0.3021178823937178
TEST_07678,1.7494420713050962,-0.9224634221770763,-0.9228572996087074
TEST_07679,3.247236594901301,-1.075459578461647,-1.0529689710066616
TEST_07680,1.9361107142021656,1.7140481089143753,-0.8030420523644686
TEST_07681,2.784753658044815,1.365040801443994,-0.2326486327447891
TEST_07682,3.100559784163684,0.8852544138962031,1.2838578686784505
TEST_07683,2.2693896201384067,1.3088131803941727,0.38673426155638696
TEST_07684,2.7917718308906556,0.16043433038949967,-0.0032227611913681065
TEST_07685,2.76467901811862,-0.6157149178509116,-0.7799813419917822
TEST_07686,1.4472494649727345,-0.32752332846140864,0.16312003975832276
TEST_07687,4.799670645383835,-0.686570369351387,0.8595406715451479
TEST_07688,5.722211798262596,0.5793665074344874,-0.5494745919950008
TEST_07689,1.7026009908957482,0.36980925347542765,0.0042011591694355
TEST_07690,1.8740648310117722,0.15725644538760186,-0.09621344188894332
TEST_07691,1.5266152789939047,-0.37498003203177455,0.2840661350147426
TEST_07692,2.5629521625533105,0.6737965797252655,0.3929169352557287
TEST_07693,2.0238047827123404,0.16951967122629286,0.2057484930756539
TEST_07694,2.786370137684405,0.7386885780974627,0.8219472782222629
TEST_07695,3.4218690871229174,0.5021384484388978,-0.19751303646814825
TEST_07696,1.6107158429712056,-0.06876924268291891,-0.6090943496787548
TEST_07697,3.602014503811717,-1.1411833201385737,1.9195297027686535
TEST_07698,5.683081381389379,1.218002163621068,-0.06239359166968614
TEST_07699,4.4403607515468595,-1.7347909680763482,0.12925327990689872
TEST_07700,0.9635822156147957,0.3461979117434025,0.11653509107586975
TEST_07701,3.4790988140067087,-0.09556069676566124,0.36640450908988714
TEST_07702,2.138355702180028,-0.4437975699532926,0.9326621426391601
TEST_07703,3.4926193594652415,-0.17637902606618405,0.24366653849387168
TEST_07704,3.554682954422593,-0.167236493339777,0.41645504445797205
TEST_07705,1.190950495997548,-0.109769191259861,-0.15939306203722953
TEST_07706,3.057015760118833,-0.34647645951449874,-0.8920711135964393
TEST_07707,2.118206005355477,-0.034294544411778455,-0.5253678712947368
TEST_07708,3.2334192470121383,-0.44036401060462,-0.16137702786540986
TEST_07709,1.3034736607085466,-0.3502502253344059,-0.43676284513711927
TEST_07710,1.269819132903099,-0.30111117401480675,-0.11599974528709053
TEST_07711,2.080556631660223,-0.6359980290068388,-0.37092797305214403
TEST_07712,2.6705872544972897,1.5196659007841051,0.6809585798892593
TEST_07713,3.2259150918753146,0.1360568060132265,0.2886819085700512
TEST_07714,3.268954215403318,-0.20592640249013902,-0.3424810664271116
TEST_07715,1.1074990422427655,-0.24526720907247065,-0.113010127602458
TEST_07716,3.6429000746926667,0.1614582711777687,-0.5821421109033823
TEST_07717,3.5818357158377765,0.8891930105881691,0.6439543882313967
TEST_07718,1.4071935161688327,0.9327001245651841,0.5984433864550293
TEST_07719,5.212543647589802,0.5828843414912224,0.8525472045199871
TEST_07720,3.4026304474201203,-0.3113937125737667,0.7466090833780765
TEST_07721,1.8185828257704972,0.4111652357509136,-0.3591255518184006
TEST_07722,3.697397056083083,-0.08206216735827923,0.9731681696487666
TEST_07723,3.2925725355014803,-0.21591397436523438,-0.001202909533441066
TEST_07724,2.2421613654174806,-0.44592275533032416,0.6901855674773455
TEST_07725,0.9932755291270018,0.2702404890675545,-0.04804355363996327
TEST_07726,2.5979122948201896,-0.05816156429505348,-0.27569029615336654
TEST_07727,1.3590616514616012,0.8281477917037606,0.40325561611783506
TEST_07728,1.0990642355952263,-0.4969903164830208,-0.20382043838214875
TEST_07729,2.432688952469349,-0.26271793455553055,0.312198815002054
TEST_07730,2.6063385638668537,0.6662755562164374,0.7484884778106212
TEST_07731,2.8822075126229523,0.38345550125348565,0.747683375308156
TEST_07732,0.8773623535046577,0.018550323177576065,0.002236265415176749
TEST_07733,1.9633433541111946,-0.20745154744684696,0.11337258212864398
TEST_07734,1.4494756858304738,0.6472719716361761,0.634849331147492
TEST_07735,2.7923641093041898,0.6694313468484878,-0.5752511779146194
TEST_07736,3.180696510452509,-1.124179875959456,0.911246388357222
TEST_07737,1.5574507119941712,0.7714111716117262,0.7390532804994882
TEST_07738,2.460721736309767,-1.2280687872478664,-0.7871357811468244
TEST_07739,2.9615361497490404,-0.12065761087960004,-0.7317744960372448
TEST_07740,3.0551122471893133,0.28198329164004327,0.15263864765775204
TEST_07741,1.9773406384460925,-0.3229598174316287,-0.040239814241588116
TEST_07742,1.4219747328500543,-0.6506327282773257,-0.5638529472765327
TEST_07743,3.8270403706473113,0.602643641774416,1.033120663432598
TEST_07744,4.0475665630254145,-0.6482135178427696,0.5663763743400574
TEST_07745,2.070303102548838,1.4127306530423165,1.1297710324584245
TEST_07746,3.2619670887924435,-0.5119592313428447,-0.6335122693799734
TEST_07747,3.472319515043557,0.2504126893441677,-0.8152229780769348
TEST_07748,1.7519173816018105,-0.38911642753505704,0.05524068132379651
TEST_07749,2.957120135438025,1.1145020219461919,-0.8424346732535363
TEST_07750,1.1402815200157166,-0.20445521939945221,0.224439973957181
TEST_07751,2.780984611436248,-0.5367882107840777,-0.7236140358663797
TEST_07752,3.2929106802198587,0.46023169365072253,-0.41037767521953583
TEST_07753,3.4317848619799016,0.9204369656114578,-0.9597285521438718
TEST_07754,1.464799416398406,-0.14146428527355195,0.0915061399103403
TEST_07755,0.9597419037311077,0.12310327277839184,0.2642835731170662
TEST_07756,4.381527629266203,-0.2980888286347389,1.1017848061715365
TEST_07757,2.508666106907606,0.8861234164931774,-0.30785231842803956
TEST_07758,2.0223056687377694,-0.24874941944098472,0.4990165138153434
TEST_07759,4.2814729049239455,1.8476579249461293,1.2536284577438235
TEST_07760,4.6274375583531855,-0.9384433356665373,0.4208196351417303
TEST_07761,2.7608519342119098,2.1662532193980217,-0.11107155007618666
TEST_07762,3.5363255670276286,-0.052034003773212434,-0.1558017171728611
TEST_07763,3.5701577543182372,1.2976074435014724,-1.0455893044056892
TEST_07764,1.5475326729869843,-0.07450308568421006,0.037645936759720555
TEST_07765,1.3794155569459199,0.6531089035413266,-0.161873932322748
TEST_07766,4.332883471287966,0.9237338897970766,0.3020048761227727
TEST_07767,2.3375620584428907,1.5079079554246069,-0.7523530507714749
TEST_07768,4.837847502136767,-1.6954475149610042,-0.5682206001601219
TEST_07769,2.9877972909083366,0.3367222473758459,0.312167459649086
TEST_07770,2.4464904177672864,0.09999757507562637,-0.1490418120932579
TEST_07771,2.9473148203789603,0.2648898565826416,-0.43534994935798643
TEST_07772,1.553398350403428,-1.0192080342168808,0.5778530668450594
TEST_07773,2.8267815661187172,0.5628050933654308,0.06127603588092327
TEST_07774,1.0751415924756527,0.3588696888291836,0.2607848423268199
TEST_07775,3.060002402577102,0.7116175163986683,0.001954733695030214
TEST_07776,3.0260468357753756,0.6924596137018204,1.3597772064545155
TEST_07777,1.6896526776399612,0.8530892138681412,-0.30955682830739023
TEST_07778,3.451026847989678,-0.802756112683773,0.7064295639998913
TEST_07779,3.5164321799892186,-0.7511379771454334,0.7054482154326439
TEST_07780,3.163970005028814,-0.677363451754272,-0.6321100377782584
TEST_07781,3.6908296199057102,-0.11883305712771415,-0.33665665089344976
TEST_07782,1.467434670814991,0.17595654707598687,-0.06496199950742722
TEST_07783,3.1675053717163206,-0.12638590758150817,0.1251740729288459
TEST_07784,4.123370541760117,-0.20860596936297418,-0.575124545819521
TEST_07785,5.479221106437415,-1.660391035923481,1.4763798553584218
TEST_07786,1.6850578810126184,-0.37421469168138505,0.12850974075919389
TEST_07787,1.5301564525666236,0.0008658016273975361,-0.20346693313604594
TEST_07788,1.5223099974122047,-0.6225581616695524,-0.13012096522927286
TEST_07789,1.9473188017923235,0.2395257406888008,-0.40731229665551333
TEST_07790,2.7978763416714667,1.5748491189777851,0.03313171007245779
TEST_07791,2.0021840317775905,0.5391832199290991,0.18335505688328296
TEST_07792,3.073810799299717,-0.7490865177264213,0.6529971318437457
TEST_07793,2.5020565238429455,0.02309121462237835,-0.27476509913265706
TEST_07794,1.952520680898428,-0.16265969320344925,0.04701470502023399
TEST_07795,1.002696510776162,0.47517344913649556,-0.3867056921337843
TEST_07796,1.5596173578937054,-0.17088921774506569,0.4168083045479655
TEST_07797,3.172942995271087,0.44115693782901766,0.6811579451741576
TEST_07798,3.043594550093472,0.4101991698420048,-0.18007277234101296
TEST_07799,3.369216740956381,1.1238833562543393,-1.4282964688979387
TEST_07800,4.903925910172463,-0.48536741228717567,-1.2591105662350655
TEST_07801,1.3537351973333358,-0.011200306189775466,-0.05968109744298458
TEST_07802,0.9308332884361744,0.3139225810666084,0.1089691732383296
TEST_07803,2.296513618205905,-0.24247295245409012,-0.7608767342457772
TEST_07804,2.936632310150534,0.1866251770428419,-0.6018190209960937
TEST_07805,2.32917869133687,-0.011551585580587387,0.010783907225102186
TEST_07806,1.1682372750383616,-0.22297300643526763,0.24779239859513938
TEST_07807,4.233597884868026,0.4800762205156088,-0.8642364783369899
TEST_07808,0.7899410547993183,0.21481364686888457,-0.00416773880174756
TEST_07809,1.637470276872158,0.3362130140807629,0.10208285729563236
TEST_07810,3.021569068850994,0.03467346727591753,0.15426305377936364
TEST_07811,1.790386415004611,-0.14133131536352633,-0.23451098754072935
TEST_07812,4.574527556976318,0.9897926292828321,-0.34782022699165344
TEST_07813,2.2405031840572356,0.06717913643658162,-0.05229718254756928
TEST_07814,2.6449147841107847,0.6482017200677395,-0.08477870591545106
TEST_07815,1.2699039736939668,0.5025929565300346,-0.09285347438037396
TEST_07816,1.5982445214544534,0.936394082720995,0.0780740068719387
TEST_07817,3.243979644418776,-0.6629250781280994,0.6384048309999705
TEST_07818,4.089366880418658,-1.1970720290241241,-0.01258775926476717
TEST_07819,1.4422870401768684,0.5309181277038753,-0.19597130846112967
TEST_07820,1.6248550619666577,-0.12089850250542164,-0.30299024355083704
TEST_07821,1.4232613080407381,-0.10829287941420078,-0.3598682008434534
TEST_07822,1.590742784394741,-0.2537270440943241,0.010454726962476969
TEST_07823,2.3497708495993614,-0.16658879548871516,0.6021135500569343
TEST_07824,1.9936731908441783,0.38748505384258924,-0.47378200656199454
TEST_07825,2.675193327964902,-0.7351993701952696,0.009912513305395842
TEST_07826,3.1194554481925962,0.4385407987963855,-0.27149140363264085
TEST_07827,3.008571936551273,0.5039811806935668,0.10886533490867167
TEST_07828,2.770843808119297,0.05184258274620771,0.005083580460190772
TEST_07829,1.4822206636369228,-0.12517238555335997,-0.210057277427271
TEST_07830,2.4782329369795324,0.07951989208078385,0.8862597513571978
TEST_07831,1.5227593636193648,1.2193391707792283,-0.03445462183046341
TEST_07832,1.0589992865650655,-0.2437681424841881,-0.0062058705906271935
TEST_07833,3.8549396049434543,-1.022067413377285,0.44781721454167367
TEST_07834,3.6452206140080095,0.6328171498389245,1.2941007485311626
TEST_07835,1.944015607563734,-0.06320781246215106,0.3082133162512779
TEST_07836,3.133586411552012,-1.4192284289047719,1.132196750784576
TEST_07837,2.1932020529322624,0.1959323325459957,0.5955301296416521
TEST_07838,3.037589572238445,0.7163069287596345,0.7482580817761422
TEST_07839,3.6031074370434286,-0.2158715002900362,0.6090814357969165
TEST_07840,3.5790023878954984,-0.2695348232735991,1.42734048285985
TEST_07841,4.767989898499966,2.1233884758627415,1.20010279702425
TEST_07842,1.4225550614885092,-1.4722884142931103,-0.5863057719031572
TEST_07843,1.3832448470536471,-0.17167133326410502,-0.7280620331545472
TEST_07844,1.5578924829237462,-0.7131166268437803,0.25345104804447294
TEST_07845,1.6965978146487475,-0.43112746547698977,-0.34799377293300626
TEST_07846,4.831153789185882,0.5901817887511254,0.7830813391155451
TEST_07847,3.616615852849603,0.27706829632425306,0.04474648484349251
TEST_07848,5.497829460108638,-2.2344632567423584,0.1024016812556684
TEST_07849,1.9242625915880203,0.6303628937143088,0.18755793338642268
TEST_07850,1.6862255809738635,0.3708813255087137,-0.3044453180803657
TEST_07851,1.3732748882901074,0.29965375104618075,0.1868732959140539
TEST_07852,2.058891902696371,0.7528515984064936,-0.020374924709647895
TEST_07853,1.3662825001838208,0.10159451154673099,-0.15555743880915643
TEST_07854,2.4797324357146175,-1.2774738743155003,0.5765219184765369
TEST_07855,3.3069684007638993,-0.6965433856535554,0.872463878461808
TEST_07856,2.795879860261202,0.030771541221141813,0.49516582666683195
TEST_07857,2.3262241261190177,-0.005628423635005951,0.15340531275939942
TEST_07858,3.8102460739912987,-1.5826032516536712,0.7350824296663999
TEST_07859,2.784232435005307,1.160104943051815,-0.15176145242798328
TEST_07860,0.9029262452085615,-0.13261096847251058,0.4333129439270496
TEST_07861,1.1983743117709755,0.5442225544259548,0.2904318427544683
TEST_07862,2.0379168526624443,0.7040710878274441,0.5730787915688753
TEST_07863,1.363159181755066,-0.32175042785203456,-0.07026405816310644
TEST_07864,3.2321965978786946,-0.24418087280392647,-0.1703729329829216
TEST_07865,1.0985062114684583,0.5699958069621921,0.566048683610551
TEST_07866,1.4132139757084847,0.019629397910118102,-0.007389136333048343
TEST_07867,1.1102380762281419,0.11013781165599823,0.0899059992133379
TEST_07868,3.2287033725272862,-0.8262977694185972,-0.4887679012082815
TEST_07869,0.985309330438435,0.6167275271038413,-0.11981430550691485
TEST_07870,3.102549876916677,-1.0193883395521641,0.9145211183130741
TEST_07871,1.8910526376512728,-1.194629438410461,0.08171084907527268
TEST_07872,1.7390366030123234,-0.3488504066223204,0.5197258608733416
TEST_07873,3.7425915379691124,-0.6603603185253739,-0.1613572028889656
TEST_07874,3.0973029619474413,0.3469665479027629,-0.3523764854035378
TEST_07875,1.102847544875145,-0.18004217270171644,0.05801637212753296
TEST_07876,3.055667075412333,-1.4104724168305398,1.1746828415062427
TEST_07877,2.214941770814419,-0.5067002896580696,0.2835495261659622
TEST_07878,1.2315990401649475,0.01179105953478813,0.3551139480388705
TEST_07879,4.491560195289418,-0.845738531230092,1.7382038349119424
TEST_07880,4.369938594363392,1.4951339042184353,-1.0191960689423083
TEST_07881,2.72723821328336,-2.3738309288437365,0.579870611850515
TEST_07882,3.176457533723593,-0.36217601958277823,-0.012304911840915679
TEST_07883,2.6435925706768035,0.7543841469573974,-0.4431803980355263
TEST_07884,2.5229662362332346,0.5108136002845765,0.28911813677862286
TEST_07885,1.9796180763581097,-0.34388820072734355,-0.5212008788914084
TEST_07886,3.7482061228501498,-0.4303467024325132,-0.6670320477078557
TEST_07887,3.0927376825074107,0.2360975713031888,-0.31465410631978513
TEST_07888,1.9995664364054202,0.20656794323501737,0.7987315776310117
TEST_07889,2.915952655286789,-0.22397772872519495,-0.2928733006510735
TEST_07890,2.5969042052770854,-0.2792412135882378,0.4718896783897877
TEST_07891,3.7737610785251854,-0.47277996616292,-0.4125352549676299
TEST_07892,3.0821162063217162,0.4303714900227934,1.2113739544876814
TEST_07893,2.968587521470487,0.0801716571419239,0.02752757790350914
TEST_07894,2.7532865880982875,1.4201692011195421,0.2686647878459692
TEST_07895,1.9002803549456597,0.6925620951923132,0.024473834103822707
TEST_07896,1.9742992716197967,0.10743876239311695,0.3995277010331154
TEST_07897,3.8635775794863703,0.3833428693919629,1.4904762374887466
TEST_07898,2.8819473331422807,-0.9308910792694092,-1.0080044034504891
TEST_07899,1.8932451628687381,-0.5341047283524405,0.6541134153006077
TEST_07900,2.5999184205990136,-0.2256011832633838,0.5303506967899799
TEST_07901,1.5424101130071879,-0.2779082460124493,-0.20286542549932002
TEST_07902,1.5460795597555637,-5.4838991403578785e-05,0.284944565863654
TEST_07903,3.285971989682734,0.5287679144825935,0.4741641292657852
TEST_07904,3.49140901136446,-0.23340340938389303,0.9211278419952392
TEST_07905,4.209899656111985,-0.957620925768137,1.3548454105178118
TEST_07906,3.098998441076994,-0.12294414347237348,0.48158415447068215
TEST_07907,2.9973600007285475,0.8671061355959475,-0.6942864392642378
TEST_07908,2.583742097935043,-0.08628366683769226,-0.1145100919418633
TEST_07909,3.5895490583713054,1.222604870110631,1.3662035605618954
TEST_07910,4.273752696365833,-0.10445893055725097,1.9283223760520816
TEST_07911,2.9929812592539786,0.23570437796521188,-0.03393252383552492
TEST_07912,1.1529049899828434,0.47388763866221906,-0.36237193916106225
TEST_07913,1.5978258048353196,-0.5380839824336767,0.5698075944295674
TEST_07914,3.0044312215230464,0.37283395246315004,-0.6004503250470161
TEST_07915,1.108479883279562,0.04842112710738182,-0.3055276253461838
TEST_07916,1.6592926406879425,0.7531186482013464,0.19019896070706843
TEST_07917,3.0027882831048966,-1.6373263811001777,0.8286064803045988
TEST_07918,2.4761802971995177,1.1017318579488993,-0.8036671865420938
TEST_07919,3.6103035553450584,-0.25384879963397977,-1.4079317571642398
TEST_07920,2.488286808537483,0.8797381117173433,0.13432743808750808
TEST_07921,3.6497989319708943,0.5557686843193174,0.003351046629369259
TEST_07922,4.080474239035845,-0.10660803126853705,-0.4941670286402702
TEST_07923,4.276771851106524,-2.082651656933069,0.5962416937135459
TEST_07924,2.849963668434322,0.4535497821556628,0.4760661065821433
TEST_07925,1.185715655818522,-0.3125282075562477,0.15587208876526357
TEST_07926,4.657015828359842,-0.7350875673894882,0.40277560070601104
TEST_07927,2.105444291521132,-0.8424408681863547,-0.0826409512938708
TEST_07928,3.34091758021158,-2.148513903665215,-0.598496358399868
TEST_07929,3.963436391582489,0.24892445863473414,-0.30334102871108054
TEST_07930,2.48584365844655,0.26406413353824615,-0.3298260170247555
TEST_07931,2.6911327261459825,0.21432675718832017,0.15451608036231995
TEST_07932,3.4748181526072024,-0.7630789869821072,-0.7037693592793941
TEST_07933,0.8661263593177796,-0.20542424320542813,0.006933856088787317
TEST_07934,1.5637765290312766,-0.28942421669745444,0.25628118551501633
TEST_07935,2.659891842913628,-0.15050784752559662,0.08682153039890528
TEST_07936,1.7081066963343323,-0.8101319111405015,0.10112123721957207
TEST_07937,2.4240647045959234,1.0597384028500318,1.2611749153600633
TEST_07938,3.1852457375290393,1.5120455272780657,-0.13418254667377472
TEST_07939,2.567462905002415,0.46621097978413106,0.6158002599617839
TEST_07940,2.0949358340566158,-0.7431254946969151,-0.40229114509773256
TEST_07941,2.0767310772810577,0.3276037504698634,0.13678663498099147
TEST_07942,1.4040712784376144,-0.2867449663234949,-0.45313660114502907
TEST_07943,4.016675942819596,0.46832229341471193,-0.22377620123553277
TEST_07944,1.9442532507697343,0.43561222332578897,0.8799915963773728
TEST_07945,5.7269158320263625,-0.2979451789422035,1.4265932288002372
TEST_07946,2.032994118046999,0.1617550574464798,0.3290694855998755
TEST_07947,3.7167818137488364,-0.8378675893322826,0.60620284121418
TEST_07948,2.9570798179261684,-1.0566953066079616,-0.04453589162579179
TEST_07949,3.779916363543749,0.677082335950017,0.18578467274546623
TEST_07950,4.957716637831867,-1.5815075452427865,-0.9302417222013474
TEST_07951,1.209073206273079,-0.6291166348012686,-0.09223227012503148
TEST_07952,2.045390831212044,0.8745096965310574,0.2512233440257311
TEST_07953,2.867414111786842,1.543546528054595,-0.672150060705781
TEST_07954,3.146535380195141,0.16650241962325574,0.05914641295552254
TEST_07955,1.4063698645230531,0.21785186624914407,0.24483348842787742
TEST_07956,3.183357354164362,-2.0194165988096593,0.3377891467844248
TEST_07957,1.71449560230875,0.014977427962541583,0.15738674530339242
TEST_07958,3.49882510314475,0.09572862658441067,0.01908713527542353
TEST_07959,6.083381206752539,-0.6119357154628038,1.5908587410006523
TEST_07960,4.3724840501376985,0.7275209821672439,0.957644482431531
TEST_07961,3.094320936498642,1.745830595761776,1.1383235615185499
TEST_07962,2.743586643298626,0.840413544657588,-0.5581402880800962
TEST_07963,1.413339637139678,-0.14052855723640323,-0.5625478741059303
TEST_07964,2.3898652294950486,0.49271725320219995,0.6212082702825069
TEST_07965,0.7596768452727795,-0.06055131291380525,-0.2855378008359969
TEST_07966,3.6604611171560886,1.064568789980091,-0.918029138410151
TEST_07967,0.8878151048035622,-0.4590105143543184,0.34056758235812185
TEST_07968,3.9560353136087656,-0.6917658946041166,0.23940145843076704
TEST_07969,2.2242855170292852,0.18257127855587008,0.12516210117644816
TEST_07970,2.2128672252569497,0.014903107476234436,-0.3698571675345302
TEST_07971,4.531671940476224,0.2573188049371243,-0.48904486096554994
TEST_07972,3.1777123467436956,-1.6179254954149722,-0.5795323242924213
TEST_07973,2.963099665587664,-0.5165746085195542,0.21716933982761205
TEST_07974,2.3897178288730383,0.3891005419216156,-0.6592511669689417
TEST_07975,3.0831463691511156,1.0694209739845395,0.8051721035701036
TEST_07976,2.6486399176715443,-1.1822073037457466,-0.016972116474151613
TEST_07977,4.0905712999033925,0.4275889447005391,-0.34944652021360395
TEST_07978,4.633596051533103,-0.7280527295854091,-0.6252184692502022
TEST_07979,3.0310060516979695,0.03598591830593348,0.4678005062814951
TEST_07980,2.2919138087134363,0.7413226070314646,0.40925091851621864
TEST_07981,1.4719981971734761,-0.008639113096714019,-0.585505711786732
TEST_07982,1.9475898449949622,0.5458683484957367,0.675360355152309
TEST_07983,1.2676417475545407,-0.20443825901961327,-0.40148516628831626
TEST_07984,1.8783070365185142,-0.18125956044071911,-0.31323871754449606
TEST_07985,4.839431535048909,-0.9571175862360597,1.772056808828354
TEST_07986,1.7881035245904326,0.24313556755590437,-0.6983514557688236
TEST_07987,4.43863455828315,0.9463010627943277,-0.021662287693142893
TEST_07988,2.2746860472608805,0.5697366240100264,-0.3361043425827622
TEST_07989,1.2621845154366493,-0.14669192989850044,0.29797239464324715
TEST_07990,3.5133395990321636,1.7258233698478938,0.5244514620063901
TEST_07991,1.0960371804070472,0.12677019728465377,0.02212091519046575
TEST_07992,3.394642522898674,1.4654378276865483,1.3889752405934335
TEST_07993,3.2811329673677685,1.888058376693487,0.2513023288285136
TEST_07994,3.4495865622124673,-0.12644179325389862,0.5102692121431828
TEST_07995,1.5974146612496376,0.3768151499929726,-0.48174400858104227
TEST_07996,4.360532754656434,-0.15994857402694226,0.06936813263642788
TEST_07997,2.4257867970867157,0.2515088324559927,0.54213313030684
TEST_07998,1.4627717503371238,0.7512277705630809,0.4304436676457524
TEST_07999,5.087558599027633,1.582402075630665,2.0767614908183814
TEST_08000,4.208613121795416,1.830170167899549,-1.4077384870467782
TEST_08001,2.113843288759366,-1.576346616064787,0.5316948314230442
TEST_08002,3.959658526956558,0.980488858223796,0.634445633171618
TEST_08003,3.4499137087779044,-0.6729970041539669,0.10107745995450021
TEST_08004,1.6334381073679924,0.224162211769104,0.08778848792633415
TEST_08005,1.8354498136866093,-0.6656643329600096,-0.5707505869127214
TEST_08006,4.908297304193496,0.18770742983341218,-0.09739188093268872
TEST_08007,2.795150329689026,1.4818243535943032,0.22433215919971466
TEST_08008,4.290487570762247,0.3534095030261874,0.6496905383940935
TEST_08009,3.4781154702892305,0.5707937794339955,0.463315673987031
TEST_08010,2.10057393062067,-0.25337203724822777,-0.04690151083508134
TEST_08011,3.3446592869029046,0.08892215686190129,0.20016548078370094
TEST_08012,2.515349013597846,1.536069724332571,-0.7724444569858313
TEST_08013,2.4565987685964106,0.5342878678583503,-0.34914691821575167
TEST_08014,2.595973654650569,0.2902570919737816,1.3782771999509336
TEST_08015,2.67935114432621,-0.7414287946647108,0.2639399554029014
TEST_08016,1.725493170228362,1.2547740983076097,-0.06030615308499336
TEST_08017,3.169901803956509,-0.06467399293112755,0.6537738875470162
TEST_08018,3.4375798637020587,-0.827213591536522,0.34116321723011883
TEST_08019,4.638112737430572,0.5432327010805607,0.06993462536031007
TEST_08020,1.9272606915454864,0.03970447915953398,0.35779745661091805
TEST_08021,2.5255517216634153,0.35180545898509025,-0.37365798457086086
TEST_08022,1.685100349689007,0.13591975820577146,0.055825725826025005
TEST_08023,2.467548201616287,0.12170949668353796,-0.5547992400285006
TEST_08024,3.0366690963304044,0.36483109497117994,0.7345467197453379
TEST_08025,3.6677668172371387,-0.07781412496045231,0.10341888622450829
TEST_08026,2.2107684528871774,-0.17792573559713365,-0.4840697687852382
TEST_08027,3.259967618709564,-0.5198160656282306,-0.5654374623111487
TEST_08028,2.802259848516464,0.5125898465981483,0.24705017268365623
TEST_08029,2.852040542138815,-1.280136853373766,0.7049285371766091
TEST_08030,1.9609164260969163,0.024274745075941087,0.7875441082354933
TEST_08031,2.987162222893059,0.9995069197382926,-0.6172314914762974
TEST_08032,1.866750830675125,-0.673219714783758,-0.4014514137813449
TEST_08033,3.0020911401984693,-1.0762373372235299,0.6342910561154484
TEST_08034,2.0421173213243486,0.3741943950281739,0.29168215226864813
TEST_08035,1.942783671406448,-0.20682541344964503,-0.23150553490543363
TEST_08036,1.443114963148117,0.4587537479879856,0.5075667590752839
TEST_08037,2.0641596228923795,-0.2555184990007877,0.5496530509257317
TEST_08038,1.9759550393291712,-1.0916691542756558,0.5877202079904675
TEST_08039,4.569320214975715,0.3132908889070749,1.729009904835701
TEST_08040,2.585749497439861,-0.10876350621914863,0.2687461846236587
TEST_08041,1.918066653117001,-0.7467915921743811,0.17423308189048245
TEST_08042,1.679171181783676,-0.14584352552812546,0.004444978429853916
TEST_08043,1.767912872460127,0.9041665336222648,-0.8580335073817372
TEST_08044,2.9713166580302715,-0.4918678675703406,0.9516936114765405
TEST_08045,1.0235993527320624,-0.028089172280430792,0.12370712970900535
TEST_08046,1.9908067177360058,-0.016774921978667378,0.07567418320798874
TEST_08047,1.6186265483009816,-0.2714105512195826,-0.10641870191329718
TEST_08048,4.693460920347452,-1.0007592042000815,1.2288352591588496
TEST_08049,1.7938880712647438,-0.09736746237683297,-0.25951946606332066
TEST_08050,2.137264973226786,0.22762818559861184,0.004675756597965956
TEST_08051,1.4210459865221978,0.6636688104906082,-0.1311277629746422
TEST_08052,3.5094693651210815,-0.16527151473397017,-0.3778142599515915
TEST_08053,2.0954996966914834,0.6164463332476616,-0.32726061092180014
TEST_08054,1.260864747091055,-0.3591929627007693,0.09597962326765061
TEST_08055,1.1946370425884725,-0.03244789221477508,0.02498037686058879
TEST_08056,3.143883113690615,0.39319974513173106,0.31308860019207
TEST_08057,1.084387911147356,0.27965318132829664,0.5023666007077694
TEST_08058,1.8739742867386342,-0.6647422192013264,0.695310364991486
TEST_08059,1.823975387168169,0.29303895129242913,-0.23875248020320805
TEST_08060,1.474834641076088,-0.17525750562000275,-0.42228699080622195
TEST_08061,3.115262955643356,0.3070110353270769,0.0101209067466259
TEST_08062,1.7917355617148876,-0.03349003385049105,0.0004816482812166206
TEST_08063,3.744047173317313,0.2212122950639725,0.2770668075412512
TEST_08064,3.2222259503994284,-0.09252506277932226,0.1253475882101059
TEST_08065,4.343588682882309,-0.05954311361277104,-0.47873990998578075
TEST_08066,2.317934487779349,-0.28380492332613466,-0.7920921107914448
TEST_08067,2.7156915409142375,0.11886975783887506,-1.0203650896310805
TEST_08068,2.4918533987936975,-0.7879330033501982,-0.11507280702775716
TEST_08069,3.881723366064787,-1.1272114634211063,-0.5771135489680767
TEST_08070,3.7740002767360807,-0.956334998098135,0.9389492525933981
TEST_08071,1.5300557552604674,0.06569129259251058,-0.11843600924491882
TEST_08072,2.691882376158774,0.5469746668542027,0.1508301123688221
TEST_08073,4.121887521176339,0.20164439618492128,-0.9761158227725029
TEST_08074,2.5625599360043405,-0.4108503998193741,0.3926124383256435
TEST_08075,1.1052272189223766,0.12646884437328576,0.1424817847287939
TEST_08076,4.66886227695328,-0.9098301196093559,-0.26678593880450724
TEST_08077,1.5211792230201662,-0.8188614079329968,-0.5275750763693452
TEST_08078,2.6990712027111052,-1.3367695302536489,-0.10433421017640829
TEST_08079,5.745960227957755,0.817285049190402,0.12854351251745225
TEST_08080,2.210193962400317,-1.6410591027525663,-0.32156508034306763
TEST_08081,4.817799091190577,2.243215442679644,0.9282111045094729
TEST_08082,4.553122424331307,-1.4885409163825511,-0.6714518243650794
TEST_08083,3.1952387811445893,-0.7523716567684412,-0.8956702218432426
TEST_08084,3.4087243020124434,1.2076065017418862,1.7105108402192593
TEST_08085,2.204491451108843,0.8167923761103153,0.04208767643374205
TEST_08086,4.6282602865297795,0.09560412970417738,0.7254127724642754
TEST_08087,1.1802747668395042,-0.19970193466174602,0.3368160177369118
TEST_08088,3.4705885770454405,-0.9056908405468463,0.22386296681450307
TEST_08089,1.806780134311676,0.09262911989951134,0.2000999758528769
TEST_08090,1.5241138875546456,-0.41724499748778343,-0.16684659911057353
TEST_08091,2.954672680176258,0.2543119932938963,-0.0904086671667248
TEST_08092,3.520279383003324,-1.2337331430270673,1.496248839847088
TEST_08093,2.0437525220685897,0.4311100643465519,-0.0895819854850769
TEST_08094,3.445033789890766,-0.08268991157698631,-0.3027303206396103
TEST_08095,1.507030341688633,0.4573291898139715,-0.04919460928493738
TEST_08096,3.522694196643129,-0.40947897904387115,0.6683552092566639
TEST_08097,3.1961510333753824,-0.18061143605035543,1.9074764410232306
TEST_08098,4.575554896685615,0.8592990624743104,-0.6872408728849292
TEST_08099,1.3686053271241188,-0.267956583291769,-0.1226170775809288
TEST_08100,2.486075567250013,0.484296946131587,0.21393252378708125
TEST_08101,1.7814073541710376,-0.1606937962167859,0.36901819111733514
TEST_08102,1.521845121726036,-0.024405077695727348,-0.03161622423505783
TEST_08103,4.479639544530153,0.24241649099208415,0.6382853447841406
TEST_08104,4.234546524922132,-0.37701782174766063,-0.2351528679316044
TEST_08105,2.1412054302918913,-1.530145800869733,-0.6061070809710026
TEST_08106,3.1044648466110827,0.37768849436223506,-1.1507639141173363
TEST_08107,2.8904526967537403,-0.15246787760853767,0.1934952778174877
TEST_08108,3.363073108864546,1.3835445709547995,-0.23879442980667948
TEST_08109,1.0652333699485361,0.1751324705183506,0.036770492743968965
TEST_08110,4.835342613148928,-1.3851678832502365,0.004292524162888526
TEST_08111,1.8509205150852204,-0.9725554927766323,-0.19753108775553108
TEST_08112,3.1160072798638345,-0.24628556309008598,0.3215882213482857
TEST_08113,2.13198980847013,-0.2531219308446646,-0.615771708062172
TEST_08114,2.0168786550183295,-0.10520046196031571,-0.04374254215747118
TEST_08115,1.0603394121498466,0.5698967940520644,0.5154527783874161
TEST_08116,2.3062844482967852,0.9663117293095589,-0.83355957291466
TEST_08117,1.669493170783043,0.5910967286629677,0.3198473919967413
TEST_08118,3.807216194955349,-0.9934677743820641,-0.8942998605632781
TEST_08119,3.7611619009770156,-1.7707873516823351,-0.909311695966959
TEST_08120,3.6255269975373743,1.7970661388118268,1.205420389111519
TEST_08121,3.119643047569221,-1.484790275862217,-0.8239846740062237
TEST_08122,4.132345359378159,-0.5863140471875071,-0.31712405178666114
TEST_08123,2.26020458171016,1.336538005821228,-0.4819203620693684
TEST_08124,3.0157066889145376,-0.1390555306379795,0.33349222927045824
TEST_08125,2.3527342105432747,0.5178691246669292,-0.4048439839505553
TEST_08126,1.0311459836565255,0.0011977257506400347,0.3136156876618154
TEST_08127,2.2863754737046955,-0.012615114816427228,0.6903202149848342
TEST_08128,5.122856393737554,1.3103883858453036,0.47165351576384157
TEST_08129,2.9142911516556738,-0.3422313819537163,0.41710945563971996
TEST_08130,1.5619407347226142,-0.7300543153235912,0.26728039322832225
TEST_08131,1.2932121791433693,0.24167120829191804,0.36487642947366833
TEST_08132,4.610384762439012,-0.9077124501817823,0.6617359534996152
TEST_08133,2.476395812456131,-0.04113129772460461,0.23261111207199098
TEST_08134,3.399040046498075,1.0395090455338956,0.14797892702883483
TEST_08135,2.2129832187957765,0.12389601246356964,0.16789319027364255
TEST_08136,3.099774807606697,-0.4804435703340769,1.3453324212830067
TEST_08137,3.5906766940328776,-1.2771015230579377,0.18441205621337892
TEST_08138,1.6815437564995288,1.8069927609127163,0.7954686932327152
TEST_08139,4.1807868594796656,0.4199440593467951,-0.1341987010308206
TEST_08140,2.1599070275160073,-0.1924461855556369,-0.0012757635464500637
TEST_08141,2.196125590208888,-0.425803283013165,-0.29654780760234595
TEST_08142,2.161830696249366,0.5784909415778517,-0.5951377641968727
TEST_08143,3.8870777336564215,0.2750457254787683,-0.1832568026382923
TEST_08144,3.1161115486783384,-0.345181602434814,-0.38400071475070713
TEST_08145,2.3307819222915174,0.051677502447843554,0.01812872132921219
TEST_08146,1.6472375603645444,0.6094885676398277,0.11946282480269671
TEST_08147,3.2199548581837414,0.1541504239860773,-0.4320001430491209
TEST_08148,2.450102650946379,0.6008357418459653,0.3305638129242063
TEST_08149,1.4621377652606964,0.7916533101841807,-0.6081797398969829
TEST_08150,4.788220579102718,-0.022586434597849845,0.7895400745964051
TEST_08151,2.86249750079602,-0.5337928589884042,0.639713384071812
TEST_08152,3.320070575495005,1.1942255340357721,-0.46167808581161496
TEST_08153,3.5760839081103803,-0.5592425225360393,0.04355977706170082
TEST_08154,2.6868879180568457,0.017126315084278584,0.6520489175114632
TEST_08155,1.8978842545280903,0.729565457246542,0.8149117630450725
TEST_08156,3.0192856031280755,-1.1707428688063621,1.2426358933393955
TEST_08157,1.5763849018883704,-0.4479093659791946,0.24877988596594333
TEST_08158,1.3189356355650426,0.7879383343502879,0.19480713602596522
TEST_08159,4.906957481069923,0.3347247171486616,-0.9712307627530099
TEST_08160,3.4223559153461456,-0.4606875370268822,0.03199586960668862
TEST_08161,4.103614764899433,1.00986893065238,-0.007551063769429923
TEST_08162,3.007361219182968,-0.5447712944377661,1.3972307784149647
TEST_08163,1.6210424123606682,0.014182786144733422,-0.15095480713993312
TEST_08164,2.061308174592495,-0.4193000531283617,0.025791375689387323
TEST_08165,2.5625690705889466,0.9962023050845563,0.8258263684795499
TEST_08166,2.5346859192352293,1.0155922987201214,-0.5623328557714223
TEST_08167,2.549316425029993,0.7208782781496048,0.07115603358399868
TEST_08168,5.733845514190436,-0.39391657574903965,1.0974329708961248
TEST_08169,2.8111187791252137,0.3970812088882923,0.04896990643751621
TEST_08170,2.1369848823356627,-0.1477657424631119,-0.04610270961165429
TEST_08171,1.2485216832128763,-0.17026991965353488,0.1440105608290136
TEST_08172,3.7565812859809995,-0.04229910973924399,1.132059987725079
TEST_08173,2.399775316017866,0.22138412959736586,0.2901394960395694
TEST_08174,2.500773373194218,0.2690964961014986,0.3411251348747611
TEST_08175,2.7675179456647636,-0.9280187903468012,-0.6074046282163859
TEST_08176,1.1839009068767428,0.5026625893446803,-0.2913575499124527
TEST_08177,3.9768178415204885,0.35602048890566823,-0.46732312191510206
TEST_08178,1.8472117306442262,0.7299448307843357,0.7369529840008616
TEST_08179,3.344967669909954,0.03209388621294498,0.2621680882511139
TEST_08180,2.4366930505253075,0.7452044863603116,-0.4190917934590578
TEST_08181,1.35316777307868,0.0018630216200351685,-0.20441992617501317
TEST_08182,2.0865609372915923,0.5055508542472422,-0.05081646555119753
TEST_08183,4.403591436440229,0.007295282288074495,0.3487271083598137
TEST_08184,3.7810102994431256,-0.3990415902093649,-0.7515369510494471
TEST_08185,1.2047205948617459,-0.5980318959321975,0.4163213475866467
TEST_08186,2.19358055735898,-0.24893534058129785,-0.4288217789719105
TEST_08187,3.821667204250455,-0.16753358897456527,0.41117954246258737
TEST_08188,2.865910920548666,-0.6487157645927966,0.7082907452321052
TEST_08189,3.70682889609766,-0.137819196382761,0.06531315813183784
TEST_08190,1.7829860849734545,1.0698180565516948,-0.5180079087590576
TEST_08191,1.785870529392004,-0.38962092150330546,0.15328553044474125
TEST_08192,1.64985661871171,0.7214722055578232,0.4571947720151693
TEST_08193,2.74671030972147,-0.19573972125989197,0.6873207687420845
TEST_08194,2.8953201436157228,0.6077795412125587,-0.7252807716606855
TEST_08195,1.203255754789412,-0.03957274907898903,-0.01002651957719028
TEST_08196,2.9985288163163664,0.7203596621935368,0.6312412901183069
TEST_08197,3.5703068277089596,-1.929212619624138,-0.4598329081301689
TEST_08198,2.597776820248939,1.2915951762951612,-0.767276877650261
TEST_08199,4.341749208305359,-1.3599448230948448,0.8296488564443588
TEST_08200,3.712023531722546,-0.13407381586408615,0.04292127062821388
TEST_08201,2.6579401321349145,1.7322330933442116,-0.39427456294941904
TEST_08202,2.0215331269818546,0.00912901849269867,0.8978143062161505
TEST_08203,3.960590588240504,0.6943015912334919,-0.5935696163121462
TEST_08204,3.1891433834233283,1.414173242326498,0.676948100030899
TEST_08205,1.110330190814227,0.057899396737217904,0.23053541822083295
TEST_08206,2.60209434889555,-0.6085944243067242,0.42334595155480503
TEST_08207,2.560120871250093,0.9634593911938667,0.015172818528354167
TEST_08208,1.9353063640092611,1.2768860651439429,0.9765654054906541
TEST_08209,3.4034955377855303,0.4403789612493366,0.6395313919129372
TEST_08210,1.9084489568734169,0.3882957337437868,0.1548240100979805
TEST_08211,1.6379668561378122,0.21944883765423298,0.3132124343924522
TEST_08212,4.57731605588007,0.3108704440462589,-0.9383250841336847
TEST_08213,1.0460492041808962,-0.1937149322758317,0.14595624316336214
TEST_08214,2.9910997007567883,1.2074595610384942,-0.2606671308364868
TEST_08215,1.9754488702415227,0.5923345583031178,0.17048940291675926
TEST_08216,0.9001220596515983,-0.5581107861631512,-0.21306824497097732
TEST_08217,2.117684983901501,0.22994893434500693,0.7004117719342802
TEST_08218,4.5206011762288805,-0.3964396220219433,0.4603178685276509
TEST_08219,3.0263096050947307,0.4817020275988579,0.9974632996826769
TEST_08220,2.5930726873515844,-0.047366763661563394,0.00022619299352169206
TEST_08221,3.253042567290306,-0.09350016879451274,-0.06474719667172432
TEST_08222,2.2619226350373625,0.3540086540133953,0.0894902676512599
TEST_08223,4.389689238971114,-0.6487160498504638,0.636975408180356
TEST_08224,3.115200756371975,0.31290343667161463,0.42637868309640886
TEST_08225,4.711501214725852,-1.3567482585613728,0.9109558025494218
TEST_08226,1.4889978627066611,0.06630270202159881,-0.4676418806677088
TEST_08227,2.0775141267380715,-0.38010726035022735,0.00946360512945056
TEST_08228,3.023496579123974,0.11186859427419305,0.18029853374505042
TEST_08229,3.9137354509823323,0.17668463418257235,0.7379097671341897
TEST_08230,1.1347317211556434,0.6226214756871462,-0.05229170788949728
TEST_08231,2.35894614953351,0.07427732185077668,-0.11218124552023412
TEST_08232,2.989340020540953,-0.4670834799029827,0.8416518559125662
TEST_08233,3.813112573729992,-0.9580399201655387,1.7762725577828884
TEST_08234,1.3657122907662391,-0.1251319553477764,-0.25105795945489406
TEST_08235,2.0806347903559805,-0.2834047997773886,0.5497959243904352
TEST_08236,3.8008702398433685,0.66715104733783,0.8279321536909342
TEST_08237,2.6586251944724917,-0.6316809678828716,0.6656001727336905
TEST_08238,1.4045797292751074,0.6434809617032409,0.6301348681897223
TEST_08239,3.3672312719318866,-0.46594937628138067,-1.1127045148302317
TEST_08240,4.015505575099707,2.349866653166354,-1.2770801261101365
TEST_08241,5.373793316451848,2.185835868980169,0.7350966225073338
TEST_08242,2.8278506583386065,1.1422568994627595,-0.6422900029637814
TEST_08243,1.7153025256285668,-0.8381423379329145,0.341219497048378
TEST_08244,1.9509172945261597,-0.6571338072326184,0.3943975665061474
TEST_08245,1.6437897604703904,0.20074729347598552,0.3922202276226282
TEST_08246,3.0317612398529055,0.6951210886882655,0.13656609782618284
TEST_08247,1.5178436250272989,-0.5274548774437904,-0.35908366203340886
TEST_08248,4.8200290615921615,1.8438392621036768,-0.4658498329380751
TEST_08249,4.116372668484323,0.41925017762994765,-0.9167366217535138
TEST_08250,0.9673363461362123,0.25211376260620355,0.03148590395063162
TEST_08251,3.3618603142802717,0.3378928179635629,-0.38619356022179124
TEST_08252,3.476062491214454,1.3628462661608458,1.5492027338088752
TEST_08253,2.6782776321706177,-0.18064638752648235,-0.0035398620753288243
TEST_08254,1.5647870974087714,-0.7071800035679341,0.7490834500629902
TEST_08255,2.731575436739266,0.08911305528196692,0.2116834096549219
TEST_08256,1.2157938362021745,-0.3131803454590142,0.027903003502726557
TEST_08257,3.1460068832485995,1.7356007732474803,-0.4277710894804001
TEST_08258,1.444488439400196,0.6847577295936346,0.19764686633893847
TEST_08259,2.5384487056024074,-0.9931691053865254,0.5571132664924264
TEST_08260,1.205767564310193,0.013839159714579583,0.30312707711857556
TEST_08261,1.783054760530591,-0.15262319841074942,-0.08192477377872169
TEST_08262,2.2528324902730583,-0.29878091269481183,-0.13207099806824327
TEST_08263,1.0039718531328439,0.34034915352797507,0.344322244614169
TEST_08264,2.654008748758316,0.09590518265406042,0.0073278617552220825
TEST_08265,5.52113107517302,1.4237578226741552,0.4606197771791965
TEST_08266,1.5877636147902012,-0.1174955566060543,0.3388429836602211
TEST_08267,3.251930699576497,-0.44998632962584495,0.14656607611197234
TEST_08268,2.3501262943720818,1.0949231715266705,0.28005017595243453
TEST_08269,3.567231666976452,-0.32581586543226243,0.08366126750421524
TEST_08270,3.860336072906554,-0.23628465909183027,1.7552143206505775
TEST_08271,2.6715831135377885,-0.9561207752578259,-0.015975759793102742
TEST_08272,1.6002995063391925,-0.4158715157634914,-0.4907315144978762
TEST_08273,2.862270428937912,-0.709065458275795,0.5942128570373059
TEST_08274,2.2286079148287774,-0.49980294198668007,0.6311092095546722
TEST_08275,0.7313559589653611,0.3759708026821017,-0.1346136934722364
TEST_08276,1.1802538346152305,-0.4601033794503212,-0.2667391967930794
TEST_08277,1.2836481201257706,0.38167885467118023,0.13354334512686727
TEST_08278,2.7599026847379244,1.5565117587468624,0.39201788491013645
TEST_08279,5.126615803870917,-1.276711778908156,0.8434195007491112
TEST_08280,3.221249544749975,1.3195091856786012,0.0857977079948485
TEST_08281,2.717904359283686,0.2807894843183756,0.0127944383738935
TEST_08282,2.1557531348538994,0.4305825225469768,1.4830390589560867
TEST_08283,3.569786621540308,-0.1924527937247753,0.9959686113371848
TEST_08284,1.9187033467125894,0.11299942215299606,-0.16760855771398545
TEST_08285,1.66619758878541,0.2922054230365753,-0.18708032204157113
TEST_08286,4.976677072750092,-0.5455861006453038,-0.1289442085598707
TEST_08287,4.795807706023693,0.9332248249265924,0.6441384571899623
TEST_08288,4.7443719172284675,1.4882031343274116,-0.7755751671794653
TEST_08289,3.4398151139600275,0.2298180637652874,0.18118169193144143
TEST_08290,1.6632833109025955,-0.5557224385262728,-0.09889306560802459
TEST_08291,0.9785336906439066,0.19309202976936102,-0.1824851517328173
TEST_08292,2.3523516112338303,1.2628227664208411,-0.06879642460477352
TEST_08293,1.3846365840454102,0.4071104717323482,0.021453121772527693
TEST_08294,3.4579816388921736,-1.202352489187479,1.9796863669352533
TEST_08295,1.5671036795717477,0.541715277592659,0.41059167344694586
TEST_08296,2.9246134468955995,0.7845681054834723,1.5761766701858044
TEST_08297,1.8612585242387354,0.6854525126870871,-0.6041305777242556
TEST_08298,3.886587362666726,0.9609225237195492,0.2738283756637722
TEST_08299,4.053015277411878,1.2251801035827399,0.9311333886550665
TEST_08300,2.6491458366959093,-0.15640680963110923,-0.4654957870981693
TEST_08301,2.6350155478250383,-0.4132217060909271,-0.11624635040673613
TEST_08302,1.3988273504257203,0.2485436562449932,0.28646823152923584
TEST_08303,1.4178050515841245,-0.7581978827205003,-0.02054290898823738
TEST_08304,3.930663698669076,0.2028688834657669,0.46370200648629667
TEST_08305,1.5053676086010932,-0.44135348274827,0.115087007507205
TEST_08306,2.8689399510741236,0.09575591916561127,0.3645296163076162
TEST_08307,1.2710964023683071,-0.1971218608097434,-0.00031954707238078094
TEST_08308,3.3838502564940454,0.4710884190839529,-0.7033304600265026
TEST_08309,4.728944546699643,-1.0768921791273356,0.7775662496981621
TEST_08310,1.6537189319046737,1.0803716724119186,-0.7700277569625378
TEST_08311,1.9258912861013413,-0.6829091846034527,-0.09934401016366481
TEST_08312,3.4994904207947255,0.7129774376246929,1.292934357498586
TEST_08313,2.92709836449565,-0.6720718377969265,-0.493966661534071
TEST_08314,2.2214534655620457,0.39912817831897734,-0.04807839117252827
TEST_08315,2.1559505208309293,-1.0410138401862383,0.9088960523737669
TEST_08316,3.3085912328214646,-0.25799191111373904,-0.31150430428528786
TEST_08317,3.2798093378949167,1.814215367726803,-0.12827256474924087
TEST_08318,3.260126993179679,-1.4581256923012733,-0.6213341648509503
TEST_08319,5.531107707713306,-0.8132687836450487,0.9540700665090084
TEST_08320,1.675411365036726,-0.4154831359767914,0.1701357810651958
TEST_08321,5.010034699175179,0.5388031315555573,0.9309344061393737
TEST_08322,1.092495416597843,0.35504033734560014,0.6461104030666351
TEST_08323,3.104289457726717,0.42776215763664244,0.5694670837850571
TEST_08324,2.6715802961001396,-0.024236197645902634,-0.9221739563393593
TEST_08325,1.8718735198526382,0.2685932064113617,0.14452484122735262
TEST_08326,4.03763745600915,0.1675466567504406,0.15548625951004028
TEST_08327,3.4639942445827723,-0.44678146046994627,0.9213359921303987
TEST_08328,3.682425696605444,-1.9360088353139162,-0.13547490777765214
TEST_08329,3.436284171678096,0.42310990226477385,0.802248960611999
TEST_08330,2.6838680614032744,0.5264212029506564,-0.6489403334074021
TEST_08331,3.3842858731509446,0.3757518539097309,-1.0503239064220191
TEST_08332,2.405558446999937,1.2463769748734235,0.36692529279690983
TEST_08333,2.165254463956952,0.35225760732981565,-0.07713490180957318
TEST_08334,2.04180230719924,-0.24842458112162352,-0.13551286172759533
TEST_08335,2.915144775057197,-0.0037485026139020923,-0.16378101249420643
TEST_08336,3.078599701072216,0.8697481395190656,-0.02090436331605912
TEST_08337,3.652568413205385,-0.651373930536747,0.9362656934027076
TEST_08338,4.3886516273169365,0.9356761365168691,-0.7730386469170452
TEST_08339,1.9574798504915238,0.5976150854794979,0.29845148200726507
TEST_08340,1.9904159777005315,-0.8671829712290764,-0.5445363552833795
TEST_08341,2.350132607973814,-0.49588105319571496,0.25264781431657074
TEST_08342,2.2454373090162276,0.6151092704419717,0.03633076205377281
TEST_08343,0.9491307515536547,-0.18573476863634586,0.24769291345758737
TEST_08344,1.2060070401152372,-0.28613032083809375,-0.041566686303466556
TEST_08345,1.9131596796777248,0.09138330396544933,-0.37567908380293846
TEST_08346,3.306728703719318,0.2650312522343397,0.46045829455196857
TEST_08347,4.1941595496293305,-0.4327394929020107,1.0276606484937667
TEST_08348,2.119920871336609,0.5159371178569794,0.10196813226485252
TEST_08349,4.682231011931896,1.009261114917539,-0.8521779574363232
TEST_08350,5.127012194532871,-0.7429628304588198,-0.4027123698987961
TEST_08351,2.949281550818801,0.26418444800424573,-0.11406096277284622
TEST_08352,3.1845254947292805,0.5255575000456572,1.283594366419077
TEST_08353,2.5584611969201565,-1.189015059231758,0.23485536492724718
TEST_08354,2.6058890387509988,0.49764955238538977,0.08829123074860872
TEST_08355,2.1507937002767323,-0.20422399284350873,-0.74206888549757
TEST_08356,1.753356432813406,-0.27701904839968683,0.46450838829916713
TEST_08357,2.1783570521519184,-0.16787025046092272,0.6281327861793041
TEST_08358,1.7270276601638794,0.3516615376596451,-0.19241492487752437
TEST_08359,5.536321943255901,-1.0718676100518703,-0.3148420804697275
TEST_08360,2.782451631895542,-1.1822986510182023,0.6286157686790228
TEST_08361,1.066832796366036,0.2030350953885913,-0.3122841229391936
TEST_08362,3.599080685639992,-0.7280579115860463,0.5406197137799263
TEST_08363,3.3362346103190186,0.8863134124033452,-0.0811374482474029
TEST_08364,2.0082695988669395,0.5253711636407375,-0.42247249414277077
TEST_08365,1.6284751939222812,-0.11466897620862722,-0.3210317924955785
TEST_08366,4.162309937512875,-0.1475249240258932,-0.7868343454778195
TEST_08367,3.7428497552051545,-1.3946087651033998,1.0558939020111562
TEST_08368,1.6063636312360763,0.2927398362395093,0.22184469782042504
TEST_08369,3.5497402767742274,-0.03678492707633972,-0.008908941845417025
TEST_08370,2.0077799906206133,-0.4602162193748951,-0.41766220949333904
TEST_08371,2.6658279593197705,-0.12301373076736927,0.8915395606521368
TEST_08372,1.5047125049610137,0.7751637762922347,-0.6349300580004453
TEST_08373,1.9568621202195138,0.49941096206802127,0.25833261747425795
TEST_08374,2.1841046598863603,0.33262784780704974,-0.07469988689398765
TEST_08375,2.3514775858938695,0.07943771756482124,0.42969357465267183
TEST_08376,2.669097732973367,-0.4622508979871273,0.9666370643241405
TEST_08377,2.2903394637556076,-1.1016179138149023,-0.06936713847684861
TEST_08378,3.9916189746554194,-0.2664569051500559,0.22612120614501088
TEST_08379,2.721145993982017,0.603506213318348,0.6344933727258444
TEST_08380,2.5153020798079075,0.8789671491484642,0.5008988370978832
TEST_08381,3.75787175260514,-0.2621316436715126,1.2358156029093266
TEST_08382,1.5011929841767548,0.5164862323105335,0.21996578844931722
TEST_08383,1.6596562970839739,-0.37647576877391337,0.029549510120612105
TEST_08384,1.108886393614769,0.4584788892757893,-0.07302926767906547
TEST_08385,3.401505476527214,-1.8848934989073276,-0.24537334008771183
TEST_08386,2.6835552993195355,-0.5773390163934827,-1.0267272459100485
TEST_08387,2.294987517580986,-0.6867693934476972,-0.19688624208045005
TEST_08388,2.306519651030064,-0.040424688423991204,-0.0021099798150360583
TEST_08389,3.341013415922761,-1.2191615478510858,-0.13814225616467
TEST_08390,4.655157467139602,-1.408747960333109,0.6001468553023637
TEST_08391,1.1564619744900464,-0.139443976541996,-0.07209366293373703
TEST_08392,3.539309019618943,1.1798842822332383,-0.763173455450356
TEST_08393,2.5251866362776756,-0.009525305347800255,-0.4123724401845932
TEST_08394,2.3177586373425236,-0.3973463760257959,0.0527637456882
TEST_08395,1.506872530600965,-0.3257426861020923,-0.07776406450513006
TEST_08396,3.079087176542759,0.17391386381834745,0.8106222046680749
TEST_08397,2.27445064448452,-0.04648313764643669,0.11683188347768783
TEST_08398,1.6689643689324856,-0.0839970936909914,0.3938417916345
TEST_08399,5.085196140377994,-1.0621962573325634,0.006894771219223737
TEST_08400,3.925942035589695,-0.30415656741601227,-1.136274925799489
TEST_08401,2.2025237621635196,1.3901419638946055,-0.10853924364411831
TEST_08402,3.736871687285423,-0.9836444786726237,1.0933926605113744
TEST_08403,3.9029561586492063,-0.5316111930369138,0.18718005249655248
TEST_08404,2.863584823623106,-0.42006866920000313,0.03998017538422346
TEST_08405,1.1898441569584608,0.23207654392302035,-0.1014072491221726
TEST_08406,4.6927316273300645,-0.8856289393844158,0.13598519720871746
TEST_08407,2.0171023956782816,1.1028765727806613,0.45458443346326427
TEST_08408,3.3996864548321963,1.477236801178932,-0.6655186781094075
TEST_08409,2.861889031578064,0.19182795131468772,0.9307894438385963
TEST_08410,3.1814774574383495,0.4835669455350041,-0.6805141133391858
TEST_08411,0.9554782361433506,0.07711316843366622,-0.18189141813850404
TEST_08412,4.331866442767292,0.29116513299000263,-0.18664802826070787
TEST_08413,1.443804552329421,0.4445960094719231,-0.174951104418993
TEST_08414,2.9468763727644682,0.24192605948889256,0.8198125987251997
TEST_08415,2.31507341773051,0.576521206532836,-0.2696666110497713
TEST_08416,1.9494791021021605,-1.261918280138135,0.1355569672685539
TEST_08417,3.2754612163233756,0.14279647587704658,-0.13956950063180923
TEST_08418,2.1318391543605326,1.0569378206596522,-0.5088787779687644
TEST_08419,2.7889342140292523,-0.6230725392656327,-0.578765516035717
TEST_08420,2.299621345829606,-0.22279539276757837,0.8932471423657536
TEST_08421,3.123624021204293,-0.07726972143054009,0.4102115701854229
TEST_08422,2.228727598791033,0.5846386763507128,0.3947090109726265
TEST_08423,1.3723227206532955,0.10367489903867244,-0.09185225000911951
TEST_08424,3.1324757024149896,0.44379425331568717,0.4242078459057808
TEST_08425,4.218561219914701,0.7007845582414866,-0.6672108344681859
TEST_08426,1.908099399834454,0.22945884553158283,-0.08926143453340232
TEST_08427,3.552140276497483,-0.3585779536289573,0.3566481931309104
TEST_08428,2.672635076114416,-0.6748951953144073,-0.38487415019607546
TEST_08429,3.9299429601907727,-1.6065977126144766,0.06491561167991161
TEST_08430,3.2696620512338876,1.0043986693230271,-0.3252388778334856
TEST_08431,2.452883624222159,-0.9826920743198395,-0.010349123837828636
TEST_08432,1.406482064577341,0.3117432764551938,-0.417398564013958
TEST_08433,2.233698658491671,-0.24736498323130607,-0.45454363182568547
TEST_08434,2.6459635113835334,0.29325752553647755,0.11092750104090571
TEST_08435,2.2345976455404757,-0.5616399745378978,-0.9988738837260605
TEST_08436,4.461272979500159,0.7163700825850368,0.26367934811508653
TEST_08437,3.315293251439452,0.829812064299941,1.0378563936587275
TEST_08438,1.5027876564834117,0.3161583918991089,-0.2301645425887704
TEST_08439,4.2381094555791465,0.36880317447447775,0.634806728823781
TEST_08440,3.878049178888321,-0.39743029080367087,-0.2309071741490364
TEST_08441,4.126293220078396,0.4399057764515877,0.5740304769802094
TEST_08442,4.2520578155782225,-0.9305238663163781,0.6645457832777724
TEST_08443,3.5524738261756896,0.24204902786123755,-1.06589836963892
TEST_08444,3.2847751722907423,1.250316947726965,-0.03880616995823383
TEST_08445,1.488447125934124,0.22612656244707108,-0.17082647136785648
TEST_08446,3.4203046352665423,0.17689649198377133,-0.15562865310817958
TEST_08447,3.613308459063113,-1.079836267232895,-0.017487539813399317
TEST_08448,4.035051416904151,1.7822326637255028,0.08314635645729303
TEST_08449,2.9213842444691545,0.055705251329526306,-0.4092658456332087
TEST_08450,1.3189931214282513,0.4373107722982168,0.12461193114684896
TEST_08451,2.870686858654499,-0.12093441740942001,0.34397788120770456
TEST_08452,2.2944000737364294,1.3179950711438655,0.6081506353788376
TEST_08453,3.159071739777744,0.29025124243174494,-0.1190824475814104
TEST_08454,1.4223641542226075,-0.049002759479939935,0.0360509752998054
TEST_08455,1.30754596111238,0.6601740500340462,-0.22029588065174222
TEST_08456,3.240404949613094,-1.2621318052379191,-0.03719003192445636
TEST_08457,2.621805510090351,-0.1847963144850135,1.3603012772983312
TEST_08458,5.097553649169922,-0.13176768681406975,1.065583333733797
TEST_08459,1.745670938988924,0.18279308543109893,-0.38741837655603883
TEST_08460,2.353302975560866,0.047061146769762044,-0.44420698654913904
TEST_08461,3.176241969838381,-0.1497330859543085,0.37250594144010546
TEST_08462,1.7177343833471537,-0.6553370145059824,0.5977933292953969
TEST_08463,1.6846959782891273,0.5419984187273383,-0.11487828656503558
TEST_08464,1.1523844135167598,0.017304441756248477,-0.2394034287686348
TEST_08465,2.555615635986805,-0.06473583844172955,1.0904654693386555
TEST_08466,2.6561425455932617,-0.024039299307107923,-0.02553671076774597
TEST_08467,4.279316795214057,-0.4597178146355152,-0.7523612854096889
TEST_08468,2.656986805757046,-0.14382015517044067,-0.08056787838116289
TEST_08469,3.191694071725607,-0.8330764534710645,1.1995802706644536
TEST_08470,3.536192939098537,0.6969723620004654,0.7687028482357263
TEST_08471,1.840963665587902,-0.6704179534111023,0.41068200444972514
TEST_08472,3.21095310860765,0.8419349909307957,0.4790412759621143
TEST_08473,3.254996457154691,0.5868969331651926,1.1918251437741518
TEST_08474,1.6988130022153853,-0.0804790030503273,0.18314168584132196
TEST_08475,1.7883672596219555,-0.3278200416532755,0.16209829169274867
TEST_08476,1.8434458263590336,-1.0162780385754704,0.017283644232675435
TEST_08477,3.6950499663099645,-1.8104471552243233,-0.03966394014358521
TEST_08478,3.625042399946451,-1.3902432130869626,0.9836002454672456
TEST_08479,4.9323378582243915,-1.012741769118309,-0.5239206949930191
TEST_08480,1.5439903813996314,0.9381337452132702,0.18660823850343378
TEST_08481,2.1514649809701445,1.1620155580712557,-0.2589001588101387
TEST_08482,4.2640969959745405,-0.17639144858971237,1.5177638972889782
TEST_08483,3.6730985915356578,0.07277434729203582,0.4065470699290633
TEST_08484,1.7114460696148872,0.32589495788097383,0.2969335272296071
TEST_08485,1.6736120618340968,-0.3123914051069021,0.421695934699595
TEST_08486,4.203003496071875,-0.6022959083853364,-0.854170970990181
TEST_08487,3.371114547126904,1.6914402000558078,1.1530843415791392
TEST_08488,4.490855425857663,2.279237044082388,-0.32283219006985425
TEST_08489,4.212780699094415,-0.027003913935899737,-0.4725115049005747
TEST_08490,2.7954416666755675,0.27097349643588065,0.20796744764131309
TEST_08491,1.5857939127350449,0.01700073509183526,0.41311318694764376
TEST_08492,3.646868148764372,0.8426390273611843,0.32534504909199474
TEST_08493,2.3369191200848816,-0.18265352892965078,0.035303215194344525
TEST_08494,1.832063973995924,1.09288488667202,-0.5627685479596853
TEST_08495,2.6501818652923106,-0.17427619843178987,0.17935311254677178
TEST_08496,3.6692449530968814,0.6195579060593843,0.4247009956803322
TEST_08497,2.866998236254692,-0.14150238804733753,0.011233348948478696
TEST_08498,1.098750594068289,0.03678893682903051,0.330859105036363
TEST_08499,2.282128187040329,0.5623129323899746,-0.07871795531126857
TEST_08500,2.983573508343935,0.38419741811203956,-0.15778171552118658
TEST_08501,1.9991541192432642,-0.02394447377204895,-0.5611880697277785
TEST_08502,1.1433814170919656,-0.35917847010278703,-0.3098951244840622
TEST_08503,4.054557037691117,0.22624312496995924,0.8225697917561531
TEST_08504,2.6276154441592694,-0.12430633720067144,0.11744640065330267
TEST_08505,5.450106355874956,1.719011655538559,2.0163463484357
TEST_08506,2.210369125117749,0.4584757512414455,0.8547994112899303
TEST_08507,3.160329562561691,-0.19796828669190406,-0.8606370126330852
TEST_08508,2.236730034711361,-0.6229437466602326,0.19926687813889188
TEST_08509,1.1399763242782355,0.18208475342845917,-0.31533682784444095
TEST_08510,2.108300456749201,0.1408028782260418,0.6698924753143788
TEST_08511,1.3322951806416512,-0.6445359885854721,0.0064677051114365456
TEST_08512,3.152051414846182,0.26796381739640235,0.6363146651022434
TEST_08513,1.9610350078220367,-0.5862136116335392,-0.21784303317928316
TEST_08514,2.276612452615261,-0.23913569471144674,-0.013189715183675288
TEST_08515,1.5456482469667197,0.6327187886843681,0.15192124853767455
TEST_08516,4.237948405049085,1.9682334106087684,0.7545538262591363
TEST_08517,3.48858111487484,-0.5927624967772961,0.09670014535558223
TEST_08518,3.7560658422403335,1.481373592227459,0.43772891700822114
TEST_08519,4.1919024384769425,1.0900061278247832,-1.1755668080177306
TEST_08520,3.320728378013134,-0.25291355852934716,-0.3065104419978261
TEST_08521,3.321743419368625,0.21466318215870858,-0.49158808582454916
TEST_08522,3.86315451326704,0.6677414118968248,1.109386409230709
TEST_08523,4.052311315342903,-1.7686252815289498,-0.5720602296022177
TEST_08524,2.5107753315368893,-0.4084915488922596,-0.6807781828320026
TEST_08525,1.4423853484215736,-0.052055151776075365,0.12678546997094153
TEST_08526,3.210497774700701,0.1439828822645545,-0.7413034344180822
TEST_08527,3.9402337072496416,-1.1336982639226616,-0.9957875376328826
TEST_08528,2.9515122000277043,2.2077981077575686,0.4322626521731615
TEST_08529,3.4914732542301414,0.31762391177773475,-0.5900052692943215
TEST_08530,2.844293323469639,-0.18339033265423774,-0.13631333493703604
TEST_08531,2.2851251346120836,-0.37476574246776106,0.14339535750889779
TEST_08532,4.697836867997647,0.3493459503756016,-0.17816425923740864
TEST_08533,2.447658841713548,0.08102186003968119,0.16997317786058783
TEST_08534,1.5290817003890873,0.04782768022575974,0.03324784981507063
TEST_08535,1.24631680514884,-0.5367268008203209,0.310964027257517
TEST_08536,2.05602580035311,-0.18927605886647106,0.4194070355564654
TEST_08537,2.583871347345829,0.6045693497726917,0.08695439527702331
TEST_08538,3.9000783181877137,0.7268986200700365,-0.9884631921303273
TEST_08539,2.7828672541957498,-1.707591271777153,0.5826380499745607
TEST_08540,1.4223229248399734,-0.21120940997564794,-0.45519341505360605
TEST_08541,2.1566901535403726,0.039170970292210575,0.11056987581819296
TEST_08542,1.4527546265323161,0.4798906877388954,0.14279132093712688
TEST_08543,1.047946635692358,0.3916656961132288,-0.2586564863422811
TEST_08544,3.3670271753228307,-0.0674377043210268,-0.05855175395441055
TEST_08545,3.008153751543045,0.34446806858825685,0.35723104526735844
TEST_08546,2.909303229154766,0.20388492160761357,0.3838945107940435
TEST_08547,2.607014815563202,0.3178845317246914,0.07895126034510136
TEST_08548,1.9648064825264215,0.04567760814142227,-0.3445512434808016
TEST_08549,2.760324690560758,1.558836394647181,0.8170016360177099
TEST_08550,5.240645930502772,-0.21981742738127708,0.2050579845092939
TEST_08551,1.847625932556629,0.6126617704844475,-0.13560320179462432
TEST_08552,2.6942552326271536,1.8521675089411438,-0.3749725132460594
TEST_08553,3.5149612947916986,1.094720580684552,-0.23374230429553988
TEST_08554,2.7687405008983017,0.10140410583293438,0.6736590908780098
TEST_08555,1.7395106882662177,-0.04768221270442009,-0.4266859664230347
TEST_08556,2.591013985162735,0.6993865059216022,0.2516565123873949
TEST_08557,2.1335702879549863,0.7181171900360585,-0.31262167505156996
TEST_08558,3.0238588958439827,1.6219116922404766,-0.415257567896843
TEST_08559,5.023687502612471,1.6514234935102463,-0.2220178292094469
TEST_08560,2.889044907385826,-0.27442427929735186,0.8894539828088284
TEST_08561,2.1445929110991955,1.351735938458115,-0.12348239253398777
TEST_08562,1.2599707445192336,-1.0124523503587246,0.2403642553884387
TEST_08563,1.0267960782940388,-0.08987668902772665,0.08888865000879764
TEST_08564,2.220695578457594,-0.01626347766840458,0.4182405561555326
TEST_08565,1.7166398749642373,-0.08223682768833637,-0.15303530269005894
TEST_08566,4.141034608127952,-0.4563769186058044,0.2517381881613433
TEST_08567,4.616858449756414,-1.0672074780929088,0.5528520763747096
TEST_08568,2.1238111140758993,1.2970962682753802,0.573557649067115
TEST_08569,1.064528394785404,-0.303851632096231,0.12665043025946615
TEST_08570,1.9784545589017868,-0.29742717791938783,-0.04211761299133301
TEST_08571,1.561070967702508,-0.039522279619812965,-0.07309118782117963
TEST_08572,4.097974569083751,0.08915039616680145,1.0282080306485892
TEST_08573,2.431952417279482,0.2776238976518214,0.5517086216853857
TEST_08574,3.437114406736612,1.3044961553633212,1.439374914240718
TEST_08575,2.2504492562286558,1.0551342391929626,0.2067515665610796
TEST_08576,2.4093011706090866,-0.7850988829571605,-0.025632737500786783
TEST_08577,3.2636768450843094,0.9221522686357498,0.5290699267549515
TEST_08578,3.6110389746982454,0.3752354408500195,1.0646898408911227
TEST_08579,3.734788098408997,-0.3582100550044775,0.7254118650255204
TEST_08580,2.3136378769025803,0.926816460009098,-0.3734096715475917
TEST_08581,3.2759517110009044,-0.15289633816957474,-0.2780835188210011
TEST_08582,1.8362852723066807,0.09963805042904615,0.26443370556546747
TEST_08583,4.238781668578207,-0.6666798561884165,1.0974000291930437
TEST_08584,3.7487452116607427,-0.5371816352455616,0.3105873715496063
TEST_08585,2.6999855042744874,1.141248315028906,0.20912002474609018
TEST_08586,1.072972247370243,0.21256292251557113,-0.38871324512791633
TEST_08587,4.510464638782739,0.4158475382875204,-0.2650747353386283
TEST_08588,3.6150407225333154,0.8629317504599094,-0.3006003267182112
TEST_08589,3.6917922718815803,-1.5232309023712873,-1.2946879906094968
TEST_08590,2.431019438219905,-0.6683417025543451,-0.77785003229177
TEST_08591,2.5791367616361978,-0.7133511884609312,0.6104211192213893
TEST_08592,1.593123929275751,1.082898239487648,-0.727790895419836
TEST_08593,2.7769124963231087,0.9718179557982684,1.0034649810572862
TEST_08594,2.2675549200992586,0.07615313426268101,0.0378709287302494
TEST_08595,1.8727471600010395,-0.7383189054715633,0.43543897396600245
TEST_08596,3.3629758438333273,-0.2176675910513401,0.826250530110836
TEST_08597,2.4361063717388807,0.032491513598680494,-0.07388564656686783
TEST_08598,1.7296593121448756,0.8748922124598026,-0.5923369345294237
TEST_08599,1.3798736025061606,-0.6060583737504482,0.21686677267792076
TEST_08600,3.1379646196837427,-1.502515238726154,1.1993794951604604
TEST_08601,1.1243896102504731,-0.12056552623826267,0.22881107469271122
TEST_08602,2.956105394769296,1.5377247999037504,1.4043583690972328
TEST_08603,1.9926830730922223,-0.11157919876384736,-0.4016323690370917
TEST_08604,2.2142928265471458,-0.2504457800132334,-0.04475225743746758
TEST_08605,1.9795106906986237,-0.9558307855433226,-0.7608455819437504
TEST_08606,1.8458155244089365,0.16413490755605697,-0.5445104329468607
TEST_08607,1.3095670200808047,-0.3172170046818256,-0.353384273399353
TEST_08608,4.386345379092694,1.909861579703033,-0.9778260457164645
TEST_08609,4.012896820021927,-0.4534086200636625,0.4538317043492794
TEST_08610,1.8520164602661133,0.7754961437367499,-0.31455789779412746
TEST_08611,4.111449098641634,-0.3197833159675598,0.32306235115504267
TEST_08612,3.35333766674941,0.9262748558630943,0.8428998877215386
TEST_08613,2.7044095009388327,-0.2794325942569971,-0.01069068291354179
TEST_08614,1.342267443709135,0.8001159547004699,-0.19872059529328345
TEST_08615,2.050341491332829,-0.741150552049756,0.4693256147944033
TEST_08616,2.9660437614326476,0.6361519982767105,0.6487143392777442
TEST_08617,2.2635838843660356,0.478209300789237,0.5099905994135141
TEST_08618,2.888900861021757,1.3131980061175823,0.11092456122351438
TEST_08619,1.2233453908176422,0.08169293512058258,-0.15828328144401313
TEST_08620,1.8898819999980927,0.20900468166378142,-0.22977020763528347
TEST_08621,2.874019727049589,-0.1909528959707618,0.3203562121294737
TEST_08622,1.7604581567858457,-0.0021009013581275923,0.11159552953958513
TEST_08623,2.7356456434382794,0.8113243579765558,-0.857078559655726
TEST_08624,2.9175688350541593,-0.2227812526996322,0.32491357710963487
TEST_08625,4.109725370837927,1.1958109361159206,-0.5644181521689892
TEST_08626,2.114117223373771,0.29104032820558545,0.046394718447372314
TEST_08627,1.1591350216394662,0.06259437283366918,0.32476037907339633
TEST_08628,2.993538546742797,-0.3714323815140128,-0.08392389739894868
TEST_08629,4.1879228902652414,1.4757376001907587,1.288516175344944
TEST_08630,1.1096448967838288,-0.21203425439351797,0.12729080123051442
TEST_08631,2.8716519170094728,0.8434084395685196,0.2561610591614246
TEST_08632,2.5726689623743297,0.5885113510205746,0.09797096093201638
TEST_08633,3.277053087520599,-1.7236670256748199,-0.49797381627416615
TEST_08634,1.2455262473931312,0.25382664939045907,-0.035725222560584545
TEST_08635,1.2036098773311377,0.4035583861556053,-0.3574812396951914
TEST_08636,3.9738118076886235,-1.0529141428592206,-0.020881905860662457
TEST_08637,3.402379416491985,-1.3346695023671389,0.8126931703813021
TEST_08638,2.4935468982840776,0.8955334671485424,1.2177109988869428
TEST_08639,5.581511580163717,-0.3072042075859308,0.31922613030409813
TEST_08640,2.5905907000489234,0.45335806159591674,-0.30299564382636546
TEST_08641,3.43579363296628,-0.9928174051834345,-0.8848754189758599
TEST_08642,4.495725606784821,0.5861614520326555,0.39520324559602144
TEST_08643,2.135065339554429,-0.9188148388915957,-0.8821896030376554
TEST_08644,2.0739826540412905,0.7051190009864569,0.3761958341482878
TEST_08645,1.7467601478728652,-0.2715843083417416,-0.459772644413054
TEST_08646,3.872723901570797,1.1190295159114003,-0.721323796510458
TEST_08647,2.292134550211191,1.334330029059887,0.06237523081278801
TEST_08648,5.199936922908544,0.81959850741148,0.324617908611536
TEST_08649,1.9492895935940742,-0.048116474069356915,0.2629148624920547
TEST_08650,1.8992778964681625,0.4792184502596855,0.06579370468640328
TEST_08651,3.36178146855855,0.43358630647289753,0.33896387995910643
TEST_08652,3.84718007379508,0.08743634917318821,0.6344558613322974
TEST_08653,3.1008643040679096,0.672576850836575,-0.5415187415002585
TEST_08654,2.9699009382982253,-1.592886062876165,-1.122806418706879
TEST_08655,4.287222041262627,-0.5562119723598957,-0.23072876639002562
TEST_08656,1.7633191077686325,-0.2734446736460328,0.06595027212417126
TEST_08657,3.6330551254796983,2.043126920781374,0.0406194580001831
TEST_08658,2.031175877776384,0.3647202559325695,-0.2944759281208515
TEST_08659,2.9391475399899334,-1.256888132165432,0.5028405529495478
TEST_08660,1.9894088743680716,-1.0351083121559919,1.0311618358992338
TEST_08661,0.765496345398426,-0.2219573430828452,-0.25125458415549995
TEST_08662,1.6100954488995076,0.3160462140786648,0.32006935743021964
TEST_08663,3.38918531459409,0.14801043834972383,-0.9152844486409426
TEST_08664,1.9494472545015813,0.06136054341906309,-0.39100715099203587
TEST_08665,4.324117538146823,0.5162397888350487,-0.3760627683085203
TEST_08666,1.3661515352874993,0.15081506073212625,-0.566798078676939
TEST_08667,2.5916935633039473,-0.4561667846182585,0.2654007186998725
TEST_08668,2.755757696328163,-0.6173688638596535,0.30626874000228943
TEST_08669,2.467635006974548,1.4395366683272124,0.595943305810064
TEST_08670,1.0697804861474036,-0.6258138013329506,-0.16152286681762337
TEST_08671,3.2409720351339577,0.10454013470327854,-0.12485375737917423
TEST_08672,2.6889774726872444,-0.21401894321244955,-0.19644548796093464
TEST_08673,2.558507933636904,-0.07964535148286819,0.4936031437833011
TEST_08674,3.4355620720260145,-0.4309486318135858,0.6485193596109152
TEST_08675,1.348238518708825,0.48545798145604135,-0.19156771965128183
TEST_08676,3.915960634650707,1.5771504444174766,0.706125713480413
TEST_08677,2.1130073091244697,0.9228881337704584,0.20370005524015428
TEST_08678,3.2929307544763087,-1.8224845407299994,-0.9111164165074825
TEST_08679,4.334103537176028,-1.3228153182484805,2.225116325369358
TEST_08680,4.7372003742690945,2.1060424640244246,-0.9122389510657192
TEST_08681,2.339910624046922,0.793883540479064,-0.2841275008864999
TEST_08682,1.3741403817253113,-0.5675826571942568,-0.3417364840478897
TEST_08683,3.7691746765213012,2.0676443774881363,0.8937164620120526
TEST_08684,2.679788874692019,-0.36775887101793286,-0.19720032062852383
TEST_08685,1.4202021943588257,-0.24030438875615595,0.01871321668639779
TEST_08686,3.2700387956315278,-0.402576219119668,-0.08736201357927918
TEST_08687,2.9987855695340633,0.38528139120435717,-0.6409670381106138
TEST_08688,0.7833225213673711,0.41714936725822094,0.21320618765507637
TEST_08689,2.7390713371052744,0.3150885137357712,-0.08592243738269806
TEST_08690,3.1523226354750395,0.07258934077817202,1.2169749604496956
TEST_08691,2.7795712096791267,0.16968702774906158,-0.15158050525307656
TEST_08692,2.412505530544162,0.9410885208006501,0.10433570414243638
TEST_08693,1.3091680414273739,0.22428547176361086,-0.07187316454100609
TEST_08694,3.2036550575721265,0.06259966373324394,1.407388387791276
TEST_08695,3.578057467320323,0.5792201554102898,-1.0054615408540963
TEST_08696,3.085185706440866,-0.49288982667931913,1.546162449221611
TEST_08697,3.830350760226369,-0.5949202549333572,0.7520292759102583
TEST_08698,3.4105764663638176,0.46554044045090676,-0.9732858096694946
TEST_08699,2.397364957338959,1.249177836105287,-0.3709000535970144
TEST_08700,3.4128211902604697,0.9764407731610536,0.8608219080340862
TEST_08701,3.634014969870031,0.34477177664518355,-0.6881823884944915
TEST_08702,1.8062934085326194,0.1343560553869605,-0.09575228631281853
TEST_08703,2.4991461641459467,-0.17210002165591717,0.12545757448521255
TEST_08704,1.6197666681984515,0.5973169397603646,-0.2215608122960925
TEST_08705,2.921241817099333,-1.4710301665376424,-0.6135194002964497
TEST_08706,3.304197111203253,-0.50544760518682,0.484785845033884
TEST_08707,2.147530533256292,-0.15244498382151128,0.4539129865707159
TEST_08708,2.9864764466300158,0.6630059474798738,-0.6041539650643766
TEST_08709,4.417542857891083,-0.9885536759178639,0.9227091900330185
TEST_08710,1.8383676550381183,0.10582288484430313,0.6036415891177654
TEST_08711,2.4757088948228954,-0.8793511986093521,0.24773048506754636
TEST_08712,1.8411808390030862,-1.1333170558235646,0.8282435365356505
TEST_08713,2.453308272461891,0.13894046287679673,0.1640856619386673
TEST_08714,3.4021478864081502,-0.5073869105474949,-0.33450821093702315
TEST_08715,1.3324299609446526,-0.18709304384315015,0.14074432183089852
TEST_08716,2.9808589233555796,-0.38763351055526735,0.7177726278637051
TEST_08717,3.0793270033602713,-0.15243974005007743,-0.4506872977235317
TEST_08718,3.6398692898030354,-0.10417345483398438,1.168153055143714
TEST_08719,5.443621792054504,0.8928657905174494,2.0465302216660977
TEST_08720,3.785580566172272,0.40178813667976854,0.7651370959808826
TEST_08721,3.985452218330741,0.09394499018859864,0.6341236185367107
TEST_08722,3.8189810011225345,0.7643730955080986,1.6044143491334915
TEST_08723,1.827295861341238,0.4703697231527567,0.652501972950995
TEST_08724,2.8269126747142077,0.44047260735547544,0.2218745306649208
TEST_08725,1.0799218420206904,-0.3634935181208253,-0.023969909433454274
TEST_08726,1.499858257741809,0.050075525656461714,0.14700074306723476
TEST_08727,2.976563882533312,0.23010703451788425,0.8201703537202477
TEST_08728,1.0161774297919273,-0.8828727880644798,0.26112600161382554
TEST_08729,1.7173991941184998,0.4338025442814827,0.03833091687297821
TEST_08730,1.5554968407369851,-0.08242726348876953,0.3101034502875172
TEST_08731,3.720207892178699,0.38746588293021916,0.24519414487051966
TEST_08732,2.908125613088131,0.6048239117221832,1.3614027041581869
TEST_08733,3.0320880766928195,0.0009080476042926312,0.30767564526057245
TEST_08734,3.249502065007448,-0.4675710312088728,-0.43469767029190065
TEST_08735,1.606415379450321,0.33989433347702025,0.4078004885432534
TEST_08736,1.5774028372775317,-0.1863869490634203,0.8270919658466875
TEST_08737,2.8935657929956915,-0.24446619683974982,0.7299417846367359
TEST_08738,3.2122882611394523,1.4923038099737764,1.7329897607605458
TEST_08739,2.3883685380945208,0.3341116536079645,-0.22778112050035595
TEST_08740,1.5609734336061478,0.23816356581890585,-0.45560319595363735
TEST_08741,3.594679772920847,-0.09347998608350754,0.244420608202219
TEST_08742,1.4979893759157659,0.43661713573944566,-0.014349017805516721
TEST_08743,1.657061914837122,0.7537727173442542,0.3166955255519748
TEST_08744,3.8233938498716356,0.18282837018024922,-0.4889634451379776
TEST_08745,1.5080256975048483,-0.6003626770744324,-0.5597735495657324
TEST_08746,2.6409804205483196,-0.1564745010716915,-0.887840788491249
TEST_08747,2.927470406520173,0.1602091325543523,-0.2474907958846092
TEST_08748,1.640346974290967,-0.1555295070810318,0.18072801806098224
TEST_08749,2.96838172824613,-0.5712897788381577,-0.4332888326356411
TEST_08750,3.8270204510302546,1.535442669396162,1.543027443476081
TEST_08751,1.324474757619858,0.20979259728455543,0.08395791781814396
TEST_08752,2.194795132172704,-0.9245855946000815,0.0540951320207119
TEST_08753,2.098548877002716,-0.5858736543021799,0.0304118966653347
TEST_08754,1.9025305784311295,-0.40279115944969657,0.28866018464770915
TEST_08755,1.636248516029492,-0.5993623605727255,-0.15402211209708452
TEST_08756,3.387092621402204,-0.15937891293036938,1.0485946678944826
TEST_08757,3.5151607072584032,0.5581176730566024,0.7568989677538872
TEST_08758,0.9170850391786098,0.06905822977396846,0.013270516938522457
TEST_08759,0.9772584314291477,-0.11851118373376132,-0.26434681121426823
TEST_08760,1.8498011891932487,0.1941482968392372,0.35711990362087265
TEST_08761,2.548233384083867,1.5021826719944478,0.07758806343825161
TEST_08762,3.2208564796220065,0.6934733262141943,0.4788982771409899
TEST_08763,3.1100881257538497,1.1256550094308853,0.009776135467678308
TEST_08764,2.219148340781212,-0.6820894522532225,-0.3579453417131901
TEST_08765,0.7989574343651533,-0.15557468751445414,-0.18018240532879531
TEST_08766,2.5262714552354812,0.10442850376987457,-0.37723455157473684
TEST_08767,2.213174777526975,1.0962457278999687,-0.745321813966155
TEST_08768,3.939051162206292,-1.0199085165425836,0.24904363991975784
TEST_08769,1.863858630238533,0.6648609430989623,0.08202958708524705
TEST_08770,1.3459826239085197,0.06745577120041847,-0.09209740610599518
TEST_08771,1.534241652747959,-0.1781558477818668,-0.2300372065156847
TEST_08772,4.542954379492536,0.028494389113664628,-0.9940880522580147
TEST_08773,2.5332866515768466,0.16263927311992646,0.15709877727782354
TEST_08774,2.313291565359585,-1.3788253534392119,-0.6545821869356632
TEST_08775,2.5659676053370237,0.017634831971526148,0.6643304024502039
TEST_08776,2.128114580842018,-0.16887445732793213,0.40088206255154313
TEST_08777,3.7852326566861274,0.7382468472729772,1.0531710431289674
TEST_08778,4.772292415578127,0.5623866172563592,-0.9480752099876404
TEST_08779,2.5581458499786853,-1.171979457934454,-0.455542867231071
TEST_08780,2.2666954668782355,-0.24801853340888022,0.6433660428164005
TEST_08781,2.3383289501897098,0.14682779084706307,-0.569309108522892
TEST_08782,1.4514825857129097,-0.2326513731982559,-0.07964883174279332
TEST_08783,4.431596692950129,0.12532633902801574,-0.9232257535610497
TEST_08784,3.3838541493871213,0.04574204361510277,-0.5995419061002731
TEST_08785,4.7428879348324235,1.3083094358335734,-0.028570277648568156
TEST_08786,1.4161468361260892,-0.18282339048841595,-0.5040070107753872
TEST_08787,3.3883624500489233,0.14704282021610438,0.7739102722898126
TEST_08788,2.3734129761972427,-0.03697481742620468,-0.04249370795273781
TEST_08789,3.0615232833991053,-1.5293165161118507,1.043757856302023
TEST_08790,1.413091808615446,-0.43678806241703033,0.4959813510094881
TEST_08791,2.838586541890621,-0.016787628215551374,0.168836489418447
TEST_08792,2.140040345187187,0.717863324771285,-0.756960698908925
TEST_08793,1.8749371858587265,0.1508793158273697,-0.3034650139193535
TEST_08794,1.3340209274296762,0.1433972824447155,0.03868713402783871
TEST_08795,0.9661654163122178,0.05000974092328549,-0.008388298086181283
TEST_08796,1.9418954804434776,0.07820334009790421,0.14340450030207633
TEST_08797,2.7585443671728225,1.5429016326713563,0.2938315770505667
TEST_08798,1.983913905603528,0.44813484448242186,-0.15512065477758646
TEST_08799,5.404379288064241,-0.7910408343337775,0.3103061852619648
TEST_08800,2.3894932133250237,-1.1006544297918082,0.3146375952658653
TEST_08801,4.562012434295594,-1.4731624030089379,-0.7073359552810192
TEST_08802,3.0154297696106434,1.3320150533573627,0.27113766612410545
TEST_08803,2.793372397734642,-0.08164386595794558,0.5782389241707921
TEST_08804,2.2901665288906097,-0.9842086782455444,0.7359253225904703
TEST_08805,2.8590057775365114,0.7986407777946443,0.7285469696438313
TEST_08806,3.7388168351774813,1.333367087134421,-0.1476202624686584
TEST_08807,1.992846375554323,0.12575934453570842,-0.09385608824050426
TEST_08808,2.631798532802105,0.1795685320966542,0.546572192456603
TEST_08809,1.9910077672247886,0.03622066669559479,-0.1288479335705042
TEST_08810,2.1392671781482697,0.19099435905075074,0.268680741814971
TEST_08811,2.4091308325202463,-0.01822671945911646,-0.6649471608351469
TEST_08812,1.7648780215773583,-1.0634395311534404,-0.7268402279218436
TEST_08813,1.1300334183607101,-0.09357110746836662,-0.09309669620949029
TEST_08814,1.2974150915706157,0.5468490963318497,-0.45289140441393855
TEST_08815,1.4275795342152118,-0.45027435124850274,0.15195802250459045
TEST_08816,1.1551869808463096,-0.20073324103558063,-0.37096383963143825
TEST_08817,2.477509832423687,0.23074561124610898,0.5781204375943542
TEST_08818,4.467023346467197,0.39805614847803117,-0.6004828478798866
TEST_08819,1.8485638310165404,-0.8177761089170575,0.5072991878108383
TEST_08820,2.31637689317568,0.0632320301167965,-0.5323063411679267
TEST_08821,3.365939332531452,0.2504457570015192,0.025956444502592088
TEST_08822,1.9500007989810706,-0.40142168991698324,-0.3033450034487247
TEST_08823,1.5743087137835026,0.3132100553846359,0.13998593781585247
TEST_08824,2.678430895817518,-0.18696609866285324,0.19003533840727807
TEST_08825,1.685937351387931,-0.5063727523815632,0.9326021246051193
TEST_08826,3.4055442442693113,0.2610923144937158,-0.7993545293194652
TEST_08827,1.4601752055271864,0.3421924705619812,0.13147066301634908
TEST_08828,2.3683074479002952,-0.28940403371596335,0.15341806364643573
TEST_08829,0.8872214223679304,0.35741283760374787,0.47316577207249405
TEST_08830,2.618578415948987,0.7041265287402272,-0.7568035760611296
TEST_08831,1.7926629970800876,-0.33495217630815505,-0.06162684462070464
TEST_08832,2.63834105905962,0.5097664104331732,0.33879181791841984
TEST_08833,3.55708204902637,0.8833096619644761,0.4782299490685016
TEST_08834,1.7136487580766677,0.2917285540344715,-0.1295720312358141
TEST_08835,1.5875887022434474,0.42243102262949944,0.5042831841766834
TEST_08836,3.318486318468809,-1.4538161163365841,1.2062764503127337
TEST_08837,2.9743621850190722,-1.6235690290402174,-0.3795759374729395
TEST_08838,3.1610789196389915,-0.11025032306930423,1.0481599762003422
TEST_08839,5.390344593827784,-0.48217733718687295,1.344173165544033
TEST_08840,3.735155827950001,1.4469175558176042,0.5826091481144429
TEST_08841,1.0138207226245404,0.20651819985207914,0.1961624195690751
TEST_08842,3.866962935910225,1.4379367545980215,0.7124946537678539
TEST_08843,2.663038436050534,-1.6866400235055685,-0.7337788828021288
TEST_08844,2.814717777514696,0.019393288293480873,0.1795327527718544
TEST_08845,2.6135592623461483,0.5995183166031838,-0.15653203028571605
TEST_08846,3.293733487073898,-0.336809653082788,-0.6026528146288991
TEST_08847,1.9768121068252325,1.267768827870503,-0.9295111646513939
TEST_08848,6.194946766173959,1.80942702745533,-0.696913341778934
TEST_08849,1.5988041056411266,-0.3746780917186737,-0.0870246937211603
TEST_08850,2.907426254577249,-0.02189956562817097,-0.7239871214419603
TEST_08851,0.9432078021385669,0.20248532113796472,-0.23333933253694325
TEST_08852,1.1342864299736024,-0.8820025400102735,0.33748479660232367
TEST_08853,1.3240516491184235,-0.16463343266373873,0.01016545203578472
TEST_08854,1.9167572660615444,0.6199053271660805,-0.1920377861971855
TEST_08855,3.722556818702936,-0.5874041848495006,0.5642416211777777
TEST_08856,1.5240083886514901,-0.39933241415894033,-0.19578994709181785
TEST_08857,3.982267908094883,-0.19898922230648994,1.9729986354973317
TEST_08858,2.628505236043215,0.7453038781561107,-0.7822177840480209
TEST_08859,1.93843100437963,0.3789886189138889,-0.5083582773512975
TEST_08860,0.9198375842629075,0.27659570699715613,-0.040402610367268325
TEST_08861,3.2925545012463333,-0.24969569508403539,0.8725464322605133
TEST_08862,1.413947678005606,-0.2518137033187151,0.1608670199032426
TEST_08863,2.120962165297985,0.3834492938194275,0.0702734321583286
TEST_08864,3.311904060514927,0.1008003811211586,0.14263719807586073
TEST_08865,3.6020828162009715,0.9602133203783035,1.7553023966104984
TEST_08866,1.686810602178484,-0.44947723942410944,-0.4246710131739378
TEST_08867,2.3276988097326754,0.4906017064681053,-0.2911469412590563
TEST_08868,2.328531027236998,0.7339050197793543,-0.4560338807219863
TEST_08869,3.1612689052509366,-0.7365090025898218,0.878231336119771
TEST_08870,4.800021846892357,-0.7366398479064703,1.5135768470520377
TEST_08871,1.0742693477997556,0.08755342625045776,0.0002207256182432185
TEST_08872,0.935725124776259,-0.18122299368855357,0.25980853599467874
TEST_08873,1.8512785016317368,-0.342034309068203,-0.1804206801364422
TEST_08874,2.374559733350277,0.19268181126117706,0.10138280358940363
TEST_08875,2.3443810347850325,0.3859609407941103,-0.028630552617073063
TEST_08876,1.4752386341409682,-0.29167842369395497,0.20331101914435626
TEST_08877,3.8084816635388137,0.6892391805734635,-0.24854082352018358
TEST_08878,2.312849450258732,0.831891450575769,-0.4025045976718068
TEST_08879,5.407877171011687,0.09287581266868114,1.1526036894135474
TEST_08880,3.782456108279586,0.8802801176772118,0.998486148668766
TEST_08881,3.752384624115646,-1.531823949923873,0.29795815030918804
TEST_08882,1.0230750767452716,0.07792916466194391,0.37105405354753135
TEST_08883,2.6890962086675168,1.7447815056066514,1.1344314235534667
TEST_08884,3.0716007869957687,-0.16379078386694193,0.286476822183609
TEST_08885,1.0149380183702708,0.24354569246172905,0.026252343753241
TEST_08886,1.706068435979724,0.25964496966826917,-0.0633795413845405
TEST_08887,3.228658560595393,0.5000740889438391,-0.003207531082868576
TEST_08888,2.5703254012131094,0.5069906073504686,-1.1826452805052996
TEST_08889,1.4785570175232887,0.2221982174284458,0.10010346252036095
TEST_08890,2.9899461869297026,0.33081646454143526,-0.37057637213587763
TEST_08891,1.5721052593040465,-0.04389350685745478,-0.2947067491862029
TEST_08892,1.005088025820017,0.1537489089771509,0.32778115779241546
TEST_08893,2.969380566620946,-0.19431683685982226,0.31858706783267854
TEST_08894,2.733605220425844,1.527231117485419,1.1101200708001713
TEST_08895,2.3959624468246252,-0.4387096714060307,-0.018322860911488534
TEST_08896,1.989521007337749,-0.6090899833973944,1.217635632826209
TEST_08897,4.121399454089231,-0.24966999420136213,-0.7398894135975241
TEST_08898,1.2908977855718136,-1.1668118509448766,-0.48411298466816544
TEST_08899,0.9546827028050423,0.31960943574762346,-0.1251599417812228
TEST_08900,2.3749195775346754,-0.39570604106760027,0.41319105669784545
TEST_08901,1.8507291836903095,0.08141059025084972,-0.3133019965364933
TEST_08902,2.049760447806954,0.39024696247124674,-0.1777558544974625
TEST_08903,3.3686089499056338,-0.6720287023367881,0.9122082000691891
TEST_08904,2.4145495338377954,-0.4142982178540528,0.3861991410599649
TEST_08905,1.443243709190607,0.15638272766405345,0.2525331653496623
TEST_08906,2.7382416372277736,0.2775420059902072,-0.12564933280539514
TEST_08907,2.4828013005980254,0.4312969556631744,-0.1661121653339863
TEST_08908,2.2748781426299214,-0.9398479633667469,0.5443781234912872
TEST_08909,4.02945196473813,1.4345069481561183,0.7743947439321279
TEST_08910,3.0201075896201135,-1.6269323493610919,0.8183072653822303
TEST_08911,1.2744989212985038,-0.21225805327177047,-0.20958546573728323
TEST_08912,1.9960316030185223,-0.16552336620616911,0.533503331489563
TEST_08913,2.851448923521519,0.37706811081540587,-0.9440735897171497
TEST_08914,2.994995482997656,-0.3037620670269728,0.6114503362010717
TEST_08915,1.3655788550918102,0.04980485679912567,-0.12922127311515808
TEST_08916,2.9309369128985403,-0.10687619679832458,0.34731912465023995
TEST_08917,3.590483676446915,-2.1553207228369713,-0.5139517708986998
TEST_08918,3.811612944169879,-1.4297233698201774,-0.23612518926340342
TEST_08919,2.3166330719748216,-1.437494934106052,0.6302763633534014
TEST_08920,4.856966788438268,-0.12457502812242507,0.36800192987382413
TEST_08921,4.9581941085115675,1.982416825204849,-0.00241813217997551
TEST_08922,3.755183828164667,-0.21068278264439105,0.6109025010341406
TEST_08923,3.0059555082221032,0.013515012837290764,0.429021440314889
TEST_08924,1.506945614859104,-0.3283762801403403,0.6053989542349278
TEST_08925,2.1937867821412684,0.4569614359990358,0.365007817227602
TEST_08926,2.728763356263995,-0.2833568245123625,-0.8132508292170763
TEST_08927,2.9578889111357927,-0.1475833373376131,0.4882407892651111
TEST_08928,5.440456810058117,0.04518595443582535,0.6283926580126882
TEST_08929,4.300600960920334,-0.07678975215554237,-1.1113109390103817
TEST_08930,2.7174393659650087,0.45722273320695755,-0.7574813674254417
TEST_08931,3.7233927251358034,-0.5531945438754559,-0.7310178770699501
TEST_08932,4.12994663636291,0.9324199056556821,-1.2331742207344771
TEST_08933,0.9088163667650223,0.42089538383442165,-0.11215675687646866
TEST_08934,2.2491156281647684,1.6686466374204159,-0.44107167891454696
TEST_08935,1.21475117503798,0.41460341332373024,0.2583751234590113
TEST_08936,1.5290932148587704,0.27790815984594824,0.147030666210413
TEST_08937,3.956698277862132,-1.6562474697422982,0.7749882223584652
TEST_08938,5.764006054935664,0.39358705764746665,-1.1660034081981183
TEST_08939,1.1102915578873158,-0.07260131131124496,0.18659556570863725
TEST_08940,2.3271106213715673,0.6801217803605795,0.429446306658268
TEST_08941,1.149392968375206,0.1374563201186061,0.23560163512957097
TEST_08942,1.7069293273857833,0.7796266357283592,0.5391725477966071
TEST_08943,1.8223657455205917,-0.11071875537142158,-0.29835934212088583
TEST_08944,2.870594935662508,0.46736477781236174,-0.19216643297052383
TEST_08945,4.594486115086078,1.6897663683929443,0.028503045957505704
TEST_08946,3.388218930540919,-0.1979120706410855,0.12897857512557506
TEST_08947,1.329586019017458,0.3891749489226341,-0.46221879273164274
TEST_08948,3.1784293093063534,0.249334311339736,-0.29774558641171456
TEST_08949,4.549681018852949,0.6101091059119701,0.9080404430139065
TEST_08950,2.6039366361746787,1.6383473997569085,0.5597840061085224
TEST_08951,2.601609240490511,0.7810025617448092,0.43648944152891633
TEST_08952,3.18438084808588,1.7237823315769434,1.6961254446578027
TEST_08953,3.8459405572378635,0.4656224113829136,1.0757723359968663
TEST_08954,1.7572229262428283,0.37711074637150765,0.3677916552069783
TEST_08955,1.1179402538136243,0.27687176120364665,-0.19806311942756177
TEST_08956,3.78878394631052,-1.4958969594914913,0.49142220875889064
TEST_08957,1.822459380824566,0.4616404492068291,0.13366563194036485
TEST_08958,1.8075629821054935,-0.9712261134917737,0.04058680500277877
TEST_08959,2.6637208414705396,-0.9086837196700573,0.867452466451697
TEST_08960,1.4953878174762725,-0.11022511268901825,0.06673131739115715
TEST_08961,5.182039497169733,0.9803347017860413,1.0848157322173118
TEST_08962,1.397516524085045,-0.6073665008454621,0.33121756776463984
TEST_08963,1.5413747846363037,1.106037697119236,-0.5867560858935714
TEST_08964,2.731855251375914,-0.04173264980638027,0.09146885264110566
TEST_08965,2.4442034785338937,0.03898306886649132,-0.3268083761327267
TEST_08966,5.189815508225918,0.528609389320381,0.552123976508081
TEST_08967,2.36714309456116,1.2796859144669772,0.1586115677766204
TEST_08968,4.98034165637213,-0.311413776317358,1.0200981702575684
TEST_08969,4.032181472456395,0.17806809871065615,-0.8202621148211956
TEST_08970,1.5144151079273225,0.016919443060398102,-0.2140515434396863
TEST_08971,4.024203037322879,-0.5003237749551535,-0.6334414895780086
TEST_08972,4.551130012831449,-1.2325495774805546,-1.0046352688318492
TEST_08973,0.9102687258683443,-0.27558761215160416,0.27175651711970567
TEST_08974,3.186801620472908,-1.3651745078805686,1.2631191654215157
TEST_08975,2.9073933382483124,-0.6694746357816458,0.45661738584202527
TEST_08976,2.772339365358591,-0.5102085937964916,1.654315542910099
TEST_08977,3.2157250722105504,-0.269914898465544,0.9307651711819172
TEST_08978,2.288116419274211,-0.7380550249427557,1.3379244467458724
TEST_08979,2.937488270880938,-1.377001730695188,-0.823302056569159
TEST_08980,2.0484865342656375,-0.24568944699543716,0.4194124634163976
TEST_08981,3.492438717654586,0.15150245181798935,0.4582885589046478
TEST_08982,2.045545366405964,0.03800836514794827,-0.22366431937944892
TEST_08983,2.81262344550395,-0.12370729875940084,0.10695071052354574
TEST_08984,3.0585552922583594,-0.05761469085484743,0.8439046107673644
TEST_08985,2.002650549672365,-0.2650258314782977,0.605945101811707
TEST_08986,1.9022083652396202,0.75437296774894,0.3759466488583088
TEST_08987,3.6062387281609776,-0.0672590251840353,-0.025451328497529027
TEST_08988,2.7040870222588778,-0.20515231075406076,0.026614735005259516
TEST_08989,3.218719806888461,-1.028566395992875,0.8379965374422074
TEST_08990,1.2668624179172516,0.23159491680526734,-0.23549367835965754
TEST_08991,2.427762287135124,0.022165213728696107,0.0346036520011425
TEST_08992,2.139195501587331,-0.6977467076023817,-1.0839476843816638
TEST_08993,3.5136427937978505,1.763065519760132,0.5392216880967617
TEST_08994,2.7818955114340036,-0.27325872446155547,0.1285633173918724
TEST_08995,0.8067867061514854,0.13461965541952847,0.1709271752271615
TEST_08996,2.4207528017868998,0.48788748883843425,0.325759937561512
TEST_08997,0.9850112757258416,-0.419456968295753,0.32254569592154025
TEST_08998,3.095244181097031,-0.799835422524929,0.6911149367005825
TEST_08999,3.949048717400044,-0.5815542443693876,-1.1925318411895036
TEST_09000,4.4144425341490505,-1.1481518202023506,0.45670399077408014
TEST_09001,2.5054538859384654,-0.18798973925628512,0.3406868742232323
TEST_09002,1.7349560947448612,0.27012402807462216,0.7960384797562957
TEST_09003,2.803038461077213,-2.3788172253673077,-0.5378486212626994
TEST_09004,2.6600267236027717,0.0217973727222085,0.2622536205584407
TEST_09005,1.3088258014018537,0.6123675387425647,-0.17373034520721437
TEST_09006,4.440513927236319,-1.041851984489277,0.830502159858048
TEST_09007,4.057537871122718,0.47752212945461275,1.1878989179311992
TEST_09008,5.546740718219042,-0.6979198494670391,0.09575936158597469
TEST_09009,1.028713609672785,0.31038869729840757,0.1791033479106426
TEST_09010,1.073671739593029,-0.18271443515813351,0.11668981185762584
TEST_09011,1.6433300969381333,0.08763444266736507,-0.07670581724577397
TEST_09012,3.609194152819842,-0.013325548195004464,0.40795888817882536
TEST_09013,1.4537121240308881,0.044186304163515565,-0.17107291777393221
TEST_09014,1.6496979060680865,-0.05855329821705818,0.7186337836090922
TEST_09015,3.05857300278306,0.4635764988257885,0.48685449222779276
TEST_09016,2.135090290540099,0.1499035447909236,-0.8390883901882171
TEST_09017,1.3077459111299514,0.6878967530193925,0.6199000217506886
TEST_09018,3.206862532733321,0.9208872267027199,-0.6924628922512531
TEST_09019,2.2431582411875723,-0.9769840154554676,0.6339932783254385
TEST_09020,2.1093443283034565,0.18241224846042692,-0.9563178914914131
TEST_09021,3.3279720493515135,-0.3518575165536404,0.8170663604207039
TEST_09022,2.1883501719435303,-0.1420140309060812,0.06673704842826723
TEST_09023,3.2665598546777965,-0.05704536138302088,-0.3307103728495836
TEST_09024,1.9399474162130357,0.08257130422711373,-0.14940267488664388
TEST_09025,3.9811973834483627,1.2342084241168498,0.8969682703695298
TEST_09026,1.205440424173832,-0.07854994331109524,-0.4322013170907497
TEST_09027,3.9638403105994464,-0.4902179454231858,-0.14610349189275504
TEST_09028,3.004972563456893,-0.014137006626129149,-0.08333934707522392
TEST_09029,4.609771953406692,0.778655234099269,-0.5406611737930178
TEST_09030,5.270540732714415,-1.0673263751950264,1.7525060961186887
TEST_09031,2.0386215903348326,-1.097569076112628,-0.12131366213163733
TEST_09032,2.166216261982918,0.44993889414346216,0.24914224972063304
TEST_09033,2.1730728397789,0.2676285048853159,0.6020628638813496
TEST_09034,1.544022277415514,0.2622910488700867,0.20270992332953214
TEST_09035,1.4346580211489202,0.2819314569453001,0.2068953687199354
TEST_09036,1.6275889895136357,-0.6702359403634072,-0.14929074677181245
TEST_09037,3.99542363052845,0.6990569753074646,-0.5701033850440979
TEST_09038,0.8902406015768051,-0.2634397492307425,0.41379828823542597
TEST_09039,4.730493774525672,1.7388758964166642,-0.9306207894273997
TEST_09040,1.6384234946658611,-0.6054514823040367,-0.11901481588751078
TEST_09041,1.247597998793602,0.24901317639648915,-0.2979299805891402
TEST_09042,3.328286379137874,-1.5966691235463024,0.8962975872785672
TEST_09043,1.2261917301001548,-0.5034497350726723,-0.04937509039197862
TEST_09044,3.49016970191437,0.23592164330387116,-0.1758788880213499
TEST_09045,2.1299308751954884,0.9856441764078736,0.7082656622931361
TEST_09046,1.5074727140458821,0.9802253472530246,0.07450329379843175
TEST_09047,2.2363386044819356,0.5052234150112271,-0.008244078652530908
TEST_09048,3.9466146509945395,1.6487422489364147,0.29730160660603644
TEST_09049,2.884010083433628,0.4985852797572613,-0.2181688759073019
TEST_09050,1.447859943110466,0.17610613514602183,0.11462304591619968
TEST_09051,1.7047647255425453,-0.21857565502130985,0.17459900536239148
TEST_09052,2.0677082654657366,-0.12775449401426314,-0.24613551652413607
TEST_09053,3.0301203493783473,0.22992136213612557,-0.3078287188949585
TEST_09054,3.493630263404727,-1.7357555945005416,-1.117552514153242
TEST_09055,1.2023477473731041,-0.35309450137531756,-0.01392909928357601
TEST_09056,2.710298845141411,-0.2773761315999031,0.6975687553094625
TEST_09057,3.188995283461809,-1.1224491581087113,0.8710444012288749
TEST_09058,4.247059020275116,0.045880127789139746,-0.6126400303304196
TEST_09059,1.427831686433077,0.7043555860491991,-0.1893794832186699
TEST_09060,2.794511301230073,0.5236781430259942,-0.9581996585892439
TEST_09061,1.6114883107605875,-0.5104665155999064,0.3731880980947614
TEST_09062,1.37841106481573,-0.4212764256699085,0.30862641260027884
TEST_09063,2.138575467839241,-0.3533006461093426,0.458017039280206
TEST_09064,2.022709568041682,-0.01690488918244839,0.36583430339479445
TEST_09065,2.737378750543833,-0.0856556278808415,-0.5159986803859472
TEST_09066,2.7072664358787537,0.32705257277774813,0.03135385050570965
TEST_09067,3.529376034119457,0.5889719512246847,0.10235173018325865
TEST_09068,3.2645943697280884,0.7130078418283462,0.6429397164707183
TEST_09069,3.05547684130609,-1.3249214162784069,-0.7756803390263319
TEST_09070,2.224143897487879,-0.36364614742301404,-0.6165101369600297
TEST_09071,2.099111306339264,0.1192906454628706,0.33338804883778095
TEST_09072,3.4900471243408324,0.5116257058064937,0.41606114529943466
TEST_09073,2.205112398873329,-1.341106142329216,0.23757937777256966
TEST_09074,2.6286210174622835,-0.5681334500039816,0.3696262097670436
TEST_09075,1.3022756103289128,0.08414715535902978,-0.04650865454914793
TEST_09076,4.262747841193915,0.7269612083631753,-0.8431683765126466
TEST_09077,2.261426275052786,-0.025316092251896856,0.35058921866333487
TEST_09078,2.7509818197437523,-0.752993249715209,0.26440859544376655
TEST_09079,1.9342663116846532,-0.7765277794364095,0.25687003885701953
TEST_09080,4.470754295580655,1.034879405499935,-0.16162005675124377
TEST_09081,5.113938111320972,-2.066127408231497,-0.6241004060822726
TEST_09082,1.4525968412327765,-0.9859800662302971,0.5930454030653834
TEST_09083,1.1160145654685498,-0.2205346176030636,-0.024402495289057493
TEST_09084,3.280194975291729,-0.32452521253946426,0.5454022107063532
TEST_09085,2.1533229938299656,0.7432584953615964,-0.21488007322716712
TEST_09086,3.9197865302542447,-0.257554641279906,1.063370956253171
TEST_09087,2.0150495044831933,1.415733956751287,0.6018450208166689
TEST_09088,4.152369406866744,2.2425356228843927,0.3238739765822589
TEST_09089,3.1256698931999205,0.550956106232047,-0.2627071168843508
TEST_09090,2.3845591124618055,0.4528089686937332,0.2606149367969036
TEST_09091,2.566548473422766,-0.12355042519545555,-0.2043801423532106
TEST_09092,4.320640346125185,0.021469239125072957,0.3703771922893524
TEST_09093,2.5617682940810917,0.07606127381539345,0.13006712638652324
TEST_09094,2.9248895583813788,-0.8436304438970089,0.8747126660832166
TEST_09095,2.290394876855105,0.9621376574747562,0.859829775289297
TEST_09096,3.3239867541058064,0.5786982826786041,0.7345016054942608
TEST_09097,1.7417971590857506,0.15962712332844733,-0.3718562070809603
TEST_09098,5.094280152375221,-1.4641874355242253,0.07134326370559632
TEST_09099,3.3494591773399116,0.9668018757333755,-1.1665053850093932
TEST_09100,1.5524796908273697,-0.26423849149823186,-0.08807268591294437
TEST_09101,1.863182644106984,0.278711923165679,-0.5114893056249619
TEST_09102,2.163710577342391,0.15933302233988048,0.6313013802622557
TEST_09103,3.4251990317463874,0.2933650729304552,-0.15280842404305936
TEST_09104,1.4248613691346645,0.1191528352996111,0.40987606133502724
TEST_09105,3.9491314594779015,-0.5168934201856852,0.3555845318492055
TEST_09106,2.5351972059098333,0.7283973430797755,-0.5381362323015332
TEST_09107,1.2518326598240137,0.04622107566761971,-0.2082976684639901
TEST_09108,2.8241821517382264,-0.41877620481935146,0.18630303457164765
TEST_09109,1.567989150137186,-0.2879423191316128,0.5922218959421962
TEST_09110,5.307445779896736,-0.5799043469288945,-0.7540738678460122
TEST_09111,2.6608342041071653,0.9429810391241908,-0.6590075097435713
TEST_09112,1.951503885418415,0.589243006058693,0.6198882269697189
TEST_09113,3.628975699528873,0.883709359566927,0.96970934939754
TEST_09114,1.8607145163445473,-0.652943937938273,-0.19297938967478276
TEST_09115,2.0937055627319516,0.46217326643967627,-0.454037148859024
TEST_09116,4.461121398676037,0.5363212520826459,-0.186742601593256
TEST_09117,2.6662623072276115,1.034684185424447,-0.6081821536654234
TEST_09118,1.5399992016875743,-0.07603776560071111,-0.2560168632259965
TEST_09119,4.716241758548677,-1.0585339392150939,-0.7384414771871567
TEST_09120,4.184421233816445,2.4555223833037614,0.2591818894526958
TEST_09121,4.072122433440358,-0.9235605699880123,0.944098724781394
TEST_09122,1.9265543004555703,0.9752241123139263,0.3019579828671217
TEST_09123,2.737600300657034,-2.233536503612161,-0.1209894566397369
TEST_09124,1.4052482876517773,0.0008813932785987841,-0.2547565030403137
TEST_09125,2.441269328391552,0.4708531443039179,0.3314038550362587
TEST_09126,4.964130574738026,-0.5918237540721893,-0.2765530578243732
TEST_09127,1.6894873964108228,0.11644247463417054,-0.45075742868423463
TEST_09128,2.002023735905647,0.14716153364217283,0.5855603806533217
TEST_09129,1.9476879050922393,0.7481093966992497,-0.1584183171157837
TEST_09130,1.0672458795087338,-0.05518960568457842,0.2791910251818299
TEST_09131,2.1599049612369536,0.47656704489064217,-0.2814909995175004
TEST_09132,1.2221799589991569,-0.5267522647759318,-0.36233314705252645
TEST_09133,1.6765714502117635,-0.30622471444833277,0.34545084647716584
TEST_09134,2.4284556921759846,-1.616936508634925,1.208186286956668
TEST_09135,1.4536188636848926,-0.6421593882258236,-0.08362258439114689
TEST_09136,2.173973384485185,0.3343374444349408,0.9335081300176159
TEST_09137,3.6279042743628027,1.7028073462580442,0.8627229525236786
TEST_09138,3.0855080140211584,0.04771479654967785,0.550865815332532
TEST_09139,4.379485668505728,-0.6745320849547386,-1.099935886703849
TEST_09140,2.2082688494271245,0.7081516066342592,-0.8449590871168972
TEST_09141,3.140503699507594,0.27050053960603476,-0.4319519886648655
TEST_09142,1.5667890839098095,0.03888480821439624,0.4350990921227932
TEST_09143,3.2672454467594623,0.17075943041157723,0.17469017315103857
TEST_09144,3.6420448748540877,0.2990303224744797,0.5031541405937672
TEST_09145,4.405951154024243,-0.13660507053807378,-0.7129735149460434
TEST_09146,2.6171212428251507,0.3539022854601145,0.1939128722151518
TEST_09147,1.8328474345300199,-0.6693547119499444,0.016523471870407463
TEST_09148,2.8329263890128136,-0.3138384927546978,-0.5455096694264412
TEST_09149,3.547224788891077,0.6656336268000602,0.08239480026578903
TEST_09150,3.0005508762431146,0.4067053173511028,0.8600159889981747
TEST_09151,2.792255253187895,-0.3955795706111789,0.01940722871565819
TEST_09152,2.928892289174676,-1.3328269337301255,-0.4139676005573273
TEST_09153,2.7405843925647737,0.9294967990611493,-0.7026709877829551
TEST_09154,2.245635011677742,0.1994474009629488,-0.17904703629207613
TEST_09155,1.0685714850769044,-0.0029168127357959775,-0.11552635695925355
TEST_09156,1.546759901348114,0.31526659893727305,0.5042665817804635
TEST_09157,3.279032744934678,-0.5849993474073112,-0.5629945473393202
TEST_09158,2.825253397384405,-0.15777347342300416,0.1938357530181408
TEST_09159,5.649447258991718,0.7500504253590107,1.3985725558209419
TEST_09160,4.524389208637714,-1.3447273291182518,-0.10075582213000953
TEST_09161,1.9743736583387852,0.23666403296881913,0.2554345788708478
TEST_09162,1.738458517961979,-0.03355858457201719,-0.49424381190860267
TEST_09163,2.0954714643907546,0.173612485096097,0.44846726350826027
TEST_09164,2.349413092003107,0.4299635545253754,0.16564465480899812
TEST_09165,2.5333499392081498,0.7554739162836075,-0.10674038712996245
TEST_09166,1.454457658415079,-0.4576459567377567,0.2042635247543156
TEST_09167,4.554530111683846,-1.3845660151996613,1.0752663562940359
TEST_09168,1.6783773250730039,-0.8379414896156788,0.21915861337554454
TEST_09169,1.1798559967131614,0.331858192738533,0.25169266911548377
TEST_09170,2.502328317865014,0.39938591429758075,0.8924056224029064
TEST_09171,2.319136311868429,-0.2880273209683895,0.08019243352460861
TEST_09172,2.10034142962414,0.16912716538971662,-0.013668983385950326
TEST_09173,2.5087143342579603,0.030257074222326277,0.11258677978369594
TEST_09174,3.522222410226166,0.05584703772211075,-0.7174768282310963
TEST_09175,1.2930973803200723,0.07495088450407983,-0.3254456306247711
TEST_09176,1.0283483759670853,0.006705554453611374,0.025190427418828012
TEST_09177,4.163901628916845,0.11202574237394333,1.597332800899148
TEST_09178,1.6872397149379252,-0.0186163671156168,0.4504672982392907
TEST_09179,3.733025118011266,0.05442081798946857,0.6946165624485016
TEST_09180,2.5824419076447787,-0.2637907477585971,0.7736225768582821
TEST_09181,0.8366139356629848,0.25291567782860996,-0.01034082855965197
TEST_09182,2.0964188673795165,0.6495361795157194,-0.05055424256849289
TEST_09183,1.2339557489907742,-0.5149946886615753,0.13905649264618009
TEST_09184,3.2301686650838257,0.17559445251764358,-0.2026226146070957
TEST_09185,2.0972733363114595,0.8857029033647775,0.745664575988846
TEST_09186,3.263321061266184,0.4413389136879444,0.09758199005967379
TEST_09187,3.984883010876894,-0.1740648966166973,-1.2508452530302405
TEST_09188,3.3744940092098714,1.1220193902978302,-1.1629314944300055
TEST_09189,3.9810076454283,0.2516094761080742,0.7709744966905117
TEST_09190,4.0313125906219485,-1.2578641236681938,0.9456404243329763
TEST_09191,2.9786619878058436,0.061732323441386225,0.3705105097091496
TEST_09192,3.048927194080591,0.08182335126352311,-0.5043750554534197
TEST_09193,3.018355221242413,0.6779151599801779,-0.3162141166126728
TEST_09194,1.7647238793506623,0.33109367566418646,0.06544478392349183
TEST_09195,1.857300224673152,-1.0236539854766131,-0.7207238102861643
TEST_09196,4.271469192417205,-1.357813580785513,-0.45250449549758437
TEST_09197,1.6382720160183906,-0.42114944258546827,0.09476469403648377
TEST_09198,2.0998098428032397,0.5977560159127713,0.7734829088395834
TEST_09199,2.1150037776027917,-0.2350710526895523,1.117049226756662
TEST_09200,2.7941557286462784,-0.9851260233236849,0.5247828423399925
TEST_09201,4.080306190565169,-0.22508703244253994,1.099631939725995
TEST_09202,1.9291465545268058,1.6821046196607352,0.15895721706128121
TEST_09203,1.7463228511881828,-1.8756525268452167,-0.6405048773585335
TEST_09204,1.7728113974123,0.5704880348029137,-0.4985267418441772
TEST_09205,1.6856021890813708,-0.4460000495891571,0.5676049034374953
TEST_09206,4.2169287366600035,-0.1411269753753543,0.3722923863346875
TEST_09207,3.6528900030087232,-0.26840861214455963,0.3552500351947546
TEST_09208,2.9190230370507835,2.287211419716358,-0.37052304442870615
TEST_09209,3.1308249295363426,0.1496514054210186,0.38831798679852486
TEST_09210,2.8328381580579283,-0.28292681895715,-0.0002668240983486163
TEST_09211,1.428140895228505,0.17181500600576402,-0.20944833438927307
TEST_09212,4.395222359264553,1.1913202641085385,0.42908588475522397
TEST_09213,3.0907016353714467,-0.3656607183359861,-0.6782059202713966
TEST_09214,1.5163575487624408,0.37775735754972695,-0.1808208964894712
TEST_09215,3.361749218267698,0.7199328546514511,-0.44746417472934724
TEST_09216,1.2724885832655877,0.08550734072291107,-0.3022539545401335
TEST_09217,2.590646615660429,-0.012441508976638316,0.683767254511416
TEST_09218,2.201523502741814,-1.7236975933009386,0.19116288934271036
TEST_09219,3.3991032653794884,0.3368978256378174,0.02331180970811844
TEST_09220,2.3812380254167915,-0.18616161332567782,0.2699054693143368
TEST_09221,3.066175184658706,0.09534868127727508,-0.16331894267654418
TEST_09222,1.5476100023729802,-0.37034765313827994,-0.26134008125638963
TEST_09223,4.44481819922316,-0.47475090682065485,1.1001123560624122
TEST_09224,3.0625283112311363,0.2588113254199028,1.1728342631437778
TEST_09225,2.8892155219385622,0.1502742320871353,-0.8906088246753215
TEST_09226,3.136517176054835,0.27445696301913264,-0.02004825861096382
TEST_09227,2.312717438601017,-0.6372702219119668,-0.18176523493182659
TEST_09228,2.726971428895235,0.038594116959571836,-0.6358259270756245
TEST_09229,2.7579162616832256,1.4815635511043073,0.6935394881308079
TEST_09230,4.111086895518064,1.1815935474148394,1.6780680393412113
TEST_09231,2.2449078597404957,0.6057751939783096,0.0016126626547314227
TEST_09232,1.2122206173006296,0.32111053742587564,0.3676652029448822
TEST_09233,3.756293475098476,1.9149093088570832,1.16833021686244
TEST_09234,2.5425355041365623,-0.029430249428510663,-0.03377287106871604
TEST_09235,1.5543413107528687,-0.0695087115034759,0.3352179438745975
TEST_09236,2.1592025096349716,0.009445131925106048,-0.7827304927124977
TEST_09237,1.5969128720362187,0.26225116595184805,-0.12108712449538708
TEST_09238,1.1768289226377011,0.1400416567784548,-0.23437574673593045
TEST_09239,4.9388342722962495,0.7823851989013553,1.3763332129235268
TEST_09240,2.1728162306948304,0.41766366586212816,0.3786653874708414
TEST_09241,2.6374765105144977,-1.5742658058747052,-0.334836260949105
TEST_09242,2.329197847959638,-0.9434933321316242,0.41632974341762063
TEST_09243,2.907078299678087,-1.194333203266859,0.657169450170517
TEST_09244,2.6807900597697496,0.05039590893745422,0.2308020617622137
TEST_09245,1.8858493566832542,-0.6376682323603332,0.05994404112684727
TEST_09246,5.061403080956518,1.316899723386921,-0.9442242400402725
TEST_09247,3.390918002736211,0.022089618331164122,0.49952104878687864
TEST_09248,3.7155970329203605,-0.6233146266123056,0.5302939500176906
TEST_09249,4.618686125672459,0.7334944619290829,-0.2112541549975872
TEST_09250,1.3071910101389885,-0.02124614813184738,0.1758335191309154
TEST_09251,3.0580818413100244,0.19407643977472186,-0.13011491660273075
TEST_09252,3.960136081138492,1.106962477907777,-0.11096394781827927
TEST_09253,2.7069840109779837,-0.028645285785079,0.1710176150226593
TEST_09254,3.5086193264775276,-1.5370644883028268,-0.2938481069009304
TEST_09255,2.4533188469017744,-0.3966070103240311,-0.6022763873676061
TEST_09256,3.0590920182220938,-1.4787245821692645,-0.7495792082625627
TEST_09257,1.583610632233143,0.46987805233079194,0.581180610470891
TEST_09258,4.091695297164917,-0.5678774540915489,0.5473962737984658
TEST_09259,1.644382467461288,-0.9896318113985658,0.4693349101676047
TEST_09260,1.242816660987854,-0.0722502528130412,-0.2554829370096326
TEST_09261,1.0096320292971135,-0.012006167846918107,0.14994394248139858
TEST_09262,2.06448446799916,0.31328355103850364,0.041104568347997965
TEST_09263,2.2113387693555353,0.16269448647868634,0.5271165901703835
TEST_09264,3.3813748213796617,-0.5643492477554679,0.8861304358900786
TEST_09265,2.0387568577742576,-1.0976558051844836,-0.8604909663267135
TEST_09266,2.8017730336877107,-0.47102938410377504,0.6182412375999093
TEST_09267,3.0281899281798603,-0.22919673584222794,-0.10591486951899529
TEST_09268,2.109720305486679,-0.30148731525862216,-0.011018216694593429
TEST_09269,1.9181873480402232,0.34292434375429154,-1.3135111613647938
TEST_09270,2.274997788106978,0.4652355209673047,-0.3642471646283865
TEST_09271,1.757744943550989,-0.4433791340548992,0.10211697084915639
TEST_09272,2.0832202554596067,-0.4829192090628147,-0.5519948666279316
TEST_09273,2.227970585228443,0.520771649491787,-0.16436843611097335
TEST_09274,3.4961953662822247,-0.7827492645044327,0.8211418186890483
TEST_09275,1.9295907804038526,-0.38155160599571464,0.1023745518295169
TEST_09276,2.0085763934488297,0.1462566857174635,-0.0674201894184351
TEST_09277,3.5162501129379273,0.703170572437048,0.30162497935163973
TEST_09278,3.148376582177401,-0.40538671182857455,0.19267561246490478
TEST_09279,4.7644507531712055,-0.03859126848077774,0.40718462015104295
TEST_09280,3.005776513988018,0.6821751926778555,0.7669679144774675
TEST_09281,1.8088695027395487,1.2347879899967908,-0.1333407448486164
TEST_09282,2.2589225304312928,-0.3493324951517582,0.42367506073486805
TEST_09283,2.663045914655209,1.2213957205902337,0.3831198128588498
TEST_09284,2.4249900338709356,0.2081172829978466,-0.14320649195957183
TEST_09285,1.5882444297215939,-0.012881457233339548,0.244715819129169
TEST_09286,5.110563466186985,0.8114989421871305,0.6963185110563039
TEST_09287,2.65445121033442,-1.3645097094818355,-0.3815750379093885
TEST_09288,3.349871718238592,0.942674544238776,-0.6997263355149627
TEST_09289,4.221668015004873,0.04309430077680945,0.8289617754073739
TEST_09290,1.8269246702709199,0.12462755112397672,0.28951048281407354
TEST_09291,1.5493208073655367,-0.2960612997722626,-0.40534397918769716
TEST_09292,1.2421442831556797,-0.08520977090871334,-0.08189923616963625
TEST_09293,1.1114630468250513,0.14168056418514252,0.1225939632120505
TEST_09294,2.2585519534801244,0.496804399394989,-0.6712072642877102
TEST_09295,3.0626958255281447,-1.1293674166009426,-0.4108502485605478
TEST_09296,1.0052621247726679,0.5860108277645111,-0.3705217659074068
TEST_09297,1.9590396231701375,-0.14944828477931021,-0.2982919972085953
TEST_09298,4.392025141340829,-0.9883102855359316,-0.6122505989404321
TEST_09299,1.7260253566545845,-0.33027952546465394,-0.3305989720279872
TEST_09300,2.8851135722676515,-0.4405024283359051,-0.12394634504076837
TEST_09301,2.110731483566165,-0.44083342896264793,-0.4527538508305103
TEST_09302,1.3934802971234321,0.30573626064026355,0.3621496011826992
TEST_09303,3.243770507320881,-0.210285500446558,0.11265500765025616
TEST_09304,2.617345198932171,0.042094811967849734,-0.13126211987662315
TEST_09305,3.3975320633147956,-0.24325099328923228,0.019672099320411682
TEST_09306,1.621046725015521,0.4470814533804655,0.1807071168205738
TEST_09307,4.241939090280295,0.14427380596733094,-0.7053746947541832
TEST_09308,1.9444230765211583,0.5108321915817261,0.04826917328612507
TEST_09309,3.0066522887905838,0.8161743093451089,0.08442467112261057
TEST_09310,4.448152686335325,1.4839845716426223,0.6255078086607456
TEST_09311,3.0349226869033576,-0.6351006933832168,-0.4983362939153314
TEST_09312,1.4435718612935544,-0.053962261902809144,-0.0033477053554058084
TEST_09313,2.1953900987114907,-0.9815761594798564,0.5738547924584001
TEST_09314,3.354992798256874,0.5333591851978302,-0.6366464603813886
TEST_09315,1.3703473811427356,0.6919155406445563,0.33973551351994274
TEST_09316,4.518186873183489,-1.87495201162529,0.431166287589116
TEST_09317,1.6413552597455978,0.1017241891412735,0.4469831843610406
TEST_09318,2.2344233282120824,0.18228447514533996,-0.8020330492357015
TEST_09319,4.27867954189235,-1.28974222262758,2.307674103218436
TEST_09320,3.9346885565266607,0.3287905390021205,1.1015687069616318
TEST_09321,4.767906073407024,-2.4838004537894727,1.584748838855803
TEST_09322,3.502071039143324,-1.7185732995423972,-0.6897107977446914
TEST_09323,1.3119399187800884,1.037610800952196,0.33243771032571795
TEST_09324,2.244796776706934,-0.2500909587790966,0.5537482189006805
TEST_09325,2.511334199791968,0.4691646867996454,0.32415779496109487
TEST_09326,1.386746568517208,0.350261783842504,-0.17452909040379525
TEST_09327,4.652754958241463,0.013841867772817613,0.07304348119360209
TEST_09328,4.719748265841603,0.5021154990971088,0.2797672307988405
TEST_09329,2.0995495749020576,0.31401926419520376,0.09175148396813869
TEST_09330,2.7555910754130184,0.04608878503382206,0.6451337157677413
TEST_09331,3.1247912807403804,0.26216995102119445,-0.5170677864198685
TEST_09332,4.475058616902113,-0.73714559740901,0.2370591287561655
TEST_09333,3.0206722919194697,0.08622982584667206,-0.04200352360343933
TEST_09334,2.973300630748272,0.4049291547487974,-0.131824394518733
TEST_09335,4.177877910577178,0.5607969748082161,0.03877277025687695
TEST_09336,2.6049905515854612,-1.1001149835513233,-0.3815791792088747
TEST_09337,1.864995341132164,-0.22746626025009153,0.8820289982019514
TEST_09338,3.1702157976130247,-0.11572796217644216,-1.0738018824888467
TEST_09339,1.1300916347103118,-0.15430137093734742,-0.2873025853470564
TEST_09340,1.0445958082721234,-0.23780271433305739,-0.1064315778318122
TEST_09341,3.56733219738093,-0.21199503799510003,-0.26553688536429404
TEST_09342,1.6851785816736817,-0.6039341948721408,-0.16079807840293645
TEST_09343,4.35440297307086,0.18864299350613356,1.3622935069456101
TEST_09344,2.0393143454602956,-0.6773351946800947,0.3905051296796799
TEST_09345,4.056264999573231,1.6405242037070393,0.45847933637120575
TEST_09346,1.9890570760295392,-0.3250610858878493,-0.5117172566119135
TEST_09347,3.6791786498606207,0.35908845927523075,0.4606544828718901
TEST_09348,2.7448849666152,-0.6738726434235572,0.3149521296458244
TEST_09349,4.168518719675321,1.571024719866276,-0.8875130540444851
TEST_09350,2.3371919402186276,-0.7343464262378812,-0.3923193799354434
TEST_09351,1.7430968269109726,-0.24393366488075258,0.20712801781982185
TEST_09352,2.942186197537124,0.8905365485217571,-0.6832406638941765
TEST_09353,2.829743124111652,0.20114846754837035,0.7734249433563948
TEST_09354,1.0936240724344253,0.11262659688460827,0.11862770995882153
TEST_09355,1.8463587809935211,-0.941574654602766,0.36737752375140786
TEST_09356,3.935739253712833,-1.602965306869507,0.3073092531223297
TEST_09357,3.0462168182816507,-0.5646888892204761,0.36284977496886256
TEST_09358,1.4586588485107421,0.19462525056231023,0.4531143972489834
TEST_09359,3.746254621362388,-1.6906941376821996,0.7671276225355268
TEST_09360,4.476520984940767,-1.6220785537407398,0.19448406802821158
TEST_09361,1.4853540884428025,-1.2511579997625015,-0.012877552271939815
TEST_09362,2.5840360062196255,0.13054694190728663,-0.3983338931186795
TEST_09363,3.946773106233597,-1.3514285401682853,-0.5917128958128691
TEST_09364,2.2399737175631524,0.2248191169102788,0.4796457843499184
TEST_09365,1.12355336153996,-0.1622127395762205,-0.3556467454724312
TEST_09366,3.545123979279518,0.05986336896419525,0.030846790279626845
TEST_09367,1.2557991214671136,-0.05723547568053007,0.24561928154355286
TEST_09368,2.9300032704750896,0.9410095651948452,0.17069923469161988
TEST_09369,2.3991229886040686,0.43244224014878274,0.350016018466115
TEST_09370,0.8304776513621807,0.26845471124577525,0.20570226253080368
TEST_09371,1.610058241599679,0.07681668489021062,0.3836949797054827
TEST_09372,2.1475602395290134,-0.5719277087269723,-0.5672709978871345
TEST_09373,2.4368784726120234,-0.44276338784742353,0.23363356666082144
TEST_09374,3.4126567028275727,-1.2416551703777314,-0.626827361591816
TEST_09375,1.0528497251653672,-0.2881861368730068,0.17051376023674011
TEST_09376,2.4879232852777244,-1.040063015748501,0.6580449606304765
TEST_09377,3.826778710880086,-2.0737124322128295,1.489158128738165
TEST_09378,3.121115161316395,-0.8070539817433358,-0.16379778334218265
TEST_09379,3.04262350041461,-1.0039761132712364,0.7209375353062153
TEST_09380,2.328006752735615,0.2039493408920467,0.09989796520340442
TEST_09381,2.355721136229217,-0.4339826003456116,0.1871483316389867
TEST_09382,1.9038673228039742,-0.2923026013482809,0.4895181241564751
TEST_09383,3.713786443111576,-0.5485480369234085,-0.6935931414780617
TEST_09384,2.444156399613142,0.13658042033052445,-0.04131016876578331
TEST_09385,3.5631920947449207,-0.14566023479247092,0.8477546307376027
TEST_09386,2.8214677613056303,0.5086403141512275,0.503058360898137
TEST_09387,3.0252022622745036,0.2397278268765807,0.5944145462527275
TEST_09388,2.8551059235330913,0.3854136110751778,-0.5821520470727757
TEST_09389,3.2844749544496534,-0.5074943874547482,-0.7295789029983282
TEST_09390,3.9987584157484175,-1.4326181953730583,-0.7319877605215311
TEST_09391,2.6942988932730705,0.41859848309886455,0.5783464658424258
TEST_09392,1.0462025818431377,-0.18791559219396115,-0.2782142408657074
TEST_09393,2.4038028245859144,-0.9003686421688795,-0.48243619790673253
TEST_09394,3.358713002454907,-0.4457545984787792,0.09068853123798966
TEST_09395,1.2660953904880285,-0.40055351266301426,-0.26351572225385905
TEST_09396,2.698439920080662,-0.08681000912809372,0.2653061804652214
TEST_09397,1.373346150817871,-0.02725994640827179,-0.00020806522274017386
TEST_09398,2.36406828801322,0.724631553999424,-0.021968226331889627
TEST_09399,3.560510404028654,1.7752206255663037,-0.418530088255994
TEST_09400,1.6683288541307448,0.2822985088567734,0.4708228392525911
TEST_09401,3.37495570620358,0.5299781229813695,-0.7613992460072041
TEST_09402,3.198421777794182,-0.947856845960319,0.27101365135371686
TEST_09403,1.6904101730394363,0.4531491204884052,0.23264290828335285
TEST_09404,3.2375656575512886,-0.41482030239486695,-0.13290244402897358
TEST_09405,1.2639232712037562,0.649665480358243,-0.1529838193642497
TEST_09406,4.92206908067032,0.5701298567581773,-0.8169645409737826
TEST_09407,3.5760291391829253,1.159837083791733,-0.21861417993688584
TEST_09408,1.8158110236432552,-0.625678846935153,-0.5722447584686875
TEST_09409,1.4667316257407665,0.6600048847775459,-0.09322076512444019
TEST_09410,2.2751873286623954,0.7113336417999268,0.4649894594004155
TEST_09411,2.4074418293483855,-0.08959486655199528,0.23099994122409823
TEST_09412,4.953489486354232,-1.112186551666379,-0.2902105225969851
TEST_09413,3.04498068022877,0.648415038506031,0.08228264920330047
TEST_09414,1.7256659940810204,-0.8310792592298984,-0.35941094667363166
TEST_09415,2.679928066408634,0.18363350306594373,-0.16181287585878373
TEST_09416,2.6089528220757248,0.05184018981969357,0.9485286604999303
TEST_09417,3.838929529296279,2.3201245233083965,0.6016356103147864
TEST_09418,4.426314017803758,-0.049960247301995754,1.450701690406084
TEST_09419,3.1362175950477122,-1.367814085066557,-0.1775435628026724
TEST_09420,1.7587237503629922,-0.7088310437024459,0.36906327858299015
TEST_09421,2.092473755357146,-0.4462080975145102,-0.3285138012421131
TEST_09422,1.4577525094046593,-0.52430119368577,0.4272206851439476
TEST_09423,3.901459723841369,-0.3024923691548705,0.47127690736514327
TEST_09424,1.357003785762906,0.07716395823848247,0.3472418268025517
TEST_09425,3.6031614238955973,0.805720627779007,0.5488285930450708
TEST_09426,1.895901367278695,0.21774059817516803,-0.7984497963341475
TEST_09427,3.319698079005003,-0.5994015882590413,0.1892204530813098
TEST_09428,2.596909675667286,-0.33293004499435425,0.030514680437803268
TEST_09429,4.129774928201914,-1.0808035571768284,0.22205995888650418
TEST_09430,3.3695602011048793,0.7419616857442856,0.6720691778442561
TEST_09431,1.7285198343253136,0.639171071107924,0.18522416241526604
TEST_09432,2.661442405022383,-0.9206598788605929,1.1699721009534
TEST_09433,2.5851017465295194,0.0499715300116539,-0.005935952540874478
TEST_09434,1.9098828323283195,-0.4176712982251644,0.18330655770412832
TEST_09435,1.3964776469202043,0.25942230780756476,-0.43485391580551863
TEST_09436,4.499498504320622,1.8993894997742473,-0.0032347645154595372
TEST_09437,3.4176297289401294,-1.4884691946923734,-0.7018926884171367
TEST_09438,1.2987386503303051,0.012875666947960853,-0.45104634405195715
TEST_09439,5.919982989037156,-1.694695453457117,-0.10855738842508197
TEST_09440,2.486436226866722,-0.6739621507315077,0.0376490143315047
TEST_09441,3.170849084861517,-1.1782269337649942,-1.028862900865078
TEST_09442,0.4660729611644745,0.35436727910029886,-0.19161265414595605
TEST_09443,2.5198049666337967,-1.5918790339841247,0.9098610989175439
TEST_09444,1.9938555139312744,0.0447744358932972,-0.10097136207067967
TEST_09445,2.77598323386693,-0.303131599462986,-0.07403254976743459
TEST_09446,4.356813377755463,-1.2693169006340503,-0.4339347823278904
TEST_09447,4.95273915583992,-0.6664731033639908,0.8171133455181718
TEST_09448,2.656187260544777,-1.3421397238491177,-0.09947671080477535
TEST_09449,2.4456093214874266,0.02932337664294243,0.24522520650339127
TEST_09450,3.1354329321300685,0.6431046099171043,0.8233665594210029
TEST_09451,1.4237562487496138,-0.22197868733090162,-0.26431034567492456
TEST_09452,3.2123010239157677,0.9886165741918683,-0.23089833339506388
TEST_09453,1.0948103564132452,-0.03884780608856678,0.29673983434022966
TEST_09454,1.5206702549313307,0.5196550001026392,-0.09936917572599649
TEST_09455,2.3015302738353016,0.6642814309516102,-0.5672788075588941
TEST_09456,3.199356124420166,0.21567581907320021,-0.063018285946846
TEST_09457,3.1707033799752,-0.14931603853178024,0.5907728264143467
TEST_09458,5.555648221816778,0.3277930242968798,-1.1719363399169445
TEST_09459,1.3425429245791436,0.5797112731338739,-0.4108082461872995
TEST_09460,2.7177453711469175,0.5084659616633952,0.25081194784119726
TEST_09461,2.433757242628813,-0.483034414937973,-0.3609685670210123
TEST_09462,1.925857988382101,-0.234967493295908,-0.19322853291279077
TEST_09463,1.9311177248312532,0.5500680821949243,-0.25498582877987624
TEST_09464,2.833385692080259,0.13249853603342177,0.1843489137145877
TEST_09465,3.0724275307267903,-0.5464497411215306,1.629950391728878
TEST_09466,2.522318185277581,0.43913351494669917,-0.1254413061567247
TEST_09467,1.1614092110979557,0.22838631004333496,0.12647061616872252
TEST_09468,3.4323843172135353,1.3347793385926485,-1.142988239738822
TEST_09469,3.67313142647481,0.5468828537993431,0.5064294944992065
TEST_09470,2.776021565327883,1.5331842057828307,0.12115239252769947
TEST_09471,1.069548100738287,-0.36775851516246794,0.025172983901381493
TEST_09472,3.3471827824524643,1.4374509730077982,0.1674198251798153
TEST_09473,2.61134237380749,-1.4302888956830502,-0.32719791403365134
TEST_09474,3.6058690690177677,-0.4953622329639197,-0.14261695449101924
TEST_09475,1.715606421214342,-0.052739397120237355,0.29768047026479244
TEST_09476,1.8380783070101738,0.6797143575077057,0.0432111009889543
TEST_09477,3.7363874662355183,-0.3858772348153591,0.4297290365872383
TEST_09478,2.784085765085101,-0.035222137956738474,-0.5064973308873176
TEST_09479,5.162714272733688,-0.5027675047895908,1.4282739505300521
TEST_09480,3.9952073267068267,0.22456741425073146,-1.416352221976757
TEST_09481,4.78048757034564,1.7717242597551346,-0.5678171638436318
TEST_09482,1.3173176947903633,0.07041144460618495,-0.3352221067291498
TEST_09483,3.9829593262457847,-2.2384156189429163,0.6017558142827153
TEST_09484,3.320714925462484,-0.15671423978695273,1.080215761854887
TEST_09485,2.083244069704354,0.1607311802368164,0.37060936350905893
TEST_09486,4.766140874384575,-0.45026455196863413,-0.3986661849295497
TEST_09487,2.816958864217997,0.8531895893549919,-0.43970162309360505
TEST_09488,4.958287439611912,-1.2865702784638404,0.559424848864317
TEST_09489,3.4649377730350492,0.03263229776799679,-0.16488597158026697
TEST_09490,2.386764266294956,0.16029602130293846,-0.22102310514354706
TEST_09491,3.358560160228014,-0.22630357448542862,-0.14072928141975402
TEST_09492,1.3020516099162103,0.39642208236396315,-0.002253456683710218
TEST_09493,1.1022908764708041,-0.12551965232121945,-0.06720281908470392
TEST_09494,1.6548074750500918,0.9706801085585356,0.6671752681069673
TEST_09495,1.7075777911925316,-0.5154062579228696,0.020884023017704485
TEST_09496,2.3726748633410932,0.9352623305263519,0.4014508956902027
TEST_09497,4.059222520222187,1.5080562291898727,1.2961888731291293
TEST_09498,3.8196214173438174,-1.2240597825450896,0.7156587996724844
TEST_09499,2.9778036656337976,-0.04233532850921154,-0.8838004270540476
TEST_09500,1.7023900911340712,-0.03195905483347178,0.2067135302836895
TEST_09501,3.0878905524683,-0.5418039775862098,-0.15710373878991604
TEST_09502,1.7941092972872184,0.2707509907478094,-0.3291435613489747
TEST_09503,3.874626303745866,0.31885492353868483,0.4799795251777172
TEST_09504,3.040300277425766,-0.6879575272250772,-0.6596053370165825
TEST_09505,4.156285436109782,-1.123233071781367,1.9755632234366536
TEST_09506,3.169553146497786,0.3966257526255846,-0.8448650759080648
TEST_09507,2.2313088518794775,0.48717771363520623,0.43701171167993547
TEST_09508,3.0671325115262715,-0.1664932787976265,0.4892582103378773
TEST_09509,2.136242374332994,-0.2525745162200332,-0.320569972691454
TEST_09510,2.733889642690301,-0.8527043027046919,-0.42568040456941725
TEST_09511,2.033949472434759,-0.4397687397602201,0.13514896601390838
TEST_09512,2.1057457974750995,-0.7952417785897254,0.8041938051047027
TEST_09513,2.2406985022480486,0.10211169378566742,0.3291827356980592
TEST_09514,2.4101835189688208,-0.1054370092935562,0.10774120189523698
TEST_09515,0.9557671873537302,0.08685836136168242,0.22707673860180377
TEST_09516,4.777727526543736,-0.7191576797480583,0.7665690761026144
TEST_09517,2.104328421406269,0.5919913536446094,0.589823919162333
TEST_09518,2.2043896409841777,-0.34207302212834356,-0.5346372278696299
TEST_09519,4.462091840505898,-0.43241160685449836,0.8520693654617071
TEST_09520,1.449477035870552,-0.860183636341095,-0.3519791134349108
TEST_09521,3.392700966515064,1.4363548524154424,-0.8765326739379764
TEST_09522,3.977484380227476,-1.4213639730000496,-0.021892671323239802
TEST_09523,1.8402393523892164,-2.142758237274304,-0.2855447921465039
TEST_09524,3.136582611639261,-0.5187824265937805,-0.9963486297898292
TEST_09525,1.8996621934751272,-0.007747647374749183,-0.3791352334468365
TEST_09526,3.338087280055374,-0.5748212851064205,0.2925779669919014
TEST_09527,4.8204779775247575,1.6458605482292175,-1.0148083414411544
TEST_09528,2.025486015242815,-0.47479269121444223,0.6144974867481887
TEST_09529,3.0776986407888534,0.04707439620888233,0.23640812326234578
TEST_09530,2.9864394057224395,-0.2310646417926848,0.17280394214457273
TEST_09531,1.052468393539667,0.012716642365664242,0.16863809071654082
TEST_09532,2.2364087807835342,-1.1297127355341912,-0.6405531007269025
TEST_09533,2.2743942712528704,-0.13186057124227285,-0.08698892459082604
TEST_09534,3.0458343651299478,1.1595521381754874,1.2030835014635324
TEST_09535,2.066649842138767,-0.025270428940415382,0.20770075654369594
TEST_09536,1.7848355572687984,-0.9962111545293928,-1.0091164571701288
TEST_09537,3.1881195601797105,0.913953551959157,-0.3507653859262466
TEST_09538,4.733471244068175,-0.6937641360405088,1.095706360179901
TEST_09539,2.919505372012377,0.1840391765602827,-0.04249419994354248
TEST_09540,2.7062152862827777,0.2584525001401901,-0.004763764478139579
TEST_09541,3.3647713874788283,-0.6056020946264565,1.0339237317163945
TEST_09542,1.1292886455534696,0.28682583849084375,-0.24121835395568608
TEST_09543,2.1187204060082436,-0.34091026490706205,0.34074749331545084
TEST_09544,2.2008589847387077,-0.17209289016926288,0.3492427656084895
TEST_09545,4.697051005159914,1.3054002908911706,1.5099933879008294
TEST_09546,3.2096476093366144,-0.43806362374663355,-0.5066915184208155
TEST_09547,1.3261378135578632,0.12732835359346867,-0.23600586357957123
TEST_09548,3.028700260010695,-1.3585131195619107,0.5609594659510255
TEST_09549,1.6861461584386825,-0.24606440929174422,-0.5867972940856815
TEST_09550,2.7317038093498947,-0.6018760813719034,-0.6977630618685484
TEST_09551,3.0122421036233904,-0.43324745170545576,0.34736043019545076
TEST_09552,1.983368511180401,0.655675301627636,0.8035842843554616
TEST_09553,2.8368266938661337,-0.8401163224468231,0.572240540052414
TEST_09554,1.3028589670743942,0.17980720407152176,0.09278547593525052
TEST_09555,2.014141678623438,0.159971737791121,0.009145308012321591
TEST_09556,3.808582290867329,0.08884165259110928,0.4854784472116232
TEST_09557,1.163833764383316,-0.45996580686640737,0.06873729593086242
TEST_09558,1.7200997562732696,0.7766282282662987,-0.15215269198065995
TEST_09559,3.620391426319957,-1.3515408783868552,2.0846887884881498
TEST_09560,2.983254845533371,-1.5168567951781153,0.7135106959697008
TEST_09561,2.2199505869704486,-0.2721613313134313,0.621165579070082
TEST_09562,1.592718609331429,-1.124200091994524,0.5902389745735005
TEST_09563,2.3824581479575633,0.09563709058141709,-0.2834638722552061
TEST_09564,1.6605102625565529,-0.037284438667178156,0.31644559792140126
TEST_09565,2.158218080426693,-0.1191865204577446,-0.12360971784996985
TEST_09566,1.509534196587801,-0.2777125972855091,0.2891035753831863
TEST_09567,4.801241854615331,0.32058138786691426,0.14861523710772395
TEST_09568,2.7511441602326037,1.7740702682266236,-0.5120310071677565
TEST_09569,1.8379696682400704,-0.4108694833278656,0.28947731246379016
TEST_09570,1.7943205260303021,-0.23279698942810298,0.10025550202316046
TEST_09571,2.0052084512755872,-0.5241141479641497,-0.24551620723220707
TEST_09572,2.4106533374569414,1.0021104428859053,0.29008813775077463
TEST_09573,1.821475790590167,0.25881099615752695,0.42534210189649463
TEST_09574,2.724210772084318,1.1959585119113922,0.8472598405966759
TEST_09575,3.117039310506821,-0.1704192305252552,-0.824825264182806
TEST_09576,2.429130317963481,-1.2549920943431854,0.15590843533217907
TEST_09577,1.9084035718340873,-0.09841929876279831,0.0664253182799816
TEST_09578,3.8994476778164504,0.5065508571107984,-0.8196063147543668
TEST_09579,1.3787706570415497,0.9079709958751648,-0.33530573929851504
TEST_09580,2.0616156204864384,0.09634544798383117,-0.5149910641299487
TEST_09581,2.037629767557889,-0.6179200542157293,-0.7193253300293088
TEST_09582,1.6161710920827388,0.022003324372053143,-0.3120598377482891
TEST_09583,3.0889650060271023,-0.9339725163304656,0.8487013355414867
TEST_09584,2.8756448729106188,0.4110361454668045,-0.46257332365489
TEST_09585,4.428044466673955,0.9227907657883168,0.48249783447735756
TEST_09586,1.694776627743721,0.4813664161157608,-0.14398887966375798
TEST_09587,3.062727450645447,0.5407439056837857,0.5951972588655948
TEST_09588,2.5661185320117474,-0.6342086871640682,0.42713483076921105
TEST_09589,4.0283265807476045,1.4889035501194001,0.29421609445071223
TEST_09590,3.060661870638132,0.17893782947456838,0.8146337171884179
TEST_09591,2.792296218873173,0.3029584419722557,-0.36082936849594116
TEST_09592,3.6640392138924747,1.6699372634384035,1.9136018306335212
TEST_09593,3.2501471848762034,0.3401322428624034,0.7132558103744984
TEST_09594,3.590458938503653,-0.7662134369004965,0.5631336268545687
TEST_09595,2.1376645991470813,-0.23345025839799644,-0.8439814658498764
TEST_09596,3.7604365280447007,-0.44308203704333304,-0.4550401845655442
TEST_09597,3.219548221105933,2.2976717856910227,0.6265381232268811
TEST_09598,2.1577328015232085,1.026967246290177,-0.05894411176761985
TEST_09599,3.573556378499031,0.8152601585500333,2.001492296083212
TEST_09600,3.5667952314915805,0.10071528328824043,1.266762709997654
TEST_09601,1.0060041044375896,0.29863697715115545,-0.20035437888737023
TEST_09602,1.7274294689385892,0.6405811101973057,0.4434558572037518
TEST_09603,2.2930301879342796,2.0095600329322814,-0.11836276356871427
TEST_09604,2.9030085395612715,0.09387258674514294,-0.14110853398966788
TEST_09605,1.5091750803613662,0.20619264401364326,-0.3388367781264782
TEST_09606,2.1506522063434126,-0.15586617551112175,0.19817974636396765
TEST_09607,4.015119428105235,-0.11954330408406258,0.9404316746766567
TEST_09608,4.862032183419526,-0.5496697315844298,0.13306832034230232
TEST_09609,3.659277529049873,0.10422333669418096,0.16993106091284751
TEST_09610,2.6188096476550102,0.012851495084047315,0.7132454733788968
TEST_09611,2.279295845484018,-0.14377126948036253,-0.4530969732589722
TEST_09612,3.5196906718935224,-0.7723147020623088,0.36795152191348
TEST_09613,1.0159375550813676,-0.40689939406740666,0.19880895070640742
TEST_09614,2.9391182005254253,-0.8567992853279114,0.1252480502126217
TEST_09615,3.656290434570432,0.08718700330972672,0.6067657866317033
TEST_09616,2.6816931598112435,-0.35129742816883325,-0.3062113370885849
TEST_09617,3.946319531783909,1.225625186300367,1.252557374103509
TEST_09618,1.3696278590836526,0.3205853536531925,0.3715574002375603
TEST_09619,1.6053151096588374,-0.4626027660309672,-0.5434573920264989
TEST_09620,2.016624424359083,-0.19847713066720962,-0.020441642808496953
TEST_09621,3.5286168466172216,-0.004365924809932711,0.016952938088178635
TEST_09622,1.7810734595227242,0.09333014261937142,0.4181517511464357
TEST_09623,2.1188963953735827,-0.33748377569842336,0.6558658304491937
TEST_09624,3.457128509601086,-0.24775975217270851,-0.17351522065210342
TEST_09625,4.815869510028243,1.0231889847640991,0.602537238285005
TEST_09626,2.6733012575098276,-0.3303837637668252,-0.629170814142704
TEST_09627,1.9759654492433072,0.3286817881104946,0.6067293210125565
TEST_09628,1.7992820892531871,-0.1027254208226204,0.2564391707799435
TEST_09629,2.039363302399874,-0.3722998756681681,-0.7612201600686311
TEST_09630,3.826514249761343,0.8126525112059414,-0.11132267804777622
TEST_09631,2.63166290301615,0.17247166752201318,-0.07300799153149128
TEST_09632,3.20755062876752,-1.195498594783783,-0.5789117075792551
TEST_09633,1.686983611442089,-0.12340672404623032,-0.4765651785418987
TEST_09634,1.9284528158988952,0.1589410173792839,-0.3597733330245018
TEST_09635,0.8125566093794108,0.2769814822356701,-0.12923012009221316
TEST_09636,2.3751766120228766,1.0969307665641308,-0.6656520096408128
TEST_09637,3.372146054488659,0.3972304995222092,0.7051390785526037
TEST_09638,3.625348865078032,-0.12999553223347665,0.3919851791499853
TEST_09639,1.9891583499822616,0.8613117108017206,0.5879172345678806
TEST_09640,1.9692416884527206,-1.2545380727145672,0.03472823857675493
TEST_09641,4.224180396757006,1.079846400803566,0.8903087681503296
TEST_09642,1.8162256470603944,-0.38460819147878883,-0.7392251783998609
TEST_09643,0.9857057766113281,-1.0104674278811216,-0.16285377290287614
TEST_09644,2.303991942246109,0.9555278722695112,0.5148914984214306
TEST_09645,1.7716317941451072,-0.9373241342458725,0.3323305428981185
TEST_09646,3.6451693930587767,0.009899906984090805,-0.2621510894186497
TEST_09647,3.5995956415190697,1.1816458762443065,-0.39493906091248987
TEST_09648,1.2897305769269467,-0.9127048143854142,0.38320121055939793
TEST_09649,3.7668139742522238,0.009749783993721006,-0.06999174071049691
TEST_09650,2.14751807540679,0.0561075672237277,0.5073225562111139
TEST_09651,2.2237790553939343,-0.04910349089086056,0.060848067537877706
TEST_09652,5.110686605742812,-0.42960749988384545,1.1604987836154401
TEST_09653,2.3180180910561683,0.28245129219347237,-0.39965768011713027
TEST_09654,3.389346989210844,1.78588100966537,0.1874055013819635
TEST_09655,3.02855513898415,-0.22152312616705894,0.4120663076665401
TEST_09656,2.121811344540119,-0.31820485503861307,-0.8045711038561464
TEST_09657,1.8651758869121076,0.4004912501036525,-0.337791273345232
TEST_09658,2.420338812367439,-1.5656946544585377,-0.7826719398229718
TEST_09659,3.6055361422271432,0.4706995623860955,0.3151779980341196
TEST_09660,2.4278689330554006,-0.20445606774389743,0.017867298170506953
TEST_09661,3.3179578080015184,-0.30486614061784745,-0.030713289282321934
TEST_09662,2.0599674665925503,0.14091149399328232,0.29392484757074716
TEST_09663,3.0171446495985985,-0.5225497655912638,0.2990373673183918
TEST_09664,3.8284832604808807,0.008716068387031553,0.1910359407002069
TEST_09665,1.710563425544977,0.392073186537981,1.0400219732311964
TEST_09666,2.4829188327007294,0.19818324792087078,-1.205854601880908
TEST_09667,4.283918719820261,-0.43135361003041267,0.1572885718960166
TEST_09668,2.75949554037419,-0.6414556220369338,0.47215252423918247
TEST_09669,5.0606242488089945,0.9341601937350631,0.015408862628422677
TEST_09670,1.0375274009022712,-0.3862604638695717,-0.052093286776185035
TEST_09671,1.370009483681202,-0.13827427970801293,-0.02767152846992016
TEST_09672,2.515119036002338,1.5099235141478777,1.2086710010675192
TEST_09673,3.3982796593219042,-0.4256977112711668,-1.1377548297452926
TEST_09674,1.833838133327484,0.17386065854668617,-0.2713863743007183
TEST_09675,2.3819970864161255,-0.6659195674841404,-0.6363943020033836
TEST_09676,1.5556589606723785,-0.7884092530298233,-0.15243223743969203
TEST_09677,1.350483024462223,0.3046803860960007,0.1686214044573307
TEST_09678,3.4471230471544265,0.7950912232290507,-0.9204325862219334
TEST_09679,2.37057498986578,0.6466251861453056,-0.22992819447749108
TEST_09680,4.44325059460479,-1.8904102206282616,-0.2216411934030056
TEST_09681,4.610182204136357,0.3734560522406101,-0.19325735231125354
TEST_09682,2.595612898827851,0.7375382303960323,1.3182064388308525
TEST_09683,1.3945895269880295,0.4049049908226132,-0.4305465776721835
TEST_09684,3.695158584968567,0.9710214275450706,0.24081533686357737
TEST_09685,0.8776916222646236,0.11910442408633232,-0.1768325055567734
TEST_09686,3.402868316783428,0.950390622197032,0.3609246442362517
TEST_09687,3.500402700051904,1.0926357805564404,0.4768221993806958
TEST_09688,5.345945387525082,-1.1977068641918376,0.6532030919306874
TEST_09689,3.8201288627088665,-0.1345879921219349,0.344110837670207
TEST_09690,2.107511982503653,0.5090808316998482,-0.33097957841563225
TEST_09691,3.360877914685547,-0.34942139660072324,-0.3762968850582838
TEST_09692,1.241848554313302,-0.18451139154094456,0.1479642897863239
TEST_09693,3.2540179159932134,0.6222543536938131,-0.5521649819595814
TEST_09694,1.1237732277693748,-0.5619981969395876,-0.2739507179864645
TEST_09695,1.99544143187654,-0.07981052920651435,0.48745998704600335
TEST_09696,3.0302526469009816,1.1240432661243678,1.8968669421123265
TEST_09697,2.998509234107077,0.36151480371928213,0.06432361028945446
TEST_09698,1.7918580194182396,1.4159852209523915,-0.3568018587957025
TEST_09699,4.69233681961797,1.4384132129760385,0.5837143320784867
TEST_09700,1.957446505802691,0.523139766306758,0.5224907462159395
TEST_09701,3.0162984134935735,-0.07183445389699936,-0.18690392308402062
TEST_09702,1.713081230158329,-0.5061477159619331,-0.1253098187890649
TEST_09703,3.0090950874750018,0.7655237591374516,-0.22236494856369496
TEST_09704,3.489590014870584,0.32138056890439987,1.0495238865772485
TEST_09705,5.6523571191580295,1.0095476365575193,-0.37679630908942224
TEST_09706,2.8757841298301816,-0.6064138333075046,0.48072135905385016
TEST_09707,3.6156317740575075,0.07300379497259855,0.40107384638786314
TEST_09708,1.5272741181698442,0.6616015707064867,-0.4483749295067787
TEST_09709,2.4595495530227423,-1.2752033118851185,0.06988865350821614
TEST_09710,2.9502608900270464,0.049323971197843555,0.9312120144382715
TEST_09711,3.071671538372874,-1.0043042490811347,-0.7038661821266413
TEST_09712,1.8214955364863872,0.3961829187859297,0.16481692652195692
TEST_09713,1.7659680301165581,0.1721843748831749,0.24143394872280954
TEST_09714,2.6006931198693515,-0.16716853506493567,0.10718685350644588
TEST_09715,2.286995732203126,-1.1668032895627916,-1.010074246378243
TEST_09716,3.4439200572612285,1.6009730081324578,0.05446624392831326
TEST_09717,3.243676364280343,-0.7130855996290445,-0.364035769644022
TEST_09718,1.592699975349188,0.9082557639785857,-0.1615237509123087
TEST_09719,2.8181645810069145,-1.3569598731125183,1.180983708578646
TEST_09720,2.8189040763115885,-1.7841643206653,-0.8605485047340468
TEST_09721,4.130081119804025,1.092325646885872,0.5240684965971112
TEST_09722,2.6966921475147605,-0.4970737805871367,1.5381523898408413
TEST_09723,4.246772526554108,-1.3021615084543228,0.5624917834467887
TEST_09724,2.4323961644245387,-0.02214737157464028,-0.18635567871308326
TEST_09725,1.3314423067507744,-0.3101572171612233,0.18185903742414714
TEST_09726,1.8109736867449284,-0.8693232162178457,-0.3414869070160687
TEST_09727,1.9290611709256171,-0.43745956726926566,0.25443180806348475
TEST_09728,6.241027246925235,1.8730599370937346,-0.9008396727163792
TEST_09729,1.542432992846489,0.2682018363673687,0.16166088693100214
TEST_09730,3.139195094836414,-0.3392215167530775,-0.721700553538084
TEST_09731,4.271156737512469,-0.212703207985878,-0.6301673474220038
TEST_09732,2.312656417676687,0.8316710560977757,-0.48009063374519345
TEST_09733,0.8502898512935638,-0.055993057023525236,0.02302533910740912
TEST_09734,2.630014693637669,0.37950819053572415,1.5371287088236212
TEST_09735,2.0409845881130693,0.6411148865920901,0.4345741049090326
TEST_09736,2.1389061934099196,0.008343249404907226,1.2922625620387793
TEST_09737,3.373692639490485,-0.9624956621537208,0.04844221495938301
TEST_09738,3.2486397477797864,0.5432379790943861,1.3393171793470382
TEST_09739,1.9369690090190173,0.6004229531854391,-0.022950930943995713
TEST_09740,1.4658869447202683,0.06597834926664829,0.2623135994923115
TEST_09741,2.349444783764005,0.11345751042079927,0.30775385605207084
TEST_09742,1.3013202482520192,-0.420583657989502,0.24702663178128004
TEST_09743,1.7909786943314074,0.6664460833814144,-0.24708950225394966
TEST_09744,3.939172635834694,0.05449344590067863,0.3433107312500477
TEST_09745,2.8627827533369063,-1.6412366869524717,-0.8041025809190273
TEST_09746,3.3864208177078963,0.5532727310165614,-0.7390308029232026
TEST_09747,3.505970346666813,0.32536559359371664,0.027818142453014852
TEST_09748,2.6931049109801055,0.14069569295012951,0.7194751133340597
TEST_09749,4.501778836378693,0.38613536545467375,0.7178584668664932
TEST_09750,4.863023751724779,-0.25526695522251724,-0.3940816554214358
TEST_09751,1.5230200027475358,-0.14219650176525117,0.02304195299810171
TEST_09752,3.2339186414998173,-0.8372731363762617,-1.107376326045394
TEST_09753,2.3243043832883834,-0.28325570163655284,0.19343658927994967
TEST_09754,1.9612311134271623,-0.3062057297310829,0.30645609585019945
TEST_09755,1.0709592813460826,0.16056632253050804,-0.04950902201509476
TEST_09756,2.4669122327947615,-0.04949803195095062,0.20720440791761874
TEST_09757,1.5153166875576973,0.6959650606237053,0.4217194649274349
TEST_09758,1.9620373417863846,-0.7653146964287758,0.8989236191732586
TEST_09759,3.106882765295029,1.8468523781354724,-0.2744120118498206
TEST_09760,4.2498522591335774,-1.8502385028190613,0.2847491967624426
TEST_09761,4.79313299393785,-0.2238368181695938,0.520869599727273
TEST_09762,1.7761538558546603,0.1164719640121758,0.6689174034429528
TEST_09763,1.337422971588731,1.080304855713606,0.5910552060262859
TEST_09764,1.5182999866428375,-0.008779270309925077,0.24125833961170912
TEST_09765,1.9892279453617334,-0.2928175404113531,-0.21247663429760932
TEST_09766,1.4892068634917737,0.3000749497170523,-0.07028956140507013
TEST_09767,4.422680675355375,1.0437293169845343,-0.8301899348852635
TEST_09768,1.4983402984204888,-0.3627732397236824,0.3464280380052626
TEST_09769,2.9941077221672536,0.1405503342680931,0.3334322302337587
TEST_09770,1.9920092583571671,0.26124553636598585,-0.5897195469425917
TEST_09771,3.58800315199244,-0.418375984854579,-0.05647218525356054
TEST_09772,2.991139684118867,0.48837488395261763,1.1496403621920124
TEST_09773,1.3011374611934423,0.03036371985971928,0.13687579876565933
TEST_09774,1.6345101098259687,-0.07474011455273628,0.5129337130022347
TEST_09775,3.1385543520920276,0.30764569214057924,0.6814409555394649
TEST_09776,2.1966830704791547,0.5460435931119919,1.1164641651958227
TEST_09777,2.017663020540595,0.5792350889155865,-0.2660925533020496
TEST_09778,4.848022001873374,-0.8582030960678458,0.2954577281426489
TEST_09779,2.625161089366913,-0.6413729872902035,-0.6159731682083458
TEST_09780,2.4617827105190755,0.40868280307471755,-0.2913294714308977
TEST_09781,3.2296310346798895,-0.2835863955798149,0.4303151676852703
TEST_09782,1.4920778213390111,0.3270455928877592,0.36390803450638054
TEST_09783,3.077154138834834,-0.5183409774264693,-0.8264711218879223
TEST_09784,3.858150502131641,-0.06399579891502857,0.9125460146358236
TEST_09785,4.281770150857448,0.5436161317714453,0.5964464717321396
TEST_09786,2.3717226056916116,-0.45532127447658777,0.912151531609416
TEST_09787,4.250991490121126,0.5598376517972649,0.06567661974722147
TEST_09788,2.0286521912035944,-0.19685977126824855,-0.2507701739888191
TEST_09789,4.390484892662764,-0.7655033905265332,-0.01679938439550996
TEST_09790,1.14192776682806,-0.06835397987282277,0.3469394124310315
TEST_09791,2.350854931773424,-0.04946033787727356,-0.04889436604911089
TEST_09792,2.376828453670621,-1.4683173620327712,-0.2708318867636323
TEST_09793,3.048502336301327,-1.551463150462389,1.122899466941595
TEST_09794,2.968228217197418,0.19940920841491222,0.621831004689753
TEST_09795,1.9129032494807243,-1.119457067429006,0.25141450319217146
TEST_09796,1.8792687547998428,0.26918923456287386,-0.26453911873602864
TEST_09797,2.111847436449319,-0.3051947779020071,0.493757292766273
TEST_09798,2.2471048988961577,0.280196361164242,0.7875181670634747
TEST_09799,5.47911562955302,1.14485031498456,2.079390113932848
TEST_09800,4.344511754235029,0.6035982064670324,0.5299284973915815
TEST_09801,2.018526853777051,-0.9426056892095656,-0.36318224642539026
TEST_09802,3.9888932027528288,0.0395733721717596,0.4076454463253133
TEST_09803,1.2588804406155347,-1.4935919962949007,0.17318580710372328
TEST_09804,2.224137034863949,0.18056832380104065,-0.02301221812343597
TEST_09805,2.8154020707092284,0.7748592573264838,-0.5343653964310885
TEST_09806,3.4738065630193056,0.9558770958279967,0.8907350533602982
TEST_09807,3.3044972972363236,-1.0291655153594017,0.5734365805673673
TEST_09808,5.41076659089604,0.11379490633106232,0.8175062893836498
TEST_09809,2.1575753463673593,0.6466136860128641,0.16433456767848134
TEST_09810,3.2417347275354267,0.18454445365154742,0.8989834836416245
TEST_09811,1.1036603463089467,0.46338849571371077,0.042769710887551306
TEST_09812,3.3252588471920492,-1.658039545008838,-0.2131332942433357
TEST_09813,2.8162017101311014,-0.3324125011367947,-0.17121051305913926
TEST_09814,2.66637827226156,0.9638576637867987,1.3681103756948114
TEST_09815,2.2790530819960835,-0.1911460745742321,0.1285813275886476
TEST_09816,2.5971974487285614,0.1715401591642797,0.8690890485910178
TEST_09817,3.1463309432641267,-1.6749262409090995,0.45859089584219453
TEST_09818,3.7408716040028183,-0.14753530010926724,-0.8964737417452335
TEST_09819,4.046919380616903,-0.11884440079450606,-0.10806590188712255
TEST_09820,2.4066601107099057,-0.27321197101796046,-0.3455389604935646
TEST_09821,2.204229528583169,0.31465280188250544,0.7086169062659741
TEST_09822,1.4631649612440691,0.4524825985060334,0.5088910225696563
TEST_09823,1.8948526631524563,-0.5085884487082959,0.7247936527595222
TEST_09824,3.910754295234412,-0.44067529502379893,0.37150404938459397
TEST_09825,5.287434678552449,-0.8385305712842941,-0.05118986897319555
TEST_09826,3.4794600623840095,0.32585114251494407,0.6371321795376539
TEST_09827,2.6673118748126625,-0.6672485263684989,-0.3212203270924091
TEST_09828,3.7108485392460824,-0.22765497588169575,-0.5042142920610905
TEST_09829,1.0122511149476467,0.25367143137618897,0.6637414637280553
TEST_09830,2.823967428590812,1.2978067341234685,1.1428168708628417
TEST_09831,2.9048426081166268,0.7701303280315399,-0.5307922700318098
TEST_09832,2.8492315802748203,1.2155214024842977,0.825862837229371
TEST_09833,3.559856559949696,-2.1125067662369013,-0.3528228801069856
TEST_09834,2.8529039754927754,-0.11472787042236329,0.6600039070019722
TEST_09835,1.7348397865798473,-0.6310657837513983,0.45073428414213657
TEST_09836,4.01589373578535,-0.605305471173346,1.1969789144153893
TEST_09837,2.640094532315612,-1.28195842907238,-0.19966268198883533
TEST_09838,2.8939251740753797,0.3394648024689853,1.2183128777065277
TEST_09839,3.9960801284998655,-0.7276652085715533,-0.906184097048521
TEST_09840,4.123482191138029,0.3419373835760355,1.6073879560890199
TEST_09841,1.9001735450365544,0.5866290400869548,0.17076790357528626
TEST_09842,3.750230668413669,-1.1456970925228596,-0.3671878034236431
TEST_09843,1.4919159205715655,-0.3958968231663108,-0.0662230072324127
TEST_09844,3.0281996782860756,-0.538612506190002,0.8713375653066635
TEST_09845,2.371928002098158,-0.10353653734433652,0.2033342894037962
TEST_09846,4.296297248829961,-0.7247866739783287,0.07280152116911114
TEST_09847,2.684502967083812,-0.8880794052090645,-0.44478061807084085
TEST_09848,4.459213399540663,1.4069133926491737,0.12339509511405229
TEST_09849,2.1138472153396606,0.542379468939066,-0.1244197055274695
TEST_09850,3.1844806627311706,-0.488334765414834,-0.5168340613064766
TEST_09851,2.6097695248119237,-0.021472780489921572,-0.19283552955770492
TEST_09852,4.851088157391787,0.9250407120677233,1.2507844712457359
TEST_09853,1.5073562194387913,0.08157324159792066,0.1354332071557045
TEST_09854,3.042443954202056,1.0466933002066612,-0.8450511787500381
TEST_09855,1.9531261326708198,0.8618821214345693,-0.40015395958673955
TEST_09856,2.428231865749538,-1.0464979189502002,1.2603825858638287
TEST_09857,3.8635023768091203,-0.8870932732520104,-0.5711399980499744
TEST_09858,1.6855240762650967,0.7248159303044677,-0.16941901400709153
TEST_09859,1.9919258657138348,-1.0003702079351544,0.44126864835476876
TEST_09860,2.601569145933986,-0.6570286964271851,-0.28491820849752425
TEST_09861,3.3728130438816546,-0.23814727792358398,-0.601257200805664
TEST_09862,1.4800295866234303,0.26745394467532635,0.290570017367959
TEST_09863,3.6199493974730372,-0.4941879583899975,-0.06318153214883804
TEST_09864,1.680670622710228,0.3964552631729245,-0.6357217717097402
TEST_09865,2.9694094125690462,1.5777326889255494,0.593309272254765
TEST_09866,1.6318832648847104,-0.7214615661833286,-0.35665995959515867
TEST_09867,1.8401464671313763,-0.48850260864716766,0.05046856750625372
TEST_09868,3.3837513216481208,1.0381559265868663,0.0534031083894819
TEST_09869,3.0247836575936975,1.1023319311420918,0.8774015922112465
TEST_09870,1.792693427222967,0.8512433662668466,-0.14999606449124217
TEST_09871,1.3889345197281837,0.5714589576859475,-0.10477130741637945
TEST_09872,2.987906995116666,1.0149881471512319,0.8048562418611049
TEST_09873,2.496185092051506,-1.4697227448956967,-1.1308293615093827
TEST_09874,3.312019343879461,-0.045104411389350896,-0.0494373737398386
TEST_09875,2.085094643860102,-0.14169491823872923,0.2282478186259866
TEST_09876,2.8075731442644596,-0.842933704515472,-0.06616026313834637
TEST_09877,3.4143543297829626,-1.0509871504562498,-0.6507752111868262
TEST_09878,1.9295031547539234,0.6623401208896935,0.3896015984427407
TEST_09879,4.347054300465345,-1.0634426406927109,2.023155938136101
TEST_09880,3.1290447893908024,-0.058050947126984595,0.8554178135529756
TEST_09881,1.9134781724634171,-0.9685075514273643,0.2748891353801936
TEST_09882,1.3759045278439521,0.7985442220447958,-0.03307452298800647
TEST_09883,2.5389478686299323,-0.3094514799473286,0.05025154102015496
TEST_09884,2.9541638916397246,0.5214346201902776,1.5218877347849606
TEST_09885,2.8877644591112137,-0.8517749368572235,0.43066837969499827
TEST_09886,3.0921780587592127,0.3516312931394577,0.9264000803762078
TEST_09887,1.508683085600972,-0.4143453710954189,-0.286436971357584
TEST_09888,4.807138645137578,-1.46351000800848,-0.13562818545496463
TEST_09889,3.4662453119791747,0.01631200386440754,0.0736883691945672
TEST_09890,1.0447485532088279,0.03333471294915676,0.37449326762551444
TEST_09891,2.04020090275681,-0.3970057826027572,0.19711460044932366
TEST_09892,2.3508777745071052,-0.8031958389163018,-0.08635742397157847
TEST_09893,1.792035498089671,-0.5124680194216966,0.22883069511026144
TEST_09894,1.8244296246035696,1.3972616889642477,0.6658953981103897
TEST_09895,1.8695028519830703,0.7755942492609024,0.43873671179031953
TEST_09896,2.673646655413687,0.49721958663594723,0.07771860739642382
TEST_09897,2.2903606758556365,-0.2788542070002556,0.45997581752240657
TEST_09898,2.3938125814410447,1.400854547633648,-0.6684748046144172
TEST_09899,1.7339425218983888,-0.7955380362793207,-0.29793515891103817
TEST_09900,1.5588858512386083,0.31286211798238756,0.0650645064791441
TEST_09901,2.0048718446412086,0.30514355388617515,-0.12747716782426835
TEST_09902,1.6903879366936683,-0.6302385672283769,0.44594108328545096
TEST_09903,3.8270159090250133,-0.15562752238798142,0.6172966919547319
TEST_09904,4.2487943376794455,-0.7151479223935604,0.19583644764336944
TEST_09905,1.7928587516626417,-1.414417038551867,0.4809760159955025
TEST_09906,1.3738948799958228,-0.4912167644639611,0.19959779519158602
TEST_09907,2.0091896635105613,0.7003421123008793,0.1819656848465763
TEST_09908,1.7969452675681115,-0.5917979739692211,-0.22055129691648484
TEST_09909,3.761031131720543,0.2712002636419535,-0.38334966134524345
TEST_09910,5.0227396253618,1.3331728849618434,-0.527625723326683
TEST_09911,2.8854061251134873,-0.5245615532152652,-0.23336524982392787
TEST_09912,2.5415309587376567,1.6366361107822656,0.10395989499324561
TEST_09913,3.6697245268808603,-1.1697423481695652,0.11731449535870551
TEST_09914,1.5448830261280537,-0.022654952272176745,0.07439568217629194
TEST_09915,0.7735732284553051,0.23422930688905713,-0.09664016196203232
TEST_09916,2.412842897005558,0.08510649489843845,-0.7013372687183619
TEST_09917,2.32703343913126,-1.6869094607722759,-0.22946124597787856
TEST_09918,2.3497100936058537,-1.4033606035661026,0.9715619526294768
TEST_09919,3.93182062047863,-0.7809869370033741,1.8946475104148388
TEST_09920,2.9539201399860384,-0.4007247304980755,0.22874709121525288
TEST_09921,2.135582388832569,1.1074078823809623,0.23635458168241383
TEST_09922,1.3544635347735883,-0.41385536096835135,-0.3875610742771626
TEST_09923,3.256800210691333,-1.0634018681875468,0.6496049251196384
TEST_09924,1.6904736005811691,0.10881757597196103,0.49422078564035893
TEST_09925,2.0410394980188813,0.7097872661560773,-0.49047346690994503
TEST_09926,4.580283303148508,-0.7522619169282914,-0.1591498635714054
TEST_09927,5.101780447262347,-1.0088835292702913,0.8907355150752664
TEST_09928,0.9514252600147725,-0.34358181551271677,0.20722252590164542
TEST_09929,1.5841859214982987,-0.16541797314047813,0.10372284582760558
TEST_09930,1.8842945123782158,0.4010910733407736,0.24678890465313197
TEST_09931,2.523413975260496,-0.07218598793059587,-0.21528631320793182
TEST_09932,1.4073882447963952,-0.17970286874359845,-0.5642007477995492
TEST_09933,3.172643790259838,0.0356519687666893,0.4337954318421483
TEST_09934,1.658457513568163,0.6957303474071324,0.7065952255735993
TEST_09935,1.614278775099516,0.7340984576464593,-0.3137618265421391
TEST_09936,2.7671303462031185,-1.4084358293718398,1.6045872652450353
TEST_09937,1.144998568557024,-0.1561689179648161,0.532539871570468
TEST_09938,4.90441484918952,1.438115417593956,0.3822759142090082
TEST_09939,4.092553872271478,-0.6028093971754312,1.2517317684605123
TEST_09940,3.2545250646305086,0.2788270240579844,-0.6978332707798481
TEST_09941,2.211378312696457,-0.5790925729200244,-0.548844037108481
TEST_09942,1.665491830084622,0.06814189272934199,-0.23525411222887038
TEST_09943,4.13292357581532,-0.9557196059821547,-1.0215106510793566
TEST_09944,1.807161395447254,0.4366685273063183,0.4508661006972194
TEST_09945,3.782204443772584,0.607365325356707,1.206097231683731
TEST_09946,2.062063734842181,0.21032097501778602,-0.4741635767053366
TEST_09947,3.9640350361483097,0.009920909437596798,-0.10044389048981667
TEST_09948,2.839687373621702,-0.5605274346385598,0.7295559752551913
TEST_09949,4.474987545458436,-0.03584841158378124,1.3272744114284516
TEST_09950,1.978968077401161,-0.48631272867667674,-0.38605762129080295
TEST_09951,1.6844765552330017,-0.6666133133039475,-0.13475237731063366
TEST_09952,1.1832226885914803,0.28395413063079117,0.47945004458628593
TEST_09953,2.5110085084907414,1.0441537662479878,-0.8328673309500217
TEST_09954,2.8289756446188687,0.141617162042737,0.27810911550319195
TEST_09955,1.305875784837246,-0.5013678147622347,-0.15836282761883735
TEST_09956,1.962849660836935,-0.7810945449877977,0.03202382675534487
TEST_09957,3.421089557680488,-1.2280094194176197,-0.4040487691691518
TEST_09958,2.9302637534434797,-0.4561069495950341,-0.5954704158326387
TEST_09959,4.718842125452474,1.200885307154596,0.003440135041214526
TEST_09960,3.0114489023714066,0.8278463181393146,-0.10634398505407572
TEST_09961,3.2523365894482135,-1.072644591672778,0.8729939271126389
TEST_09962,2.86346797476697,-0.8172859130562544,1.1252082807444335
TEST_09963,3.627163067780495,-0.2952036550650597,-0.23807155482053755
TEST_09964,2.842867820355415,-0.07887556537008286,-0.46178027123856547
TEST_09965,0.9395736828861236,0.3547469324312508,0.2257024799721837
TEST_09966,5.048223721381903,-0.8872594875063896,0.5905364575516582
TEST_09967,4.053272149999797,-1.0907830832209289,1.2933409817336798
TEST_09968,5.160132670033335,-1.673229612142563,0.8117960114202202
TEST_09969,1.9198696235599517,0.6246008294543028,0.14193546170723437
TEST_09970,2.2179346608285906,0.23057337738656997,0.4628236026943922
TEST_09971,0.728523724856019,0.11395854058536888,0.04491385488212109
TEST_09972,2.2812895284121035,0.02053849346613884,0.5874590814826749
TEST_09973,2.9547709383628367,0.23510188302075863,-0.14162293924570082
TEST_09974,2.819041356739044,0.9314115074168444,0.8764701630787849
TEST_09975,2.0525958649857343,-0.5897018638935089,0.3033309775210768
TEST_09976,0.9120412654625177,0.07680926965582371,-0.18413968410429357
TEST_09977,1.088346517263174,-0.2492954200088978,-0.1525204246213436
TEST_09978,3.121660286808014,-0.5588367297263146,1.0967088159565925
TEST_09979,3.6097915542506573,-0.4583336989512444,-0.21348211843836307
TEST_09980,3.197060426816225,1.0221245116112232,0.6286637496984601
TEST_09981,1.1028460734095573,0.2450441036081314,0.16804223501127957
TEST_09982,1.3936403151533603,0.27407381308841705,0.3469670660482645
TEST_09983,1.0011255948982238,-0.08948031513726712,0.11746009529745578
TEST_09984,0.7799231084780543,0.1976721164216697,0.040192673619419333
TEST_09985,4.1342398982886674,-0.3574464149493575,0.9753619526117444
TEST_09986,2.3257750086413167,0.41728032215690614,-0.8486410649795533
TEST_09987,1.5501053838009835,0.512179076785326,0.6040473800114989
TEST_09988,2.013145554186344,-0.06704146419775486,0.19319382166469098
TEST_09989,3.284243537217796,1.6163946849724053,-0.6032065866620541
TEST_09990,2.703767360015392,0.614294375462234,0.627062764377594
TEST_09991,2.7442896241548063,0.42609558547890186,0.5474390355492831
TEST_09992,1.653466504171133,-0.611388634779334,-0.818030543045044
TEST_09993,2.7842422918457985,0.9899025495501161,0.8716907619991302
TEST_09994,1.5048075641366243,-0.24539814752769468,0.3879350489077568
TEST_09995,1.097201293956518,0.4505599728519917,0.3748350574204475
TEST_09996,4.498132906016402,-1.4856498890837133,0.764469657009989
TEST_09997,3.089768914475918,0.6343997164921761,0.6880908568693399
TEST_09998,1.4073870242581368,0.5984672290267349,-0.3937604565334916
TEST_09999,4.23702078118062,-0.2302840491683036,1.6548102135142089
TEST_10000,1.0358453720541,-0.2558498658173084,-0.07329353068119288
